1990,"GISP2 Automatic Weather Station, Greenland, 1990 Reader format three-hour observational data.","Antarctic Meteorological Research and Data Center, 1990: GISP2 Automatic Weather Station, Greenland, 1990 Reader format three-hour observational data. AMRDC Data Repository, accessed DD-MM-YYYY, https://doi.org/10.48567/a3x8-0a53.",https://doi.org/10.48567/a3x8-0a53,"<a href=""https://www.nsf.gov/awardsearch/showAward?AWD_ID=9015586"">9015586</a>, <a href=""https://www.nsf.gov/awardsearch/showAward?AWD_ID=8818171"">8818171</a>",Charles Stearns
1990,"Klinck Automatic Weather Station, Greenland, 1990 Reader format three-hour observational data.","Antarctic Meteorological Research and Data Center, 1990: Klinck Automatic Weather Station, Greenland, 1990 Reader format three-hour observational data. AMRDC Data Repository, accessed DD-MM-YYYY, https://doi.org/10.48567/wsqz-2s37.",https://doi.org/10.48567/wsqz-2s37,"<a href=""https://www.nsf.gov/awardsearch/showAward?AWD_ID=9015586"">9015586</a>, <a href=""https://www.nsf.gov/awardsearch/showAward?AWD_ID=8818171"">8818171</a>",Charles Stearns
1990,"Barber Automatic Weather Station, Greenland, 1990 Reader format three-hour observational data.","Antarctic Meteorological Research and Data Center, 1990: Barber Automatic Weather Station, Greenland, 1990 Reader format three-hour observational data. AMRDC Data Repository, accessed DD-MM-YYYY, https://doi.org/10.48567/tf7q-y643.",https://doi.org/10.48567/tf7q-y643,"<a href=""https://www.nsf.gov/awardsearch/showAward?AWD_ID=9015586"">9015586</a>, <a href=""https://www.nsf.gov/awardsearch/showAward?AWD_ID=8818171"">8818171</a>",Charles Stearns
1990,"Kenton Automatic Weather Station, Greenland, 1990 Reader format three-hour observational data.","Antarctic Meteorological Research and Data Center, 1990: Kenton Automatic Weather Station, Greenland, 1990 Reader format three-hour observational data. AMRDC Data Repository, accessed DD-MM-YYYY, https://doi.org/10.48567/gn61-t392.",https://doi.org/10.48567/gn61-t392,"<a href=""https://www.nsf.gov/awardsearch/showAward?AWD_ID=9015586"">9015586</a>, <a href=""https://www.nsf.gov/awardsearch/showAward?AWD_ID=8818171"">8818171</a>",Charles Stearns
1990,"GRIP Automatic Weather Station, Greenland, 1990 Reader format three-hour observational data.","Antarctic Meteorological Research and Data Center, 1990: GRIP Automatic Weather Station, Greenland, 1990 Reader format three-hour observational data. AMRDC Data Repository, accessed DD-MM-YYYY, https://doi.org/10.48567/sdm4-df26.",https://doi.org/10.48567/sdm4-df26,"<a href=""https://www.nsf.gov/awardsearch/showAward?AWD_ID=9015586"">9015586</a>, <a href=""https://www.nsf.gov/awardsearch/showAward?AWD_ID=8818171"">8818171</a>",Charles Stearns
