2012,"AGO-4 Automatic Weather Station, 2012 Reader format three-hour observational data.","Antarctic Meteorological Research and Data Center, 2012: AGO-4 Automatic Weather Station, 2012 unmodified ten-minute observational data. AMRDC Data Repository, accessed DD-MM-YYYY, https://doi.org/10.48567/sp26-vf37.",https://doi.org/10.48567/sp26-vf37,"<a href=""https://www.nsf.gov/awardsearch/showAward?AWD_ID=0944018"">0944018</a>","<a href=""https://orcid.org/0000-0002-4343-498X"">Matthew Lazzara</a>"
2012,"Baldrick Automatic Weather Station, 2012 Reader format three-hour observational data.","Antarctic Meteorological Research and Data Center, 2012: Baldrick Automatic Weather Station, 2012 unmodified ten-minute observational data. AMRDC Data Repository, accessed DD-MM-YYYY, https://doi.org/10.48567/r5rx-h259.",https://doi.org/10.48567/r5rx-h259,"<a href=""https://www.nsf.gov/awardsearch/showAward?AWD_ID=0944018"">0944018</a>","<a href=""https://orcid.org/0000-0002-4343-498X"">Matthew Lazzara</a>"
2012,"Bear Peninsula Automatic Weather Station, 2012 Reader format three-hour observational data.","Antarctic Meteorological Research and Data Center, 2012: Bear Peninsula Automatic Weather Station, 2012 unmodified ten-minute observational data. AMRDC Data Repository, accessed DD-MM-YYYY, https://doi.org/10.48567/29se-4392.",https://doi.org/10.48567/29se-4392,"<a href=""https://www.nsf.gov/awardsearch/showAward?AWD_ID=0944018"">0944018</a>","<a href=""https://orcid.org/0000-0002-4343-498X"">Matthew Lazzara</a>"
2012,"Bonaparte Point Automatic Weather Station, 2012 Reader format three-hour observational data.","Antarctic Meteorological Research and Data Center, 2012: Bonaparte Point Automatic Weather Station, 2012 unmodified ten-minute observational data. AMRDC Data Repository, accessed DD-MM-YYYY, https://doi.org/10.48567/256g-gz03.",https://doi.org/10.48567/256g-gz03,"<a href=""https://www.nsf.gov/awardsearch/showAward?AWD_ID=0944018"">0944018</a>","<a href=""https://orcid.org/0000-0002-4343-498X"">Matthew Lazzara</a>"
2012,"Brianna Automatic Weather Station, 2012 Reader format three-hour observational data.","Antarctic Meteorological Research and Data Center, 2012: Brianna Automatic Weather Station, 2012 unmodified ten-minute observational data. AMRDC Data Repository, accessed DD-MM-YYYY, https://doi.org/10.48567/qg97-9e43.",https://doi.org/10.48567/qg97-9e43,"<a href=""https://www.nsf.gov/awardsearch/showAward?AWD_ID=0944018"">0944018</a>","<a href=""https://orcid.org/0000-0002-4343-498X"">Matthew Lazzara</a>"
2012,"Butler Island Automatic Weather Station, 2012 Reader format three-hour observational data.","Antarctic Meteorological Research and Data Center, 2012: Butler Island Automatic Weather Station, 2012 unmodified ten-minute observational data. AMRDC Data Repository, accessed DD-MM-YYYY, https://doi.org/10.48567/a42b-y867.",https://doi.org/10.48567/a42b-y867,"<a href=""https://www.nsf.gov/awardsearch/showAward?AWD_ID=0944018"">0944018</a>","<a href=""https://orcid.org/0000-0002-4343-498X"">Matthew Lazzara</a>"
2012,"Byrd Automatic Weather Station, 2012 Reader format three-hour observational data.","Antarctic Meteorological Research and Data Center, 2012: Byrd Automatic Weather Station, 2012 unmodified ten-minute observational data. AMRDC Data Repository, accessed DD-MM-YYYY, https://doi.org/10.48567/rjhd-zy29.",https://doi.org/10.48567/rjhd-zy29,"<a href=""https://www.nsf.gov/awardsearch/showAward?AWD_ID=0944018"">0944018</a>","<a href=""https://orcid.org/0000-0002-4343-498X"">Matthew Lazzara</a>"
2012,"Cape Hallett Automatic Weather Station, 2012 Reader format three-hour observational data.","Antarctic Meteorological Research and Data Center, 2012: Cape Hallett Automatic Weather Station, 2012 unmodified ten-minute observational data. AMRDC Data Repository, accessed DD-MM-YYYY, https://doi.org/10.48567/bd97-ax78.",https://doi.org/10.48567/bd97-ax78,"<a href=""https://www.nsf.gov/awardsearch/showAward?AWD_ID=0944018"">0944018</a>","<a href=""https://orcid.org/0000-0002-4343-498X"">Matthew Lazzara</a>"
2012,"Carolyn Automatic Weather Station, 2012 Reader format three-hour observational data.","Antarctic Meteorological Research and Data Center, 2012: Carolyn Automatic Weather Station, 2012 unmodified ten-minute observational data. AMRDC Data Repository, accessed DD-MM-YYYY, https://doi.org/10.48567/0hme-jm17.",https://doi.org/10.48567/0hme-jm17,"<a href=""https://www.nsf.gov/awardsearch/showAward?AWD_ID=0944018"">0944018</a>","<a href=""https://orcid.org/0000-0002-4343-498X"">Matthew Lazzara</a>"
2012,"D-10 Automatic Weather Station, 2012 Reader format three-hour observational data.","Antarctic Meteorological Research and Data Center, 2012: D-10 Automatic Weather Station, 2012 unmodified ten-minute observational data. AMRDC Data Repository, accessed DD-MM-YYYY, https://doi.org/10.48567/fe3x-qz83.",https://doi.org/10.48567/fe3x-qz83,"<a href=""https://www.nsf.gov/awardsearch/showAward?AWD_ID=0944018"">0944018</a>","<a href=""https://orcid.org/0000-0002-4343-498X"">Matthew Lazzara</a>"
2012,"D-47 Automatic Weather Station, 2012 Reader format three-hour observational data.","Antarctic Meteorological Research and Data Center, 2012: D-47 Automatic Weather Station, 2012 unmodified ten-minute observational data. AMRDC Data Repository, accessed DD-MM-YYYY, https://doi.org/10.48567/gw10-rs81.",https://doi.org/10.48567/gw10-rs81,"<a href=""https://www.nsf.gov/awardsearch/showAward?AWD_ID=0944018"">0944018</a>","<a href=""https://orcid.org/0000-0002-4343-498X"">Matthew Lazzara</a>"
2012,"D-85 Automatic Weather Station, 2012 Reader format three-hour observational data.","Antarctic Meteorological Research and Data Center, 2012: D-85 Automatic Weather Station, 2012 unmodified ten-minute observational data. AMRDC Data Repository, accessed DD-MM-YYYY, https://doi.org/10.48567/n71j-8r82.",https://doi.org/10.48567/n71j-8r82,"<a href=""https://www.nsf.gov/awardsearch/showAward?AWD_ID=0944018"">0944018</a>","<a href=""https://orcid.org/0000-0002-4343-498X"">Matthew Lazzara</a>"
2012,"Dismal Island Automatic Weather Station, 2012 Reader format three-hour observational data.","Antarctic Meteorological Research and Data Center, 2012: Dismal Island Automatic Weather Station, 2012 unmodified ten-minute observational data. AMRDC Data Repository, accessed DD-MM-YYYY, https://doi.org/10.48567/4kpa-1804.",https://doi.org/10.48567/4kpa-1804,"<a href=""https://www.nsf.gov/awardsearch/showAward?AWD_ID=0944018"">0944018</a>","<a href=""https://orcid.org/0000-0002-4343-498X"">Matthew Lazzara</a>"
2012,"Dome C II Automatic Weather Station, 2012 Reader format three-hour observational data.","Antarctic Meteorological Research and Data Center, 2012: Dome C II Automatic Weather Station, 2012 unmodified ten-minute observational data. AMRDC Data Repository, accessed DD-MM-YYYY, https://doi.org/10.48567/bb7z-2853.",https://doi.org/10.48567/bb7z-2853,"<a href=""https://www.nsf.gov/awardsearch/showAward?AWD_ID=0944018"">0944018</a>","<a href=""https://orcid.org/0000-0002-4343-498X"">Matthew Lazzara</a>"
2012,"Dome Fuji Automatic Weather Station, 2012 Reader format three-hour observational data.","Antarctic Meteorological Research and Data Center, 2012: Dome Fuji Automatic Weather Station, 2012 unmodified ten-minute observational data. AMRDC Data Repository, accessed DD-MM-YYYY, https://doi.org/10.48567/eckp-8v71.",https://doi.org/10.48567/eckp-8v71,"<a href=""https://www.nsf.gov/awardsearch/showAward?AWD_ID=0944018"">0944018</a>","<a href=""https://orcid.org/0000-0002-4343-498X"">Matthew Lazzara</a>"
2012,"Elaine Automatic Weather Station, 2012 Reader format three-hour observational data.","Antarctic Meteorological Research and Data Center, 2012: Elaine Automatic Weather Station, 2012 unmodified ten-minute observational data. AMRDC Data Repository, accessed DD-MM-YYYY, https://doi.org/10.48567/w1qp-p373.",https://doi.org/10.48567/w1qp-p373,"<a href=""https://www.nsf.gov/awardsearch/showAward?AWD_ID=0944018"">0944018</a>","<a href=""https://orcid.org/0000-0002-4343-498X"">Matthew Lazzara</a>"
2012,"Elizabeth Automatic Weather Station, 2012 Reader format three-hour observational data.","Antarctic Meteorological Research and Data Center, 2012: Elizabeth Automatic Weather Station, 2012 unmodified ten-minute observational data. AMRDC Data Repository, accessed DD-MM-YYYY, https://doi.org/10.48567/gghw-q676.",https://doi.org/10.48567/gghw-q676,"<a href=""https://www.nsf.gov/awardsearch/showAward?AWD_ID=0944018"">0944018</a>","<a href=""https://orcid.org/0000-0002-4343-498X"">Matthew Lazzara</a>"
2012,"Emilia Automatic Weather Station, 2012 Reader format three-hour observational data.","Antarctic Meteorological Research and Data Center, 2012: Emilia Automatic Weather Station, 2012 unmodified ten-minute observational data. AMRDC Data Repository, accessed DD-MM-YYYY, https://doi.org/10.48567/52dv-7016.",https://doi.org/10.48567/52dv-7016,"<a href=""https://www.nsf.gov/awardsearch/showAward?AWD_ID=0944018"">0944018</a>","<a href=""https://orcid.org/0000-0002-4343-498X"">Matthew Lazzara</a>"
2012,"Eric Automatic Weather Station, 2012 Reader format three-hour observational data.","Antarctic Meteorological Research and Data Center, 2012: Eric Automatic Weather Station, 2012 unmodified ten-minute observational data. AMRDC Data Repository, accessed DD-MM-YYYY, https://doi.org/10.48567/03gs-vh35.",https://doi.org/10.48567/03gs-vh35,"<a href=""https://www.nsf.gov/awardsearch/showAward?AWD_ID=0944018"">0944018</a>","<a href=""https://orcid.org/0000-0002-4343-498X"">Matthew Lazzara</a>"
2012,"Erin Automatic Weather Station, 2012 Reader format three-hour observational data.","Antarctic Meteorological Research and Data Center, 2012: Erin Automatic Weather Station, 2012 unmodified ten-minute observational data. AMRDC Data Repository, accessed DD-MM-YYYY, https://doi.org/10.48567/d0t1-0x70.",https://doi.org/10.48567/d0t1-0x70,"<a href=""https://www.nsf.gov/awardsearch/showAward?AWD_ID=0944018"">0944018</a>","<a href=""https://orcid.org/0000-0002-4343-498X"">Matthew Lazzara</a>"
2012,"Evans Knoll Automatic Weather Station, 2012 Reader format three-hour observational data.","Antarctic Meteorological Research and Data Center, 2012: Evans Knoll Automatic Weather Station, 2012 unmodified ten-minute observational data. AMRDC Data Repository, accessed DD-MM-YYYY, https://doi.org/10.48567/c3sf-8596.",https://doi.org/10.48567/c3sf-8596,"<a href=""https://www.nsf.gov/awardsearch/showAward?AWD_ID=0944018"">0944018</a>","<a href=""https://orcid.org/0000-0002-4343-498X"">Matthew Lazzara</a>"
2012,"Ferrell Automatic Weather Station, 2012 Reader format three-hour observational data.","Antarctic Meteorological Research and Data Center, 2012: Ferrell Automatic Weather Station, 2012 unmodified ten-minute observational data. AMRDC Data Repository, accessed DD-MM-YYYY, https://doi.org/10.48567/6tmf-3q93.",https://doi.org/10.48567/6tmf-3q93,"<a href=""https://www.nsf.gov/awardsearch/showAward?AWD_ID=0944018"">0944018</a>","<a href=""https://orcid.org/0000-0002-4343-498X"">Matthew Lazzara</a>"
2012,"Ferrell II Automatic Weather Station, 2012 Reader format three-hour observational data.","Antarctic Meteorological Research and Data Center, 2012: Ferrell II Automatic Weather Station, 2012 unmodified ten-minute observational data. AMRDC Data Repository, accessed DD-MM-YYYY, https://doi.org/10.48567/tcbd-d188.",https://doi.org/10.48567/tcbd-d188,"<a href=""https://www.nsf.gov/awardsearch/showAward?AWD_ID=0944018"">0944018</a>","<a href=""https://orcid.org/0000-0002-4343-498X"">Matthew Lazzara</a>"
2012,"Fossil Bluff Automatic Weather Station, 2012 Reader format three-hour observational data.","Antarctic Meteorological Research and Data Center, 2012: Fossil Bluff Automatic Weather Station, 2012 unmodified ten-minute observational data. AMRDC Data Repository, accessed DD-MM-YYYY, https://doi.org/10.48567/0j44-6c88.",https://doi.org/10.48567/0j44-6c88,"<a href=""https://www.nsf.gov/awardsearch/showAward?AWD_ID=0944018"">0944018</a>","<a href=""https://orcid.org/0000-0002-4343-498X"">Matthew Lazzara</a>"
2012,"Gill Automatic Weather Station, 2012 Reader format three-hour observational data.","Antarctic Meteorological Research and Data Center, 2012: Gill Automatic Weather Station, 2012 unmodified ten-minute observational data. AMRDC Data Repository, accessed DD-MM-YYYY, https://doi.org/10.48567/saqn-dp86.",https://doi.org/10.48567/saqn-dp86,"<a href=""https://www.nsf.gov/awardsearch/showAward?AWD_ID=0944018"">0944018</a>","<a href=""https://orcid.org/0000-0002-4343-498X"">Matthew Lazzara</a>"
2012,"Harry Automatic Weather Station, 2012 Reader format three-hour observational data.","Antarctic Meteorological Research and Data Center, 2012: Harry Automatic Weather Station, 2012 unmodified ten-minute observational data. AMRDC Data Repository, accessed DD-MM-YYYY, https://doi.org/10.48567/ncz4-kr11.",https://doi.org/10.48567/ncz4-kr11,"<a href=""https://www.nsf.gov/awardsearch/showAward?AWD_ID=0944018"">0944018</a>","<a href=""https://orcid.org/0000-0002-4343-498X"">Matthew Lazzara</a>"
2012,"Henry Automatic Weather Station, 2012 Reader format three-hour observational data.","Antarctic Meteorological Research and Data Center, 2012: Henry Automatic Weather Station, 2012 unmodified ten-minute observational data. AMRDC Data Repository, accessed DD-MM-YYYY, https://doi.org/10.48567/mtzg-ss43.",https://doi.org/10.48567/mtzg-ss43,"<a href=""https://www.nsf.gov/awardsearch/showAward?AWD_ID=0944018"">0944018</a>","<a href=""https://orcid.org/0000-0002-4343-498X"">Matthew Lazzara</a>"
2012,"Hugo Island Automatic Weather Station, 2012 Reader format three-hour observational data.","Antarctic Meteorological Research and Data Center, 2012: Hugo Island Automatic Weather Station, 2012 unmodified ten-minute observational data. AMRDC Data Repository, accessed DD-MM-YYYY, https://doi.org/10.48567/ayk1-kt35.",https://doi.org/10.48567/ayk1-kt35,"<a href=""https://www.nsf.gov/awardsearch/showAward?AWD_ID=0944018"">0944018</a>","<a href=""https://orcid.org/0000-0002-4343-498X"">Matthew Lazzara</a>"
2012,"JASE2007 Automatic Weather Station, 2012 Reader format three-hour observational data.","Antarctic Meteorological Research and Data Center, 2012: JASE2007 Automatic Weather Station, 2012 unmodified ten-minute observational data. AMRDC Data Repository, accessed DD-MM-YYYY, https://doi.org/10.48567/asje-rf40.",https://doi.org/10.48567/asje-rf40,"<a href=""https://www.nsf.gov/awardsearch/showAward?AWD_ID=0944018"">0944018</a>","<a href=""https://orcid.org/0000-0002-4343-498X"">Matthew Lazzara</a>"
2012,"Janet Automatic Weather Station, 2012 Reader format three-hour observational data.","Antarctic Meteorological Research and Data Center, 2012: Janet Automatic Weather Station, 2012 unmodified ten-minute observational data. AMRDC Data Repository, accessed DD-MM-YYYY, https://doi.org/10.48567/wwq5-vq55.",https://doi.org/10.48567/wwq5-vq55,"<a href=""https://www.nsf.gov/awardsearch/showAward?AWD_ID=0944018"">0944018</a>","<a href=""https://orcid.org/0000-0002-4343-498X"">Matthew Lazzara</a>"
2012,"Kominko-Slade Automatic Weather Station, 2012 Reader format three-hour observational data.","Antarctic Meteorological Research and Data Center, 2012: Kominko-Slade Automatic Weather Station, 2012 unmodified ten-minute observational data. AMRDC Data Repository, accessed DD-MM-YYYY, https://doi.org/10.48567/wjgk-v277.",https://doi.org/10.48567/wjgk-v277,"<a href=""https://www.nsf.gov/awardsearch/showAward?AWD_ID=0944018"">0944018</a>","<a href=""https://orcid.org/0000-0002-4343-498X"">Matthew Lazzara</a>"
2012,"Larsen Ice Shelf Automatic Weather Station, 2012 Reader format three-hour observational data.","Antarctic Meteorological Research and Data Center, 2012: Larsen Ice Shelf Automatic Weather Station, 2012 unmodified ten-minute observational data. AMRDC Data Repository, accessed DD-MM-YYYY, https://doi.org/10.48567/39sm-5w22.",https://doi.org/10.48567/39sm-5w22,"<a href=""https://www.nsf.gov/awardsearch/showAward?AWD_ID=0944018"">0944018</a>","<a href=""https://orcid.org/0000-0002-4343-498X"">Matthew Lazzara</a>"
2012,"Laurie II Automatic Weather Station, 2012 Reader format three-hour observational data.","Antarctic Meteorological Research and Data Center, 2012: Laurie II Automatic Weather Station, 2012 unmodified ten-minute observational data. AMRDC Data Repository, accessed DD-MM-YYYY, https://doi.org/10.48567/9hd7-hj56.",https://doi.org/10.48567/9hd7-hj56,"<a href=""https://www.nsf.gov/awardsearch/showAward?AWD_ID=0944018"">0944018</a>","<a href=""https://orcid.org/0000-0002-4343-498X"">Matthew Lazzara</a>"
2012,"Limbert Automatic Weather Station, 2012 Reader format three-hour observational data.","Antarctic Meteorological Research and Data Center, 2012: Limbert Automatic Weather Station, 2012 unmodified ten-minute observational data. AMRDC Data Repository, accessed DD-MM-YYYY, https://doi.org/10.48567/4mtg-3q60.",https://doi.org/10.48567/4mtg-3q60,"<a href=""https://www.nsf.gov/awardsearch/showAward?AWD_ID=0944018"">0944018</a>","<a href=""https://orcid.org/0000-0002-4343-498X"">Matthew Lazzara</a>"
2012,"Linda Automatic Weather Station, 2012 Reader format three-hour observational data.","Antarctic Meteorological Research and Data Center, 2012: Linda Automatic Weather Station, 2012 unmodified ten-minute observational data. AMRDC Data Repository, accessed DD-MM-YYYY, https://doi.org/10.48567/84rb-1w87.",https://doi.org/10.48567/84rb-1w87,"<a href=""https://www.nsf.gov/awardsearch/showAward?AWD_ID=0944018"">0944018</a>","<a href=""https://orcid.org/0000-0002-4343-498X"">Matthew Lazzara</a>"
2012,"Lorne Automatic Weather Station, 2012 Reader format three-hour observational data.","Antarctic Meteorological Research and Data Center, 2012: Lorne Automatic Weather Station, 2012 unmodified ten-minute observational data. AMRDC Data Repository, accessed DD-MM-YYYY, https://doi.org/10.48567/bdcn-tt34.",https://doi.org/10.48567/bdcn-tt34,"<a href=""https://www.nsf.gov/awardsearch/showAward?AWD_ID=0944018"">0944018</a>","<a href=""https://orcid.org/0000-0002-4343-498X"">Matthew Lazzara</a>"
2012,"Manuela Automatic Weather Station, 2012 Reader format three-hour observational data.","Antarctic Meteorological Research and Data Center, 2012: Manuela Automatic Weather Station, 2012 unmodified ten-minute observational data. AMRDC Data Repository, accessed DD-MM-YYYY, https://doi.org/10.48567/37bh-ry92.",https://doi.org/10.48567/37bh-ry92,"<a href=""https://www.nsf.gov/awardsearch/showAward?AWD_ID=0944018"">0944018</a>","<a href=""https://orcid.org/0000-0002-4343-498X"">Matthew Lazzara</a>"
2012,"Marble Point Automatic Weather Station, 2012 Reader format three-hour observational data.","Antarctic Meteorological Research and Data Center, 2012: Marble Point Automatic Weather Station, 2012 unmodified ten-minute observational data. AMRDC Data Repository, accessed DD-MM-YYYY, https://doi.org/10.48567/x0a1-ab45.",https://doi.org/10.48567/x0a1-ab45,"<a href=""https://www.nsf.gov/awardsearch/showAward?AWD_ID=0944018"">0944018</a>","<a href=""https://orcid.org/0000-0002-4343-498X"">Matthew Lazzara</a>"
2012,"Margaret Automatic Weather Station, 2012 Reader format three-hour observational data.","Antarctic Meteorological Research and Data Center, 2012: Margaret Automatic Weather Station, 2012 unmodified ten-minute observational data. AMRDC Data Repository, accessed DD-MM-YYYY, https://doi.org/10.48567/2891-bs32.",https://doi.org/10.48567/2891-bs32,"<a href=""https://www.nsf.gov/awardsearch/showAward?AWD_ID=0944018"">0944018</a>","<a href=""https://orcid.org/0000-0002-4343-498X"">Matthew Lazzara</a>"
2012,"Marilyn Automatic Weather Station, 2012 Reader format three-hour observational data.","Antarctic Meteorological Research and Data Center, 2012: Marilyn Automatic Weather Station, 2012 unmodified ten-minute observational data. AMRDC Data Repository, accessed DD-MM-YYYY, https://doi.org/10.48567/5xf1-2v78.",https://doi.org/10.48567/5xf1-2v78,"<a href=""https://www.nsf.gov/awardsearch/showAward?AWD_ID=0944018"">0944018</a>","<a href=""https://orcid.org/0000-0002-4343-498X"">Matthew Lazzara</a>"
2012,"Marlene Automatic Weather Station, 2012 Reader format three-hour observational data.","Antarctic Meteorological Research and Data Center, 2012: Marlene Automatic Weather Station, 2012 unmodified ten-minute observational data. AMRDC Data Repository, accessed DD-MM-YYYY, https://doi.org/10.48567/mtr7-4k53.",https://doi.org/10.48567/mtr7-4k53,"<a href=""https://www.nsf.gov/awardsearch/showAward?AWD_ID=0944018"">0944018</a>","<a href=""https://orcid.org/0000-0002-4343-498X"">Matthew Lazzara</a>"
2012,"Mary Automatic Weather Station, 2012 Reader format three-hour observational data.","Antarctic Meteorological Research and Data Center, 2012: Mary Automatic Weather Station, 2012 unmodified ten-minute observational data. AMRDC Data Repository, accessed DD-MM-YYYY, https://doi.org/10.48567/6ktg-z187.",https://doi.org/10.48567/6ktg-z187,"<a href=""https://www.nsf.gov/awardsearch/showAward?AWD_ID=0944018"">0944018</a>","<a href=""https://orcid.org/0000-0002-4343-498X"">Matthew Lazzara</a>"
2012,"Mizuho Automatic Weather Station, 2012 Reader format three-hour observational data.","Antarctic Meteorological Research and Data Center, 2012: Mizuho Automatic Weather Station, 2012 unmodified ten-minute observational data. AMRDC Data Repository, accessed DD-MM-YYYY, https://doi.org/10.48567/0e82-e841.",https://doi.org/10.48567/0e82-e841,"<a href=""https://www.nsf.gov/awardsearch/showAward?AWD_ID=0944018"">0944018</a>","<a href=""https://orcid.org/0000-0002-4343-498X"">Matthew Lazzara</a>"
2012,"Mount Siple Automatic Weather Station, 2012 Reader format three-hour observational data.","Antarctic Meteorological Research and Data Center, 2012: Mount Siple Automatic Weather Station, 2012 unmodified ten-minute observational data. AMRDC Data Repository, accessed DD-MM-YYYY, https://doi.org/10.48567/h62d-9a13.",https://doi.org/10.48567/h62d-9a13,"<a href=""https://www.nsf.gov/awardsearch/showAward?AWD_ID=0944018"">0944018</a>","<a href=""https://orcid.org/0000-0002-4343-498X"">Matthew Lazzara</a>"
2012,"Nico Automatic Weather Station, 2012 Reader format three-hour observational data.","Antarctic Meteorological Research and Data Center, 2012: Nico Automatic Weather Station, 2012 unmodified ten-minute observational data. AMRDC Data Repository, accessed DD-MM-YYYY, https://doi.org/10.48567/qxcz-1t16.",https://doi.org/10.48567/qxcz-1t16,"<a href=""https://www.nsf.gov/awardsearch/showAward?AWD_ID=0944018"">0944018</a>","<a href=""https://orcid.org/0000-0002-4343-498X"">Matthew Lazzara</a>"
2012,"PANDA-South Automatic Weather Station, 2012 Reader format three-hour observational data.","Antarctic Meteorological Research and Data Center, 2012: PANDA-South Automatic Weather Station, 2012 unmodified ten-minute observational data. AMRDC Data Repository, accessed DD-MM-YYYY, https://doi.org/10.48567/yct7-ga27.",https://doi.org/10.48567/yct7-ga27,"<a href=""https://www.nsf.gov/awardsearch/showAward?AWD_ID=0944018"">0944018</a>","<a href=""https://orcid.org/0000-0002-4343-498X"">Matthew Lazzara</a>"
2012,"Pegasus North Automatic Weather Station, 2012 Reader format three-hour observational data.","Antarctic Meteorological Research and Data Center, 2012: Pegasus North Automatic Weather Station, 2012 unmodified ten-minute observational data. AMRDC Data Repository, accessed DD-MM-YYYY, https://doi.org/10.48567/py2w-n812.",https://doi.org/10.48567/py2w-n812,"<a href=""https://www.nsf.gov/awardsearch/showAward?AWD_ID=0944018"">0944018</a>","<a href=""https://orcid.org/0000-0002-4343-498X"">Matthew Lazzara</a>"
2012,"Possession Island Automatic Weather Station, 2012 Reader format three-hour observational data.","Antarctic Meteorological Research and Data Center, 2012: Possession Island Automatic Weather Station, 2012 unmodified ten-minute observational data. AMRDC Data Repository, accessed DD-MM-YYYY, https://doi.org/10.48567/g3zh-e626.",https://doi.org/10.48567/g3zh-e626,"<a href=""https://www.nsf.gov/awardsearch/showAward?AWD_ID=0944018"">0944018</a>","<a href=""https://orcid.org/0000-0002-4343-498X"">Matthew Lazzara</a>"
2012,"Relay Station Automatic Weather Station, 2012 Reader format three-hour observational data.","Antarctic Meteorological Research and Data Center, 2012: Relay Station Automatic Weather Station, 2012 unmodified ten-minute observational data. AMRDC Data Repository, accessed DD-MM-YYYY, https://doi.org/10.48567/jq7m-xt82.",https://doi.org/10.48567/jq7m-xt82,"<a href=""https://www.nsf.gov/awardsearch/showAward?AWD_ID=0944018"">0944018</a>","<a href=""https://orcid.org/0000-0002-4343-498X"">Matthew Lazzara</a>"
2012,"Sabrina Automatic Weather Station, 2012 Reader format three-hour observational data.","Antarctic Meteorological Research and Data Center, 2012: Sabrina Automatic Weather Station, 2012 unmodified ten-minute observational data. AMRDC Data Repository, accessed DD-MM-YYYY, https://doi.org/10.48567/2btg-y403.",https://doi.org/10.48567/2btg-y403,"<a href=""https://www.nsf.gov/awardsearch/showAward?AWD_ID=0944018"">0944018</a>","<a href=""https://orcid.org/0000-0002-4343-498X"">Matthew Lazzara</a>"
2012,"Schwerdtfeger Automatic Weather Station, 2012 Reader format three-hour observational data.","Antarctic Meteorological Research and Data Center, 2012: Schwerdtfeger Automatic Weather Station, 2012 unmodified ten-minute observational data. AMRDC Data Repository, accessed DD-MM-YYYY, https://doi.org/10.48567/wz0d-jm82.",https://doi.org/10.48567/wz0d-jm82,"<a href=""https://www.nsf.gov/awardsearch/showAward?AWD_ID=0944018"">0944018</a>","<a href=""https://orcid.org/0000-0002-4343-498X"">Matthew Lazzara</a>"
2012,"Siple Dome Automatic Weather Station, 2012 Reader format three-hour observational data.","Antarctic Meteorological Research and Data Center, 2012: Siple Dome Automatic Weather Station, 2012 unmodified ten-minute observational data. AMRDC Data Repository, accessed DD-MM-YYYY, https://doi.org/10.48567/cryz-b421.",https://doi.org/10.48567/cryz-b421,"<a href=""https://www.nsf.gov/awardsearch/showAward?AWD_ID=0944018"">0944018</a>","<a href=""https://orcid.org/0000-0002-4343-498X"">Matthew Lazzara</a>"
2012,"Sky Blu Automatic Weather Station, 2012 Reader format three-hour observational data.","Antarctic Meteorological Research and Data Center, 2012: Sky Blu Automatic Weather Station, 2012 unmodified ten-minute observational data. AMRDC Data Repository, accessed DD-MM-YYYY, https://doi.org/10.48567/gsng-as64.",https://doi.org/10.48567/gsng-as64,"<a href=""https://www.nsf.gov/awardsearch/showAward?AWD_ID=0944018"">0944018</a>","<a href=""https://orcid.org/0000-0002-4343-498X"">Matthew Lazzara</a>"
2012,"Theresa Automatic Weather Station, 2012 Reader format three-hour observational data.","Antarctic Meteorological Research and Data Center, 2012: Theresa Automatic Weather Station, 2012 unmodified ten-minute observational data. AMRDC Data Repository, accessed DD-MM-YYYY, https://doi.org/10.48567/1g9g-yb35.",https://doi.org/10.48567/1g9g-yb35,"<a href=""https://www.nsf.gov/awardsearch/showAward?AWD_ID=0944018"">0944018</a>","<a href=""https://orcid.org/0000-0002-4343-498X"">Matthew Lazzara</a>"
2012,"Thurston Island Automatic Weather Station, 2012 Reader format three-hour observational data.","Antarctic Meteorological Research and Data Center, 2012: Thurston Island Automatic Weather Station, 2012 unmodified ten-minute observational data. AMRDC Data Repository, accessed DD-MM-YYYY, https://doi.org/10.48567/2ypm-s938.",https://doi.org/10.48567/2ypm-s938,"<a href=""https://www.nsf.gov/awardsearch/showAward?AWD_ID=0944018"">0944018</a>","<a href=""https://orcid.org/0000-0002-4343-498X"">Matthew Lazzara</a>"
2012,"Tom Automatic Weather Station, 2012 Reader format three-hour observational data.","Antarctic Meteorological Research and Data Center, 2012: Tom Automatic Weather Station, 2012 unmodified ten-minute observational data. AMRDC Data Repository, accessed DD-MM-YYYY, https://doi.org/10.48567/b694-n885.",https://doi.org/10.48567/b694-n885,"<a href=""https://www.nsf.gov/awardsearch/showAward?AWD_ID=0944018"">0944018</a>","<a href=""https://orcid.org/0000-0002-4343-498X"">Matthew Lazzara</a>"
2012,"Vito Automatic Weather Station, 2012 Reader format three-hour observational data.","Antarctic Meteorological Research and Data Center, 2012: Vito Automatic Weather Station, 2012 unmodified ten-minute observational data. AMRDC Data Repository, accessed DD-MM-YYYY, https://doi.org/10.48567/kxjq-7d08.",https://doi.org/10.48567/kxjq-7d08,"<a href=""https://www.nsf.gov/awardsearch/showAward?AWD_ID=0944018"">0944018</a>","<a href=""https://orcid.org/0000-0002-4343-498X"">Matthew Lazzara</a>"
2012,"Whitlock Automatic Weather Station, 2012 Reader format three-hour observational data.","Antarctic Meteorological Research and Data Center, 2012: Whitlock Automatic Weather Station, 2012 unmodified ten-minute observational data. AMRDC Data Repository, accessed DD-MM-YYYY, https://doi.org/10.48567/rsyj-g161.",https://doi.org/10.48567/rsyj-g161,"<a href=""https://www.nsf.gov/awardsearch/showAward?AWD_ID=0944018"">0944018</a>","<a href=""https://orcid.org/0000-0002-4343-498X"">Matthew Lazzara</a>"
2012,"Windless Bight Automatic Weather Station, 2012 Reader format three-hour observational data.","Antarctic Meteorological Research and Data Center, 2012: Windless Bight Automatic Weather Station, 2012 unmodified ten-minute observational data. AMRDC Data Repository, accessed DD-MM-YYYY, https://doi.org/10.48567/z9ra-vn53.",https://doi.org/10.48567/z9ra-vn53,"<a href=""https://www.nsf.gov/awardsearch/showAward?AWD_ID=0944018"">0944018</a>","<a href=""https://orcid.org/0000-0002-4343-498X"">Matthew Lazzara</a>"