2009,"Baldrick Automatic Weather Station, 2009 Reader format three-hour observational data.","Antarctic Meteorological Research and Data Center, 2009: Baldrick Automatic Weather Station, 2009 unmodified ten-minute observational data. AMRDC Data Repository, accessed DD-MM-YYYY, https://doi.org/10.48567/va5k-ag47.",https://doi.org/10.48567/va5k-ag47,"<a href=""https://www.nsf.gov/awardsearch/showAward?AWD_ID=0636873"">0636873</a>","<a href=""https://orcid.org/0000-0002-4343-498X"">Matthew Lazzara</a>, Gregory Tripoli, George Weidner"
2009,"Bonaparte Point Automatic Weather Station, 2009 Reader format three-hour observational data.","Antarctic Meteorological Research and Data Center, 2009: Bonaparte Point Automatic Weather Station, 2009 unmodified ten-minute observational data. AMRDC Data Repository, accessed DD-MM-YYYY, https://doi.org/10.48567/2bn3-9v03.",https://doi.org/10.48567/2bn3-9v03,"<a href=""https://www.nsf.gov/awardsearch/showAward?AWD_ID=0636873"">0636873</a>","<a href=""https://orcid.org/0000-0002-4343-498X"">Matthew Lazzara</a>, Gregory Tripoli, George Weidner"
2009,"Brianna Automatic Weather Station, 2009 Reader format three-hour observational data.","Antarctic Meteorological Research and Data Center, 2009: Brianna Automatic Weather Station, 2009 unmodified ten-minute observational data. AMRDC Data Repository, accessed DD-MM-YYYY, https://doi.org/10.48567/s456-1m94.",https://doi.org/10.48567/s456-1m94,"<a href=""https://www.nsf.gov/awardsearch/showAward?AWD_ID=0636873"">0636873</a>","<a href=""https://orcid.org/0000-0002-4343-498X"">Matthew Lazzara</a>, Gregory Tripoli, George Weidner"
2009,"Butler Island Automatic Weather Station, 2009 Reader format three-hour observational data.","Antarctic Meteorological Research and Data Center, 2009: Butler Island Automatic Weather Station, 2009 unmodified ten-minute observational data. AMRDC Data Repository, accessed DD-MM-YYYY, https://doi.org/10.48567/ngz7-dt23.",https://doi.org/10.48567/ngz7-dt23,"<a href=""https://www.nsf.gov/awardsearch/showAward?AWD_ID=0636873"">0636873</a>","<a href=""https://orcid.org/0000-0002-4343-498X"">Matthew Lazzara</a>, Gregory Tripoli, George Weidner"
2009,"Byrd Automatic Weather Station, 2009 Reader format three-hour observational data.","Antarctic Meteorological Research and Data Center, 2009: Byrd Automatic Weather Station, 2009 unmodified ten-minute observational data. AMRDC Data Repository, accessed DD-MM-YYYY, https://doi.org/10.48567/edwr-r991.",https://doi.org/10.48567/edwr-r991,"<a href=""https://www.nsf.gov/awardsearch/showAward?AWD_ID=0636873"">0636873</a>","<a href=""https://orcid.org/0000-0002-4343-498X"">Matthew Lazzara</a>, Gregory Tripoli, George Weidner"
2009,"Cape Bird Automatic Weather Station, 2009 Reader format three-hour observational data.","Antarctic Meteorological Research and Data Center, 2009: Cape Bird Automatic Weather Station, 2009 unmodified ten-minute observational data. AMRDC Data Repository, accessed DD-MM-YYYY, https://doi.org/10.48567/c18j-4485.",https://doi.org/10.48567/c18j-4485,"<a href=""https://www.nsf.gov/awardsearch/showAward?AWD_ID=0636873"">0636873</a>","<a href=""https://orcid.org/0000-0002-4343-498X"">Matthew Lazzara</a>, Gregory Tripoli, George Weidner"
2009,"Cape Denison Automatic Weather Station, 2009 Reader format three-hour observational data.","Antarctic Meteorological Research and Data Center, 2009: Cape Denison Automatic Weather Station, 2009 unmodified ten-minute observational data. AMRDC Data Repository, accessed DD-MM-YYYY, https://doi.org/10.48567/kn7n-9020.",https://doi.org/10.48567/kn7n-9020,"<a href=""https://www.nsf.gov/awardsearch/showAward?AWD_ID=0636873"">0636873</a>","<a href=""https://orcid.org/0000-0002-4343-498X"">Matthew Lazzara</a>, Gregory Tripoli, George Weidner"
2009,"Carolyn Automatic Weather Station, 2009 Reader format three-hour observational data.","Antarctic Meteorological Research and Data Center, 2009: Carolyn Automatic Weather Station, 2009 unmodified ten-minute observational data. AMRDC Data Repository, accessed DD-MM-YYYY, https://doi.org/10.48567/2ahw-vy32.",https://doi.org/10.48567/2ahw-vy32,"<a href=""https://www.nsf.gov/awardsearch/showAward?AWD_ID=0636873"">0636873</a>","<a href=""https://orcid.org/0000-0002-4343-498X"">Matthew Lazzara</a>, Gregory Tripoli, George Weidner"
2009,"D-10 Automatic Weather Station, 2009 Reader format three-hour observational data.","Antarctic Meteorological Research and Data Center, 2009: D-10 Automatic Weather Station, 2009 unmodified ten-minute observational data. AMRDC Data Repository, accessed DD-MM-YYYY, https://doi.org/10.48567/nmpr-cr14.",https://doi.org/10.48567/nmpr-cr14,"<a href=""https://www.nsf.gov/awardsearch/showAward?AWD_ID=0636873"">0636873</a>","<a href=""https://orcid.org/0000-0002-4343-498X"">Matthew Lazzara</a>, Gregory Tripoli, George Weidner"
2009,"D-47 Automatic Weather Station, 2009 Reader format three-hour observational data.","Antarctic Meteorological Research and Data Center, 2009: D-47 Automatic Weather Station, 2009 unmodified ten-minute observational data. AMRDC Data Repository, accessed DD-MM-YYYY, https://doi.org/10.48567/fzbc-1h73.",https://doi.org/10.48567/fzbc-1h73,"<a href=""https://www.nsf.gov/awardsearch/showAward?AWD_ID=0636873"">0636873</a>","<a href=""https://orcid.org/0000-0002-4343-498X"">Matthew Lazzara</a>, Gregory Tripoli, George Weidner"
2009,"D-85 Automatic Weather Station, 2009 Reader format three-hour observational data.","Antarctic Meteorological Research and Data Center, 2009: D-85 Automatic Weather Station, 2009 unmodified ten-minute observational data. AMRDC Data Repository, accessed DD-MM-YYYY, https://doi.org/10.48567/6051-h744.",https://doi.org/10.48567/6051-h744,"<a href=""https://www.nsf.gov/awardsearch/showAward?AWD_ID=0636873"">0636873</a>","<a href=""https://orcid.org/0000-0002-4343-498X"">Matthew Lazzara</a>, Gregory Tripoli, George Weidner"
2009,"Dismal Island Automatic Weather Station, 2009 Reader format three-hour observational data.","Antarctic Meteorological Research and Data Center, 2009: Dismal Island Automatic Weather Station, 2009 unmodified ten-minute observational data. AMRDC Data Repository, accessed DD-MM-YYYY, https://doi.org/10.48567/5jvg-e721.",https://doi.org/10.48567/5jvg-e721,"<a href=""https://www.nsf.gov/awardsearch/showAward?AWD_ID=0636873"">0636873</a>","<a href=""https://orcid.org/0000-0002-4343-498X"">Matthew Lazzara</a>, Gregory Tripoli, George Weidner"
2009,"Dome C II Automatic Weather Station, 2009 Reader format three-hour observational data.","Antarctic Meteorological Research and Data Center, 2009: Dome C II Automatic Weather Station, 2009 unmodified ten-minute observational data. AMRDC Data Repository, accessed DD-MM-YYYY, https://doi.org/10.48567/gnxt-hk40.",https://doi.org/10.48567/gnxt-hk40,"<a href=""https://www.nsf.gov/awardsearch/showAward?AWD_ID=0636873"">0636873</a>","<a href=""https://orcid.org/0000-0002-4343-498X"">Matthew Lazzara</a>, Gregory Tripoli, George Weidner"
2009,"E-66 Automatic Weather Station, 2009 Reader format three-hour observational data.","Antarctic Meteorological Research and Data Center, 2009: E-66 Automatic Weather Station, 2009 unmodified ten-minute observational data. AMRDC Data Repository, accessed DD-MM-YYYY, https://doi.org/10.48567/ewmp-wv51.",https://doi.org/10.48567/ewmp-wv51,"<a href=""https://www.nsf.gov/awardsearch/showAward?AWD_ID=0636873"">0636873</a>","<a href=""https://orcid.org/0000-0002-4343-498X"">Matthew Lazzara</a>, Gregory Tripoli, George Weidner"
2009,"Elaine Automatic Weather Station, 2009 Reader format three-hour observational data.","Antarctic Meteorological Research and Data Center, 2009: Elaine Automatic Weather Station, 2009 unmodified ten-minute observational data. AMRDC Data Repository, accessed DD-MM-YYYY, https://doi.org/10.48567/0903-hf04.",https://doi.org/10.48567/0903-hf04,"<a href=""https://www.nsf.gov/awardsearch/showAward?AWD_ID=0636873"">0636873</a>","<a href=""https://orcid.org/0000-0002-4343-498X"">Matthew Lazzara</a>, Gregory Tripoli, George Weidner"
2009,"Elizabeth Automatic Weather Station, 2009 Reader format three-hour observational data.","Antarctic Meteorological Research and Data Center, 2009: Elizabeth Automatic Weather Station, 2009 unmodified ten-minute observational data. AMRDC Data Repository, accessed DD-MM-YYYY, https://doi.org/10.48567/979k-hw83.",https://doi.org/10.48567/979k-hw83,"<a href=""https://www.nsf.gov/awardsearch/showAward?AWD_ID=0636873"">0636873</a>","<a href=""https://orcid.org/0000-0002-4343-498X"">Matthew Lazzara</a>, Gregory Tripoli, George Weidner"
2009,"Emilia Automatic Weather Station, 2009 Reader format three-hour observational data.","Antarctic Meteorological Research and Data Center, 2009: Emilia Automatic Weather Station, 2009 unmodified ten-minute observational data. AMRDC Data Repository, accessed DD-MM-YYYY, https://doi.org/10.48567/dgtf-bf89.",https://doi.org/10.48567/dgtf-bf89,"<a href=""https://www.nsf.gov/awardsearch/showAward?AWD_ID=0636873"">0636873</a>","<a href=""https://orcid.org/0000-0002-4343-498X"">Matthew Lazzara</a>, Gregory Tripoli, George Weidner"
2009,"Eric Automatic Weather Station, 2009 Reader format three-hour observational data.","Antarctic Meteorological Research and Data Center, 2009: Eric Automatic Weather Station, 2009 unmodified ten-minute observational data. AMRDC Data Repository, accessed DD-MM-YYYY, https://doi.org/10.48567/7624-ht13.",https://doi.org/10.48567/7624-ht13,"<a href=""https://www.nsf.gov/awardsearch/showAward?AWD_ID=0636873"">0636873</a>","<a href=""https://orcid.org/0000-0002-4343-498X"">Matthew Lazzara</a>, Gregory Tripoli, George Weidner"
2009,"Erin Automatic Weather Station, 2009 Reader format three-hour observational data.","Antarctic Meteorological Research and Data Center, 2009: Erin Automatic Weather Station, 2009 unmodified ten-minute observational data. AMRDC Data Repository, accessed DD-MM-YYYY, https://doi.org/10.48567/a9nj-0j03.",https://doi.org/10.48567/a9nj-0j03,"<a href=""https://www.nsf.gov/awardsearch/showAward?AWD_ID=0636873"">0636873</a>","<a href=""https://orcid.org/0000-0002-4343-498X"">Matthew Lazzara</a>, Gregory Tripoli, George Weidner"
2009,"Ferrell Automatic Weather Station, 2009 Reader format three-hour observational data.","Antarctic Meteorological Research and Data Center, 2009: Ferrell Automatic Weather Station, 2009 unmodified ten-minute observational data. AMRDC Data Repository, accessed DD-MM-YYYY, https://doi.org/10.48567/a9cy-8c24.",https://doi.org/10.48567/a9cy-8c24,"<a href=""https://www.nsf.gov/awardsearch/showAward?AWD_ID=0636873"">0636873</a>","<a href=""https://orcid.org/0000-0002-4343-498X"">Matthew Lazzara</a>, Gregory Tripoli, George Weidner"
2009,"Fossil Bluff Automatic Weather Station, 2009 Reader format three-hour observational data.","Antarctic Meteorological Research and Data Center, 2009: Fossil Bluff Automatic Weather Station, 2009 unmodified ten-minute observational data. AMRDC Data Repository, accessed DD-MM-YYYY, https://doi.org/10.48567/cbyg-qw06.",https://doi.org/10.48567/cbyg-qw06,"<a href=""https://www.nsf.gov/awardsearch/showAward?AWD_ID=0636873"">0636873</a>","<a href=""https://orcid.org/0000-0002-4343-498X"">Matthew Lazzara</a>, Gregory Tripoli, George Weidner"
2009,"Gill Automatic Weather Station, 2009 Reader format three-hour observational data.","Antarctic Meteorological Research and Data Center, 2009: Gill Automatic Weather Station, 2009 unmodified ten-minute observational data. AMRDC Data Repository, accessed DD-MM-YYYY, https://doi.org/10.48567/nayq-t971.",https://doi.org/10.48567/nayq-t971,"<a href=""https://www.nsf.gov/awardsearch/showAward?AWD_ID=0636873"">0636873</a>","<a href=""https://orcid.org/0000-0002-4343-498X"">Matthew Lazzara</a>, Gregory Tripoli, George Weidner"
2009,"Harry Automatic Weather Station, 2009 Reader format three-hour observational data.","Antarctic Meteorological Research and Data Center, 2009: Harry Automatic Weather Station, 2009 unmodified ten-minute observational data. AMRDC Data Repository, accessed DD-MM-YYYY, https://doi.org/10.48567/sdn3-7863.",https://doi.org/10.48567/sdn3-7863,"<a href=""https://www.nsf.gov/awardsearch/showAward?AWD_ID=0636873"">0636873</a>","<a href=""https://orcid.org/0000-0002-4343-498X"">Matthew Lazzara</a>, Gregory Tripoli, George Weidner"
2009,"Henry Automatic Weather Station, 2009 Reader format three-hour observational data.","Antarctic Meteorological Research and Data Center, 2009: Henry Automatic Weather Station, 2009 unmodified ten-minute observational data. AMRDC Data Repository, accessed DD-MM-YYYY, https://doi.org/10.48567/wckf-r804.",https://doi.org/10.48567/wckf-r804,"<a href=""https://www.nsf.gov/awardsearch/showAward?AWD_ID=0636873"">0636873</a>","<a href=""https://orcid.org/0000-0002-4343-498X"">Matthew Lazzara</a>, Gregory Tripoli, George Weidner"
2009,"Hugo Island Automatic Weather Station, 2009 Reader format three-hour observational data.","Antarctic Meteorological Research and Data Center, 2009: Hugo Island Automatic Weather Station, 2009 unmodified ten-minute observational data. AMRDC Data Repository, accessed DD-MM-YYYY, https://doi.org/10.48567/xsdv-m438.",https://doi.org/10.48567/xsdv-m438,"<a href=""https://www.nsf.gov/awardsearch/showAward?AWD_ID=0636873"">0636873</a>","<a href=""https://orcid.org/0000-0002-4343-498X"">Matthew Lazzara</a>, Gregory Tripoli, George Weidner"
2009,"JASE2007 Automatic Weather Station, 2009 Reader format three-hour observational data.","Antarctic Meteorological Research and Data Center, 2009: JASE2007 Automatic Weather Station, 2009 unmodified ten-minute observational data. AMRDC Data Repository, accessed DD-MM-YYYY, https://doi.org/10.48567/kh8p-z685.",https://doi.org/10.48567/kh8p-z685,"<a href=""https://www.nsf.gov/awardsearch/showAward?AWD_ID=0636873"">0636873</a>","<a href=""https://orcid.org/0000-0002-4343-498X"">Matthew Lazzara</a>, Gregory Tripoli, George Weidner"
2009,"Kominko-Slade Automatic Weather Station, 2009 Reader format three-hour observational data.","Antarctic Meteorological Research and Data Center, 2009: Kominko-Slade Automatic Weather Station, 2009 unmodified ten-minute observational data. AMRDC Data Repository, accessed DD-MM-YYYY, https://doi.org/10.48567/c9mw-yx84.",https://doi.org/10.48567/c9mw-yx84,"<a href=""https://www.nsf.gov/awardsearch/showAward?AWD_ID=0636873"">0636873</a>","<a href=""https://orcid.org/0000-0002-4343-498X"">Matthew Lazzara</a>, Gregory Tripoli, George Weidner"
2009,"Larsen Ice Shelf Automatic Weather Station, 2009 Reader format three-hour observational data.","Antarctic Meteorological Research and Data Center, 2009: Larsen Ice Shelf Automatic Weather Station, 2009 unmodified ten-minute observational data. AMRDC Data Repository, accessed DD-MM-YYYY, https://doi.org/10.48567/gman-5s06.",https://doi.org/10.48567/gman-5s06,"<a href=""https://www.nsf.gov/awardsearch/showAward?AWD_ID=0636873"">0636873</a>","<a href=""https://orcid.org/0000-0002-4343-498X"">Matthew Lazzara</a>, Gregory Tripoli, George Weidner"
2009,"Laurie II Automatic Weather Station, 2009 Reader format three-hour observational data.","Antarctic Meteorological Research and Data Center, 2009: Laurie II Automatic Weather Station, 2009 unmodified ten-minute observational data. AMRDC Data Repository, accessed DD-MM-YYYY, https://doi.org/10.48567/f1cw-zq27.",https://doi.org/10.48567/f1cw-zq27,"<a href=""https://www.nsf.gov/awardsearch/showAward?AWD_ID=0636873"">0636873</a>","<a href=""https://orcid.org/0000-0002-4343-498X"">Matthew Lazzara</a>, Gregory Tripoli, George Weidner"
2009,"Lettau Automatic Weather Station, 2009 Reader format three-hour observational data.","Antarctic Meteorological Research and Data Center, 2009: Lettau Automatic Weather Station, 2009 unmodified ten-minute observational data. AMRDC Data Repository, accessed DD-MM-YYYY, https://doi.org/10.48567/4n5m-pk37.",https://doi.org/10.48567/4n5m-pk37,"<a href=""https://www.nsf.gov/awardsearch/showAward?AWD_ID=0636873"">0636873</a>","<a href=""https://orcid.org/0000-0002-4343-498X"">Matthew Lazzara</a>, Gregory Tripoli, George Weidner"
2009,"Limbert Automatic Weather Station, 2009 Reader format three-hour observational data.","Antarctic Meteorological Research and Data Center, 2009: Limbert Automatic Weather Station, 2009 unmodified ten-minute observational data. AMRDC Data Repository, accessed DD-MM-YYYY, https://doi.org/10.48567/80q0-5811.",https://doi.org/10.48567/80q0-5811,"<a href=""https://www.nsf.gov/awardsearch/showAward?AWD_ID=0636873"">0636873</a>","<a href=""https://orcid.org/0000-0002-4343-498X"">Matthew Lazzara</a>, Gregory Tripoli, George Weidner"
2009,"Linda Automatic Weather Station, 2009 Reader format three-hour observational data.","Antarctic Meteorological Research and Data Center, 2009: Linda Automatic Weather Station, 2009 unmodified ten-minute observational data. AMRDC Data Repository, accessed DD-MM-YYYY, https://doi.org/10.48567/enrm-tf72.",https://doi.org/10.48567/enrm-tf72,"<a href=""https://www.nsf.gov/awardsearch/showAward?AWD_ID=0636873"">0636873</a>","<a href=""https://orcid.org/0000-0002-4343-498X"">Matthew Lazzara</a>, Gregory Tripoli, George Weidner"
2009,"Lorne Automatic Weather Station, 2009 Reader format three-hour observational data.","Antarctic Meteorological Research and Data Center, 2009: Lorne Automatic Weather Station, 2009 unmodified ten-minute observational data. AMRDC Data Repository, accessed DD-MM-YYYY, https://doi.org/10.48567/kdmj-7t11.",https://doi.org/10.48567/kdmj-7t11,"<a href=""https://www.nsf.gov/awardsearch/showAward?AWD_ID=0636873"">0636873</a>","<a href=""https://orcid.org/0000-0002-4343-498X"">Matthew Lazzara</a>, Gregory Tripoli, George Weidner"
2009,"Manuela Automatic Weather Station, 2009 Reader format three-hour observational data.","Antarctic Meteorological Research and Data Center, 2009: Manuela Automatic Weather Station, 2009 unmodified ten-minute observational data. AMRDC Data Repository, accessed DD-MM-YYYY, https://doi.org/10.48567/hd0d-1e50.",https://doi.org/10.48567/hd0d-1e50,"<a href=""https://www.nsf.gov/awardsearch/showAward?AWD_ID=0636873"">0636873</a>","<a href=""https://orcid.org/0000-0002-4343-498X"">Matthew Lazzara</a>, Gregory Tripoli, George Weidner"
2009,"Marble Point Automatic Weather Station, 2009 Reader format three-hour observational data.","Antarctic Meteorological Research and Data Center, 2009: Marble Point Automatic Weather Station, 2009 unmodified ten-minute observational data. AMRDC Data Repository, accessed DD-MM-YYYY, https://doi.org/10.48567/5r62-gb67.",https://doi.org/10.48567/5r62-gb67,"<a href=""https://www.nsf.gov/awardsearch/showAward?AWD_ID=0636873"">0636873</a>","<a href=""https://orcid.org/0000-0002-4343-498X"">Matthew Lazzara</a>, Gregory Tripoli, George Weidner"
2009,"Margaret Automatic Weather Station, 2009 Reader format three-hour observational data.","Antarctic Meteorological Research and Data Center, 2009: Margaret Automatic Weather Station, 2009 unmodified ten-minute observational data. AMRDC Data Repository, accessed DD-MM-YYYY, https://doi.org/10.48567/535d-dx07.",https://doi.org/10.48567/535d-dx07,"<a href=""https://www.nsf.gov/awardsearch/showAward?AWD_ID=0636873"">0636873</a>","<a href=""https://orcid.org/0000-0002-4343-498X"">Matthew Lazzara</a>, Gregory Tripoli, George Weidner"
2009,"Marilyn Automatic Weather Station, 2009 Reader format three-hour observational data.","Antarctic Meteorological Research and Data Center, 2009: Marilyn Automatic Weather Station, 2009 unmodified ten-minute observational data. AMRDC Data Repository, accessed DD-MM-YYYY, https://doi.org/10.48567/btkk-7173.",https://doi.org/10.48567/btkk-7173,"<a href=""https://www.nsf.gov/awardsearch/showAward?AWD_ID=0636873"">0636873</a>","<a href=""https://orcid.org/0000-0002-4343-498X"">Matthew Lazzara</a>, Gregory Tripoli, George Weidner"
2009,"Mary Automatic Weather Station, 2009 Reader format three-hour observational data.","Antarctic Meteorological Research and Data Center, 2009: Mary Automatic Weather Station, 2009 unmodified ten-minute observational data. AMRDC Data Repository, accessed DD-MM-YYYY, https://doi.org/10.48567/gzng-4e80.",https://doi.org/10.48567/gzng-4e80,"<a href=""https://www.nsf.gov/awardsearch/showAward?AWD_ID=0636873"">0636873</a>","<a href=""https://orcid.org/0000-0002-4343-498X"">Matthew Lazzara</a>, Gregory Tripoli, George Weidner"
2009,"Minna Bluff Automatic Weather Station, 2009 Reader format three-hour observational data.","Antarctic Meteorological Research and Data Center, 2009: Minna Bluff Automatic Weather Station, 2009 unmodified ten-minute observational data. AMRDC Data Repository, accessed DD-MM-YYYY, https://doi.org/10.48567/j5sd-tx75.",https://doi.org/10.48567/j5sd-tx75,"<a href=""https://www.nsf.gov/awardsearch/showAward?AWD_ID=0636873"">0636873</a>","<a href=""https://orcid.org/0000-0002-4343-498X"">Matthew Lazzara</a>, Gregory Tripoli, George Weidner"
2009,"Mizuho Automatic Weather Station, 2009 Reader format three-hour observational data.","Antarctic Meteorological Research and Data Center, 2009: Mizuho Automatic Weather Station, 2009 unmodified ten-minute observational data. AMRDC Data Repository, accessed DD-MM-YYYY, https://doi.org/10.48567/wxtr-gw05.",https://doi.org/10.48567/wxtr-gw05,"<a href=""https://www.nsf.gov/awardsearch/showAward?AWD_ID=0636873"">0636873</a>","<a href=""https://orcid.org/0000-0002-4343-498X"">Matthew Lazzara</a>, Gregory Tripoli, George Weidner"
2009,"Mount Fleming Automatic Weather Station, 2009 Reader format three-hour observational data.","Antarctic Meteorological Research and Data Center, 2009: Mount Fleming Automatic Weather Station, 2009 unmodified ten-minute observational data. AMRDC Data Repository, accessed DD-MM-YYYY, https://doi.org/10.48567/b467-w765.",https://doi.org/10.48567/b467-w765,"<a href=""https://www.nsf.gov/awardsearch/showAward?AWD_ID=0636873"">0636873</a>","<a href=""https://orcid.org/0000-0002-4343-498X"">Matthew Lazzara</a>, Gregory Tripoli, George Weidner"
2009,"Mount Siple Automatic Weather Station, 2009 Reader format three-hour observational data.","Antarctic Meteorological Research and Data Center, 2009: Mount Siple Automatic Weather Station, 2009 unmodified ten-minute observational data. AMRDC Data Repository, accessed DD-MM-YYYY, https://doi.org/10.48567/ah42-x258.",https://doi.org/10.48567/ah42-x258,"<a href=""https://www.nsf.gov/awardsearch/showAward?AWD_ID=0636873"">0636873</a>","<a href=""https://orcid.org/0000-0002-4343-498X"">Matthew Lazzara</a>, Gregory Tripoli, George Weidner"
2009,"Mulock Automatic Weather Station, 2009 Reader format three-hour observational data.","Antarctic Meteorological Research and Data Center, 2009: Mulock Automatic Weather Station, 2009 unmodified ten-minute observational data. AMRDC Data Repository, accessed DD-MM-YYYY, https://doi.org/10.48567/n880-ee96.",https://doi.org/10.48567/n880-ee96,"<a href=""https://www.nsf.gov/awardsearch/showAward?AWD_ID=0636873"">0636873</a>","<a href=""https://orcid.org/0000-0002-4343-498X"">Matthew Lazzara</a>, Gregory Tripoli, George Weidner"
2009,"Nico Automatic Weather Station, 2009 Reader format three-hour observational data.","Antarctic Meteorological Research and Data Center, 2009: Nico Automatic Weather Station, 2009 unmodified ten-minute observational data. AMRDC Data Repository, accessed DD-MM-YYYY, https://doi.org/10.48567/hwxf-my23.",https://doi.org/10.48567/hwxf-my23,"<a href=""https://www.nsf.gov/awardsearch/showAward?AWD_ID=0636873"">0636873</a>","<a href=""https://orcid.org/0000-0002-4343-498X"">Matthew Lazzara</a>, Gregory Tripoli, George Weidner"
2009,"PANDA-South Automatic Weather Station, 2009 Reader format three-hour observational data.","Antarctic Meteorological Research and Data Center, 2009: PANDA-South Automatic Weather Station, 2009 unmodified ten-minute observational data. AMRDC Data Repository, accessed DD-MM-YYYY, https://doi.org/10.48567/2w9p-wp79.",https://doi.org/10.48567/2w9p-wp79,"<a href=""https://www.nsf.gov/awardsearch/showAward?AWD_ID=0636873"">0636873</a>","<a href=""https://orcid.org/0000-0002-4343-498X"">Matthew Lazzara</a>, Gregory Tripoli, George Weidner"
2009,"Pegasus North Automatic Weather Station, 2009 Reader format three-hour observational data.","Antarctic Meteorological Research and Data Center, 2009: Pegasus North Automatic Weather Station, 2009 unmodified ten-minute observational data. AMRDC Data Repository, accessed DD-MM-YYYY, https://doi.org/10.48567/hgmh-mg53.",https://doi.org/10.48567/hgmh-mg53,"<a href=""https://www.nsf.gov/awardsearch/showAward?AWD_ID=0636873"">0636873</a>","<a href=""https://orcid.org/0000-0002-4343-498X"">Matthew Lazzara</a>, Gregory Tripoli, George Weidner"
2009,"Pegasus South Automatic Weather Station, 2009 Reader format three-hour observational data.","Antarctic Meteorological Research and Data Center, 2009: Pegasus South Automatic Weather Station, 2009 unmodified ten-minute observational data. AMRDC Data Repository, accessed DD-MM-YYYY, https://doi.org/10.48567/zjxz-bh53.",https://doi.org/10.48567/zjxz-bh53,"<a href=""https://www.nsf.gov/awardsearch/showAward?AWD_ID=0636873"">0636873</a>","<a href=""https://orcid.org/0000-0002-4343-498X"">Matthew Lazzara</a>, Gregory Tripoli, George Weidner"
2009,"Possession Island Automatic Weather Station, 2009 Reader format three-hour observational data.","Antarctic Meteorological Research and Data Center, 2009: Possession Island Automatic Weather Station, 2009 unmodified ten-minute observational data. AMRDC Data Repository, accessed DD-MM-YYYY, https://doi.org/10.48567/3dz9-1972.",https://doi.org/10.48567/3dz9-1972,"<a href=""https://www.nsf.gov/awardsearch/showAward?AWD_ID=0636873"">0636873</a>","<a href=""https://orcid.org/0000-0002-4343-498X"">Matthew Lazzara</a>, Gregory Tripoli, George Weidner"
2009,"Sabrina Automatic Weather Station, 2009 Reader format three-hour observational data.","Antarctic Meteorological Research and Data Center, 2009: Sabrina Automatic Weather Station, 2009 unmodified ten-minute observational data. AMRDC Data Repository, accessed DD-MM-YYYY, https://doi.org/10.48567/rcxb-cg65.",https://doi.org/10.48567/rcxb-cg65,"<a href=""https://www.nsf.gov/awardsearch/showAward?AWD_ID=0636873"">0636873</a>","<a href=""https://orcid.org/0000-0002-4343-498X"">Matthew Lazzara</a>, Gregory Tripoli, George Weidner"
2009,"Schwerdtfeger Automatic Weather Station, 2009 Reader format three-hour observational data.","Antarctic Meteorological Research and Data Center, 2009: Schwerdtfeger Automatic Weather Station, 2009 unmodified ten-minute observational data. AMRDC Data Repository, accessed DD-MM-YYYY, https://doi.org/10.48567/f1zv-ee61.",https://doi.org/10.48567/f1zv-ee61,"<a href=""https://www.nsf.gov/awardsearch/showAward?AWD_ID=0636873"">0636873</a>","<a href=""https://orcid.org/0000-0002-4343-498X"">Matthew Lazzara</a>, Gregory Tripoli, George Weidner"
2009,"Siple Dome Automatic Weather Station, 2009 Reader format three-hour observational data.","Antarctic Meteorological Research and Data Center, 2009: Siple Dome Automatic Weather Station, 2009 unmodified ten-minute observational data. AMRDC Data Repository, accessed DD-MM-YYYY, https://doi.org/10.48567/4br6-me32.",https://doi.org/10.48567/4br6-me32,"<a href=""https://www.nsf.gov/awardsearch/showAward?AWD_ID=0636873"">0636873</a>","<a href=""https://orcid.org/0000-0002-4343-498X"">Matthew Lazzara</a>, Gregory Tripoli, George Weidner"
2009,"Sky Blu Automatic Weather Station, 2009 Reader format three-hour observational data.","Antarctic Meteorological Research and Data Center, 2009: Sky Blu Automatic Weather Station, 2009 unmodified ten-minute observational data. AMRDC Data Repository, accessed DD-MM-YYYY, https://doi.org/10.48567/6rn6-n661.",https://doi.org/10.48567/6rn6-n661,"<a href=""https://www.nsf.gov/awardsearch/showAward?AWD_ID=0636873"">0636873</a>","<a href=""https://orcid.org/0000-0002-4343-498X"">Matthew Lazzara</a>, Gregory Tripoli, George Weidner"
2009,"Swithinbank Automatic Weather Station, 2009 Reader format three-hour observational data.","Antarctic Meteorological Research and Data Center, 2009: Swithinbank Automatic Weather Station, 2009 unmodified ten-minute observational data. AMRDC Data Repository, accessed DD-MM-YYYY, https://doi.org/10.48567/gb6z-4152.",https://doi.org/10.48567/gb6z-4152,"<a href=""https://www.nsf.gov/awardsearch/showAward?AWD_ID=0636873"">0636873</a>","<a href=""https://orcid.org/0000-0002-4343-498X"">Matthew Lazzara</a>, Gregory Tripoli, George Weidner"
2009,"Theresa Automatic Weather Station, 2009 Reader format three-hour observational data.","Antarctic Meteorological Research and Data Center, 2009: Theresa Automatic Weather Station, 2009 unmodified ten-minute observational data. AMRDC Data Repository, accessed DD-MM-YYYY, https://doi.org/10.48567/xsrp-cg40.",https://doi.org/10.48567/xsrp-cg40,"<a href=""https://www.nsf.gov/awardsearch/showAward?AWD_ID=0636873"">0636873</a>","<a href=""https://orcid.org/0000-0002-4343-498X"">Matthew Lazzara</a>, Gregory Tripoli, George Weidner"
2009,"Vito Automatic Weather Station, 2009 Reader format three-hour observational data.","Antarctic Meteorological Research and Data Center, 2009: Vito Automatic Weather Station, 2009 unmodified ten-minute observational data. AMRDC Data Repository, accessed DD-MM-YYYY, https://doi.org/10.48567/mhz2-w126.",https://doi.org/10.48567/mhz2-w126,"<a href=""https://www.nsf.gov/awardsearch/showAward?AWD_ID=0636873"">0636873</a>","<a href=""https://orcid.org/0000-0002-4343-498X"">Matthew Lazzara</a>, Gregory Tripoli, George Weidner"
2009,"Willie Field Automatic Weather Station, 2009 Reader format three-hour observational data.","Antarctic Meteorological Research and Data Center, 2009: Willie Field Automatic Weather Station, 2009 unmodified ten-minute observational data. AMRDC Data Repository, accessed DD-MM-YYYY, https://doi.org/10.48567/hkcp-nh16.",https://doi.org/10.48567/hkcp-nh16,"<a href=""https://www.nsf.gov/awardsearch/showAward?AWD_ID=0636873"">0636873</a>","<a href=""https://orcid.org/0000-0002-4343-498X"">Matthew Lazzara</a>, Gregory Tripoli, George Weidner"
2009,"Windless Bight Automatic Weather Station, 2009 Reader format three-hour observational data.","Antarctic Meteorological Research and Data Center, 2009: Windless Bight Automatic Weather Station, 2009 unmodified ten-minute observational data. AMRDC Data Repository, accessed DD-MM-YYYY, https://doi.org/10.48567/vgkf-p627.",https://doi.org/10.48567/vgkf-p627,"<a href=""https://www.nsf.gov/awardsearch/showAward?AWD_ID=0636873"">0636873</a>","<a href=""https://orcid.org/0000-0002-4343-498X"">Matthew Lazzara</a>, Gregory Tripoli, George Weidner"