1992,"GISP2 Automatic Weather Station, Greenland, 1992 Reader format three-hour observational data.","Antarctic Meteorological Research and Data Center, 1992: GISP2 Automatic Weather Station, Greenland, 1992 Reader format three-hour observational data. AMRDC Data Repository, accessed DD-MM-YYYY, https://doi.org/10.48567/50mt-cm52.",https://doi.org/10.48567/50mt-cm52,"<a href=""https://www.nsf.gov/awardsearch/showAward?AWD_ID=9015586"">9015586</a>",Charles Stearns
1992,"Julie Automatic Weather Station, Greenland, 1992 Reader format three-hour observational data.","Antarctic Meteorological Research and Data Center, 1992: Julie Automatic Weather Station, Greenland, 1992 Reader format three-hour observational data. AMRDC Data Repository, accessed DD-MM-YYYY, https://doi.org/10.48567/5mgk-mm36.",https://doi.org/10.48567/5mgk-mm36,"<a href=""https://www.nsf.gov/awardsearch/showAward?AWD_ID=9015586"">9015586</a>",Charles Stearns
1992,"Klinck Automatic Weather Station, Greenland, 1992 Reader format three-hour observational data.","Antarctic Meteorological Research and Data Center, 1992: Klinck Automatic Weather Station, Greenland, 1992 Reader format three-hour observational data. AMRDC Data Repository, accessed DD-MM-YYYY, https://doi.org/10.48567/xjex-6s11.",https://doi.org/10.48567/xjex-6s11,"<a href=""https://www.nsf.gov/awardsearch/showAward?AWD_ID=9015586"">9015586</a>",Charles Stearns
1992,"Matt Automatic Weather Station, Greenland, 1992 Reader format three-hour observational data.","Antarctic Meteorological Research and Data Center, 1992: Matt Automatic Weather Station, Greenland, 1992 Reader format three-hour observational data. AMRDC Data Repository, accessed DD-MM-YYYY, https://doi.org/10.48567/b5fe-0653.",https://doi.org/10.48567/b5fe-0653,"<a href=""https://www.nsf.gov/awardsearch/showAward?AWD_ID=9015586"">9015586</a>",Charles Stearns
1992,"Barber Automatic Weather Station, Greenland, 1992 Reader format three-hour observational data.","Antarctic Meteorological Research and Data Center, 1992: Barber Automatic Weather Station, Greenland, 1992 Reader format three-hour observational data. AMRDC Data Repository, accessed DD-MM-YYYY, https://doi.org/10.48567/m35q-7207.",https://doi.org/10.48567/m35q-7207,"<a href=""https://www.nsf.gov/awardsearch/showAward?AWD_ID=9015586"">9015586</a>",Charles Stearns
1992,"Kenton Automatic Weather Station, Greenland, 1992 Reader format three-hour observational data.","Antarctic Meteorological Research and Data Center, 1992: Kenton Automatic Weather Station, Greenland, 1992 Reader format three-hour observational data. AMRDC Data Repository, accessed DD-MM-YYYY, https://doi.org/10.48567/5zrf-xd75.",https://doi.org/10.48567/5zrf-xd75,"<a href=""https://www.nsf.gov/awardsearch/showAward?AWD_ID=9015586"">9015586</a>",Charles Stearns
