1994,"GISP2 Automatic Weather Station, Greenland, 1994 unmodified ten-minute observational data.","Antarctic Meteorological Research and Data Center, 1994: GISP2 Automatic Weather Station, Greenland, 1994 unmodified ten-minute observational data. AMRDC Data Repository, accessed DD-MM-YYYY, https://doi.org/10.48567/n14m-v216.",https://doi.org/10.48567/n14m-v216,"<a href=""https://www.nsf.gov/awardsearch/showAward?AWD_ID=9303569"">9303569</a>, <a href=""https://www.nsf.gov/awardsearch/showAward?AWD_ID=9015586"">9015586</a>",Charles Stearns
1994,"Julie Automatic Weather Station, Greenland, 1994 unmodified ten-minute observational data.","Antarctic Meteorological Research and Data Center, 1994: Julie Automatic Weather Station, Greenland, 1994 unmodified ten-minute observational data. AMRDC Data Repository, accessed DD-MM-YYYY, https://doi.org/10.48567/zp7e-7c06.",https://doi.org/10.48567/zp7e-7c06,"<a href=""https://www.nsf.gov/awardsearch/showAward?AWD_ID=9303569"">9303569</a>, <a href=""https://www.nsf.gov/awardsearch/showAward?AWD_ID=9015586"">9015586</a>",Charles Stearns
1994,"Klinck Automatic Weather Station, Greenland, 1994 unmodified ten-minute observational data.","Antarctic Meteorological Research and Data Center, 1994: Klinck Automatic Weather Station, Greenland, 1994 unmodified ten-minute observational data. AMRDC Data Repository, accessed DD-MM-YYYY, https://doi.org/10.48567/sbxp-ct23.",https://doi.org/10.48567/sbxp-ct23,"<a href=""https://www.nsf.gov/awardsearch/showAward?AWD_ID=9303569"">9303569</a>, <a href=""https://www.nsf.gov/awardsearch/showAward?AWD_ID=9015586"">9015586</a>",Charles Stearns
1994,"Matt Automatic Weather Station, Greenland, 1994 unmodified ten-minute observational data.","Antarctic Meteorological Research and Data Center, 1994: Matt Automatic Weather Station, Greenland, 1994 unmodified ten-minute observational data. AMRDC Data Repository, accessed DD-MM-YYYY, https://doi.org/10.48567/89ze-my96.",https://doi.org/10.48567/89ze-my96,"<a href=""https://www.nsf.gov/awardsearch/showAward?AWD_ID=9303569"">9303569</a>, <a href=""https://www.nsf.gov/awardsearch/showAward?AWD_ID=9015586"">9015586</a>",Charles Stearns
1994,"Barber Automatic Weather Station, Greenland, 1994 unmodified ten-minute observational data.","Antarctic Meteorological Research and Data Center, 1994: Barber Automatic Weather Station, Greenland, 1994 unmodified ten-minute observational data. AMRDC Data Repository, accessed DD-MM-YYYY, https://doi.org/10.48567/5pqp-2n65.",https://doi.org/10.48567/5pqp-2n65,"<a href=""https://www.nsf.gov/awardsearch/showAward?AWD_ID=9303569"">9303569</a>, <a href=""https://www.nsf.gov/awardsearch/showAward?AWD_ID=9015586"">9015586</a>",Charles Stearns
1994,"Kenton Automatic Weather Station, Greenland, 1994 unmodified ten-minute observational data.","Antarctic Meteorological Research and Data Center, 1994: Kenton Automatic Weather Station, Greenland, 1994 unmodified ten-minute observational data. AMRDC Data Repository, accessed DD-MM-YYYY, https://doi.org/10.48567/bwrb-jg17.",https://doi.org/10.48567/bwrb-jg17,"<a href=""https://www.nsf.gov/awardsearch/showAward?AWD_ID=9303569"">9303569</a>, <a href=""https://www.nsf.gov/awardsearch/showAward?AWD_ID=9015586"">9015586</a>",Charles Stearns
