1995,"GISP2 Automatic Weather Station, Greenland, 1995 unmodified ten-minute observational data.","Antarctic Meteorological Research and Data Center, 1995: GISP2 Automatic Weather Station, Greenland, 1995 unmodified ten-minute observational data. AMRDC Data Repository, accessed DD-MM-YYYY, https://doi.org/10.48567/wcce-3664.",https://doi.org/10.48567/wcce-3664,"<a href=""https://www.nsf.gov/awardsearch/showAward?AWD_ID=9419128"">9419128</a>, <a href=""https://www.nsf.gov/awardsearch/showAward?AWD_ID=9303569"">9303569</a>",Charles Stearns
1995,"Julie Automatic Weather Station, Greenland, 1995 unmodified ten-minute observational data.","Antarctic Meteorological Research and Data Center, 1995: Julie Automatic Weather Station, Greenland, 1995 unmodified ten-minute observational data. AMRDC Data Repository, accessed DD-MM-YYYY, https://doi.org/10.48567/hbez-n413.",https://doi.org/10.48567/hbez-n413,"<a href=""https://www.nsf.gov/awardsearch/showAward?AWD_ID=9419128"">9419128</a>, <a href=""https://www.nsf.gov/awardsearch/showAward?AWD_ID=9303569"">9303569</a>",Charles Stearns
1995,"Klinck Automatic Weather Station, Greenland, 1995 unmodified ten-minute observational data.","Antarctic Meteorological Research and Data Center, 1995: Klinck Automatic Weather Station, Greenland, 1995 unmodified ten-minute observational data. AMRDC Data Repository, accessed DD-MM-YYYY, https://doi.org/10.48567/4yth-5177.",https://doi.org/10.48567/4yth-5177,"<a href=""https://www.nsf.gov/awardsearch/showAward?AWD_ID=9419128"">9419128</a>, <a href=""https://www.nsf.gov/awardsearch/showAward?AWD_ID=9303569"">9303569</a>",Charles Stearns
1995,"Matt Automatic Weather Station, Greenland, 1995 unmodified ten-minute observational data.","Antarctic Meteorological Research and Data Center, 1995: Matt Automatic Weather Station, Greenland, 1995 unmodified ten-minute observational data. AMRDC Data Repository, accessed DD-MM-YYYY, https://doi.org/10.48567/t0cg-x667.",https://doi.org/10.48567/t0cg-x667,"<a href=""https://www.nsf.gov/awardsearch/showAward?AWD_ID=9419128"">9419128</a>, <a href=""https://www.nsf.gov/awardsearch/showAward?AWD_ID=9303569"">9303569</a>",Charles Stearns
1995,"Barber Automatic Weather Station, Greenland, 1995 unmodified ten-minute observational data.","Antarctic Meteorological Research and Data Center, 1995: Barber Automatic Weather Station, Greenland, 1995 unmodified ten-minute observational data. AMRDC Data Repository, accessed DD-MM-YYYY, https://doi.org/10.48567/hx4d-rr68.",https://doi.org/10.48567/hx4d-rr68,"<a href=""https://www.nsf.gov/awardsearch/showAward?AWD_ID=9419128"">9419128</a>, <a href=""https://www.nsf.gov/awardsearch/showAward?AWD_ID=9303569"">9303569</a>",Charles Stearns
1995,"Kenton Automatic Weather Station, Greenland, 1995 unmodified ten-minute observational data.","Antarctic Meteorological Research and Data Center, 1995: Kenton Automatic Weather Station, Greenland, 1995 unmodified ten-minute observational data. AMRDC Data Repository, accessed DD-MM-YYYY, https://doi.org/10.48567/enwv-vp07.",https://doi.org/10.48567/enwv-vp07,"<a href=""https://www.nsf.gov/awardsearch/showAward?AWD_ID=9419128"">9419128</a>, <a href=""https://www.nsf.gov/awardsearch/showAward?AWD_ID=9303569"">9303569</a>",Charles Stearns
