1991,"GISP2 Automatic Weather Station, Greenland, 1991 unmodified ten-minute observational data.","Antarctic Meteorological Research and Data Center, 1991: GISP2 Automatic Weather Station, Greenland, 1991 unmodified ten-minute observational data. AMRDC Data Repository, accessed DD-MM-YYYY, https://doi.org/10.48567/cxwb-f848.",https://doi.org/10.48567/cxwb-f848,"<a href=""https://www.nsf.gov/awardsearch/showAward?AWD_ID=9015586"">9015586</a>",Charles Stearns
1991,"Julie Automatic Weather Station, Greenland, 1991 unmodified ten-minute observational data.","Antarctic Meteorological Research and Data Center, 1991: Julie Automatic Weather Station, Greenland, 1991 unmodified ten-minute observational data. AMRDC Data Repository, accessed DD-MM-YYYY, https://doi.org/10.48567/rwaz-5887.",https://doi.org/10.48567/rwaz-5887,"<a href=""https://www.nsf.gov/awardsearch/showAward?AWD_ID=9015586"">9015586</a>",Charles Stearns
1991,"Klinck Automatic Weather Station, Greenland, 1991 unmodified ten-minute observational data.","Antarctic Meteorological Research and Data Center, 1991: Klinck Automatic Weather Station, Greenland, 1991 unmodified ten-minute observational data. AMRDC Data Repository, accessed DD-MM-YYYY, https://doi.org/10.48567/b70p-x480.",https://doi.org/10.48567/b70p-x480,"<a href=""https://www.nsf.gov/awardsearch/showAward?AWD_ID=9015586"">9015586</a>",Charles Stearns
1991,"Matt Automatic Weather Station, Greenland, 1991 unmodified ten-minute observational data.","Antarctic Meteorological Research and Data Center, 1991: Matt Automatic Weather Station, Greenland, 1991 unmodified ten-minute observational data. AMRDC Data Repository, accessed DD-MM-YYYY, https://doi.org/10.48567/sk9k-7813.",https://doi.org/10.48567/sk9k-7813,"<a href=""https://www.nsf.gov/awardsearch/showAward?AWD_ID=9015586"">9015586</a>",Charles Stearns
1991,"Barber Automatic Weather Station, Greenland, 1991 unmodified ten-minute observational data.","Antarctic Meteorological Research and Data Center, 1991: Barber Automatic Weather Station, Greenland, 1991 unmodified ten-minute observational data. AMRDC Data Repository, accessed DD-MM-YYYY, https://doi.org/10.48567/67tm-9509.",https://doi.org/10.48567/67tm-9509,"<a href=""https://www.nsf.gov/awardsearch/showAward?AWD_ID=9015586"">9015586</a>",Charles Stearns
1991,"Kenton Automatic Weather Station, Greenland, 1991 unmodified ten-minute observational data.","Antarctic Meteorological Research and Data Center, 1991: Kenton Automatic Weather Station, Greenland, 1991 unmodified ten-minute observational data. AMRDC Data Repository, accessed DD-MM-YYYY, https://doi.org/10.48567/cazv-af68.",https://doi.org/10.48567/cazv-af68,"<a href=""https://www.nsf.gov/awardsearch/showAward?AWD_ID=9015586"">9015586</a>",Charles Stearns
