1991,"GISP2 Automatic Weather Station, Greenland, 1991 Reader format three-hour observational data.","Antarctic Meteorological Research and Data Center, 1991: GISP2 Automatic Weather Station, Greenland, 1991 Reader format three-hour observational data. AMRDC Data Repository, accessed DD-MM-YYYY, https://doi.org/10.48567/s8cf-ms13.",https://doi.org/10.48567/s8cf-ms13,"<a href=""https://www.nsf.gov/awardsearch/showAward?AWD_ID=9015586"">9015586</a>",Charles Stearns
1991,"Julie Automatic Weather Station, Greenland, 1991 Reader format three-hour observational data.","Antarctic Meteorological Research and Data Center, 1991: Julie Automatic Weather Station, Greenland, 1991 Reader format three-hour observational data. AMRDC Data Repository, accessed DD-MM-YYYY, https://doi.org/10.48567/tx11-y236.",https://doi.org/10.48567/tx11-y236,"<a href=""https://www.nsf.gov/awardsearch/showAward?AWD_ID=9015586"">9015586</a>",Charles Stearns
1991,"Klinck Automatic Weather Station, Greenland, 1991 Reader format three-hour observational data.","Antarctic Meteorological Research and Data Center, 1991: Klinck Automatic Weather Station, Greenland, 1991 Reader format three-hour observational data. AMRDC Data Repository, accessed DD-MM-YYYY, https://doi.org/10.48567/vc8w-9m60.",https://doi.org/10.48567/vc8w-9m60,"<a href=""https://www.nsf.gov/awardsearch/showAward?AWD_ID=9015586"">9015586</a>",Charles Stearns
1991,"Matt Automatic Weather Station, Greenland, 1991 Reader format three-hour observational data.","Antarctic Meteorological Research and Data Center, 1991: Matt Automatic Weather Station, Greenland, 1991 Reader format three-hour observational data. AMRDC Data Repository, accessed DD-MM-YYYY, https://doi.org/10.48567/sbq7-9g22.",https://doi.org/10.48567/sbq7-9g22,"<a href=""https://www.nsf.gov/awardsearch/showAward?AWD_ID=9015586"">9015586</a>",Charles Stearns
1991,"Barber Automatic Weather Station, Greenland, 1991 Reader format three-hour observational data.","Antarctic Meteorological Research and Data Center, 1991: Barber Automatic Weather Station, Greenland, 1991 Reader format three-hour observational data. AMRDC Data Repository, accessed DD-MM-YYYY, https://doi.org/10.48567/b81n-vj40.",https://doi.org/10.48567/b81n-vj40,"<a href=""https://www.nsf.gov/awardsearch/showAward?AWD_ID=9015586"">9015586</a>",Charles Stearns
1991,"Kenton Automatic Weather Station, Greenland, 1991 Reader format three-hour observational data.","Antarctic Meteorological Research and Data Center, 1991: Kenton Automatic Weather Station, Greenland, 1991 Reader format three-hour observational data. AMRDC Data Repository, accessed DD-MM-YYYY, https://doi.org/10.48567/9965-bd58.",https://doi.org/10.48567/9965-bd58,"<a href=""https://www.nsf.gov/awardsearch/showAward?AWD_ID=9015586"">9015586</a>",Charles Stearns
