1992,"GISP2 Automatic Weather Station, Greenland, 1992 unmodified ten-minute observational data.","Antarctic Meteorological Research and Data Center, 1992: GISP2 Automatic Weather Station, Greenland, 1992 unmodified ten-minute observational data. AMRDC Data Repository, accessed DD-MM-YYYY, https://doi.org/10.48567/5vdn-hx73.",https://doi.org/10.48567/5vdn-hx73,"<a href=""https://www.nsf.gov/awardsearch/showAward?AWD_ID=9015586"">9015586</a>",Charles Stearns
1992,"Julie Automatic Weather Station, Greenland, 1992 unmodified ten-minute observational data.","Antarctic Meteorological Research and Data Center, 1992: Julie Automatic Weather Station, Greenland, 1992 unmodified ten-minute observational data. AMRDC Data Repository, accessed DD-MM-YYYY, https://doi.org/10.48567/jc60-md04.",https://doi.org/10.48567/jc60-md04,"<a href=""https://www.nsf.gov/awardsearch/showAward?AWD_ID=9015586"">9015586</a>",Charles Stearns
1992,"Klinck Automatic Weather Station, Greenland, 1992 unmodified ten-minute observational data.","Antarctic Meteorological Research and Data Center, 1992: Klinck Automatic Weather Station, Greenland, 1992 unmodified ten-minute observational data. AMRDC Data Repository, accessed DD-MM-YYYY, https://doi.org/10.48567/86my-2g92.",https://doi.org/10.48567/86my-2g92,"<a href=""https://www.nsf.gov/awardsearch/showAward?AWD_ID=9015586"">9015586</a>",Charles Stearns
1992,"Matt Automatic Weather Station, Greenland, 1992 unmodified ten-minute observational data.","Antarctic Meteorological Research and Data Center, 1992: Matt Automatic Weather Station, Greenland, 1992 unmodified ten-minute observational data. AMRDC Data Repository, accessed DD-MM-YYYY, https://doi.org/10.48567/ftt8-zq81.",https://doi.org/10.48567/ftt8-zq81,"<a href=""https://www.nsf.gov/awardsearch/showAward?AWD_ID=9015586"">9015586</a>",Charles Stearns
1992,"Barber Automatic Weather Station, Greenland, 1992 unmodified ten-minute observational data.","Antarctic Meteorological Research and Data Center, 1992: Barber Automatic Weather Station, Greenland, 1992 unmodified ten-minute observational data. AMRDC Data Repository, accessed DD-MM-YYYY, https://doi.org/10.48567/et3p-wn60.",https://doi.org/10.48567/et3p-wn60,"<a href=""https://www.nsf.gov/awardsearch/showAward?AWD_ID=9015586"">9015586</a>",Charles Stearns
1992,"Kenton Automatic Weather Station, Greenland, 1992 unmodified ten-minute observational data.","Antarctic Meteorological Research and Data Center, 1992: Kenton Automatic Weather Station, Greenland, 1992 unmodified ten-minute observational data. AMRDC Data Repository, accessed DD-MM-YYYY, https://doi.org/10.48567/jfc5-6750.",https://doi.org/10.48567/jfc5-6750,"<a href=""https://www.nsf.gov/awardsearch/showAward?AWD_ID=9015586"">9015586</a>",Charles Stearns
