2018,"AGO-4 Automatic Weather Station, 2018 Reader format three-hour observational data.","Antarctic Meteorological Research and Data Center, 2018: AGO-4 Automatic Weather Station, 2018 unmodified ten-minute observational data. AMRDC Data Repository, accessed DD-MM-YYYY, https://doi.org/10.48567/f8c7-n258.",https://doi.org/10.48567/f8c7-n258,,"<a href=""https://orcid.org/0000-0002-4343-498X"">Matthew Lazzara</a>, Mark Kulie"
2018,"Baldrick Automatic Weather Station, 2018 Reader format three-hour observational data.","Antarctic Meteorological Research and Data Center, 2018: Baldrick Automatic Weather Station, 2018 unmodified ten-minute observational data. AMRDC Data Repository, accessed DD-MM-YYYY, https://doi.org/10.48567/117p-m121.",https://doi.org/10.48567/117p-m121,,"<a href=""https://orcid.org/0000-0002-4343-498X"">Matthew Lazzara</a>, Mark Kulie"
2018,"Bear Peninsula Automatic Weather Station, 2018 Reader format three-hour observational data.","Antarctic Meteorological Research and Data Center, 2018: Bear Peninsula Automatic Weather Station, 2018 unmodified ten-minute observational data. AMRDC Data Repository, accessed DD-MM-YYYY, https://doi.org/10.48567/b9m6-je86.",https://doi.org/10.48567/b9m6-je86,,"<a href=""https://orcid.org/0000-0002-4343-498X"">Matthew Lazzara</a>, Mark Kulie"
2018,"Byrd Automatic Weather Station, 2018 Reader format three-hour observational data.","Antarctic Meteorological Research and Data Center, 2018: Byrd Automatic Weather Station, 2018 unmodified ten-minute observational data. AMRDC Data Repository, accessed DD-MM-YYYY, https://doi.org/10.48567/gs98-5f58.",https://doi.org/10.48567/gs98-5f58,,"<a href=""https://orcid.org/0000-0002-4343-498X"">Matthew Lazzara</a>, Mark Kulie"
2018,"Cape Bird Automatic Weather Station, 2018 Reader format three-hour observational data.","Antarctic Meteorological Research and Data Center, 2018: Cape Bird Automatic Weather Station, 2018 unmodified ten-minute observational data. AMRDC Data Repository, accessed DD-MM-YYYY, https://doi.org/10.48567/p238-et63.",https://doi.org/10.48567/p238-et63,,"<a href=""https://orcid.org/0000-0002-4343-498X"">Matthew Lazzara</a>, Mark Kulie"
2018,"Cape Hallett Automatic Weather Station, 2018 Reader format three-hour observational data.","Antarctic Meteorological Research and Data Center, 2018: Cape Hallett Automatic Weather Station, 2018 unmodified ten-minute observational data. AMRDC Data Repository, accessed DD-MM-YYYY, https://doi.org/10.48567/8k9n-5j40.",https://doi.org/10.48567/8k9n-5j40,,"<a href=""https://orcid.org/0000-0002-4343-498X"">Matthew Lazzara</a>, Mark Kulie"
2018,"D-10 Automatic Weather Station, 2018 Reader format three-hour observational data.","Antarctic Meteorological Research and Data Center, 2018: D-10 Automatic Weather Station, 2018 unmodified ten-minute observational data. AMRDC Data Repository, accessed DD-MM-YYYY, https://doi.org/10.48567/cmvh-sf46.",https://doi.org/10.48567/cmvh-sf46,,"<a href=""https://orcid.org/0000-0002-4343-498X"">Matthew Lazzara</a>, Mark Kulie"
2018,"D-47 Automatic Weather Station, 2018 Reader format three-hour observational data.","Antarctic Meteorological Research and Data Center, 2018: D-47 Automatic Weather Station, 2018 unmodified ten-minute observational data. AMRDC Data Repository, accessed DD-MM-YYYY, https://doi.org/10.48567/33hf-ps49.",https://doi.org/10.48567/33hf-ps49,,"<a href=""https://orcid.org/0000-0002-4343-498X"">Matthew Lazzara</a>, Mark Kulie"
2018,"D-85 Automatic Weather Station, 2018 Reader format three-hour observational data.","Antarctic Meteorological Research and Data Center, 2018: D-85 Automatic Weather Station, 2018 unmodified ten-minute observational data. AMRDC Data Repository, accessed DD-MM-YYYY, https://doi.org/10.48567/r7at-xt81.",https://doi.org/10.48567/r7at-xt81,,"<a href=""https://orcid.org/0000-0002-4343-498X"">Matthew Lazzara</a>, Mark Kulie"
2018,"Dismal Island Automatic Weather Station, 2018 Reader format three-hour observational data.","Antarctic Meteorological Research and Data Center, 2018: Dismal Island Automatic Weather Station, 2018 unmodified ten-minute observational data. AMRDC Data Repository, accessed DD-MM-YYYY, https://doi.org/10.48567/na26-v468.",https://doi.org/10.48567/na26-v468,,"<a href=""https://orcid.org/0000-0002-4343-498X"">Matthew Lazzara</a>, Mark Kulie"
2018,"Dome C II Automatic Weather Station, 2018 Reader format three-hour observational data.","Antarctic Meteorological Research and Data Center, 2018: Dome C II Automatic Weather Station, 2018 unmodified ten-minute observational data. AMRDC Data Repository, accessed DD-MM-YYYY, https://doi.org/10.48567/d40g-n152.",https://doi.org/10.48567/d40g-n152,,"<a href=""https://orcid.org/0000-0002-4343-498X"">Matthew Lazzara</a>, Mark Kulie"
2018,"Dome Fuji Automatic Weather Station, 2018 Reader format three-hour observational data.","Antarctic Meteorological Research and Data Center, 2018: Dome Fuji Automatic Weather Station, 2018 unmodified ten-minute observational data. AMRDC Data Repository, accessed DD-MM-YYYY, https://doi.org/10.48567/eapt-qa75.",https://doi.org/10.48567/eapt-qa75,,"<a href=""https://orcid.org/0000-0002-4343-498X"">Matthew Lazzara</a>, Mark Kulie"
2018,"Elaine Automatic Weather Station, 2018 Reader format three-hour observational data.","Antarctic Meteorological Research and Data Center, 2018: Elaine Automatic Weather Station, 2018 unmodified ten-minute observational data. AMRDC Data Repository, accessed DD-MM-YYYY, https://doi.org/10.48567/bbtp-7626.",https://doi.org/10.48567/bbtp-7626,,"<a href=""https://orcid.org/0000-0002-4343-498X"">Matthew Lazzara</a>, Mark Kulie"
2018,"Elizabeth Automatic Weather Station, 2018 Reader format three-hour observational data.","Antarctic Meteorological Research and Data Center, 2018: Elizabeth Automatic Weather Station, 2018 unmodified ten-minute observational data. AMRDC Data Repository, accessed DD-MM-YYYY, https://doi.org/10.48567/66dp-ew04.",https://doi.org/10.48567/66dp-ew04,,"<a href=""https://orcid.org/0000-0002-4343-498X"">Matthew Lazzara</a>, Mark Kulie"
2018,"Emilia Automatic Weather Station, 2018 Reader format three-hour observational data.","Antarctic Meteorological Research and Data Center, 2018: Emilia Automatic Weather Station, 2018 unmodified ten-minute observational data. AMRDC Data Repository, accessed DD-MM-YYYY, https://doi.org/10.48567/07dt-rz79.",https://doi.org/10.48567/07dt-rz79,,"<a href=""https://orcid.org/0000-0002-4343-498X"">Matthew Lazzara</a>, Mark Kulie"
2018,"Emma Automatic Weather Station, 2018 Reader format three-hour observational data.","Antarctic Meteorological Research and Data Center, 2018: Emma Automatic Weather Station, 2018 unmodified ten-minute observational data. AMRDC Data Repository, accessed DD-MM-YYYY, https://doi.org/10.48567/tk8j-yd38.",https://doi.org/10.48567/tk8j-yd38,,"<a href=""https://orcid.org/0000-0002-4343-498X"">Matthew Lazzara</a>, Mark Kulie"
2018,"Erin Automatic Weather Station, 2018 Reader format three-hour observational data.","Antarctic Meteorological Research and Data Center, 2018: Erin Automatic Weather Station, 2018 unmodified ten-minute observational data. AMRDC Data Repository, accessed DD-MM-YYYY, https://doi.org/10.48567/kpet-5t70.",https://doi.org/10.48567/kpet-5t70,,"<a href=""https://orcid.org/0000-0002-4343-498X"">Matthew Lazzara</a>, Mark Kulie"
2018,"Evans Knoll Automatic Weather Station, 2018 Reader format three-hour observational data.","Antarctic Meteorological Research and Data Center, 2018: Evans Knoll Automatic Weather Station, 2018 unmodified ten-minute observational data. AMRDC Data Repository, accessed DD-MM-YYYY, https://doi.org/10.48567/pghm-qc32.",https://doi.org/10.48567/pghm-qc32,,"<a href=""https://orcid.org/0000-0002-4343-498X"">Matthew Lazzara</a>, Mark Kulie"
2018,"Ferrell Automatic Weather Station, 2018 Reader format three-hour observational data.","Antarctic Meteorological Research and Data Center, 2018: Ferrell Automatic Weather Station, 2018 unmodified ten-minute observational data. AMRDC Data Repository, accessed DD-MM-YYYY, https://doi.org/10.48567/4s38-2c56.",https://doi.org/10.48567/4s38-2c56,,"<a href=""https://orcid.org/0000-0002-4343-498X"">Matthew Lazzara</a>, Mark Kulie"
2018,"Gill Automatic Weather Station, 2018 Reader format three-hour observational data.","Antarctic Meteorological Research and Data Center, 2018: Gill Automatic Weather Station, 2018 unmodified ten-minute observational data. AMRDC Data Repository, accessed DD-MM-YYYY, https://doi.org/10.48567/5g50-zn78.",https://doi.org/10.48567/5g50-zn78,,"<a href=""https://orcid.org/0000-0002-4343-498X"">Matthew Lazzara</a>, Mark Kulie"
2018,"Harry Automatic Weather Station, 2018 Reader format three-hour observational data.","Antarctic Meteorological Research and Data Center, 2018: Harry Automatic Weather Station, 2018 unmodified ten-minute observational data. AMRDC Data Repository, accessed DD-MM-YYYY, https://doi.org/10.48567/2tz4-4187.",https://doi.org/10.48567/2tz4-4187,,"<a href=""https://orcid.org/0000-0002-4343-498X"">Matthew Lazzara</a>, Mark Kulie"
2018,"JASE2007 Automatic Weather Station, 2018 Reader format three-hour observational data.","Antarctic Meteorological Research and Data Center, 2018: JASE2007 Automatic Weather Station, 2018 unmodified ten-minute observational data. AMRDC Data Repository, accessed DD-MM-YYYY, https://doi.org/10.48567/g149-8106.",https://doi.org/10.48567/g149-8106,,"<a href=""https://orcid.org/0000-0002-4343-498X"">Matthew Lazzara</a>, Mark Kulie"
2018,"Janet Automatic Weather Station, 2018 Reader format three-hour observational data.","Antarctic Meteorological Research and Data Center, 2018: Janet Automatic Weather Station, 2018 unmodified ten-minute observational data. AMRDC Data Repository, accessed DD-MM-YYYY, https://doi.org/10.48567/j6pa-hg23.",https://doi.org/10.48567/j6pa-hg23,,"<a href=""https://orcid.org/0000-0002-4343-498X"">Matthew Lazzara</a>, Mark Kulie"
2018,"Kathie Automatic Weather Station, 2018 Reader format three-hour observational data.","Antarctic Meteorological Research and Data Center, 2018: Kathie Automatic Weather Station, 2018 unmodified ten-minute observational data. AMRDC Data Repository, accessed DD-MM-YYYY, https://doi.org/10.48567/302s-bd26.",https://doi.org/10.48567/302s-bd26,,"<a href=""https://orcid.org/0000-0002-4343-498X"">Matthew Lazzara</a>, Mark Kulie"
2018,"Kominko-Slade Automatic Weather Station, 2018 Reader format three-hour observational data.","Antarctic Meteorological Research and Data Center, 2018: Kominko-Slade Automatic Weather Station, 2018 unmodified ten-minute observational data. AMRDC Data Repository, accessed DD-MM-YYYY, https://doi.org/10.48567/h5e8-0x65.",https://doi.org/10.48567/h5e8-0x65,,"<a href=""https://orcid.org/0000-0002-4343-498X"">Matthew Lazzara</a>, Mark Kulie"
2018,"Laurie II Automatic Weather Station, 2018 Reader format three-hour observational data.","Antarctic Meteorological Research and Data Center, 2018: Laurie II Automatic Weather Station, 2018 unmodified ten-minute observational data. AMRDC Data Repository, accessed DD-MM-YYYY, https://doi.org/10.48567/c9rt-6j51.",https://doi.org/10.48567/c9rt-6j51,,"<a href=""https://orcid.org/0000-0002-4343-498X"">Matthew Lazzara</a>, Mark Kulie"
2018,"Lettau Automatic Weather Station, 2018 Reader format three-hour observational data.","Antarctic Meteorological Research and Data Center, 2018: Lettau Automatic Weather Station, 2018 unmodified ten-minute observational data. AMRDC Data Repository, accessed DD-MM-YYYY, https://doi.org/10.48567/ykqs-qw74.",https://doi.org/10.48567/ykqs-qw74,,"<a href=""https://orcid.org/0000-0002-4343-498X"">Matthew Lazzara</a>, Mark Kulie"
2018,"Linda Automatic Weather Station, 2018 Reader format three-hour observational data.","Antarctic Meteorological Research and Data Center, 2018: Linda Automatic Weather Station, 2018 unmodified ten-minute observational data. AMRDC Data Repository, accessed DD-MM-YYYY, https://doi.org/10.48567/rg2s-af51.",https://doi.org/10.48567/rg2s-af51,,"<a href=""https://orcid.org/0000-0002-4343-498X"">Matthew Lazzara</a>, Mark Kulie"
2018,"Manuela Automatic Weather Station, 2018 Reader format three-hour observational data.","Antarctic Meteorological Research and Data Center, 2018: Manuela Automatic Weather Station, 2018 unmodified ten-minute observational data. AMRDC Data Repository, accessed DD-MM-YYYY, https://doi.org/10.48567/6pk8-pe30.",https://doi.org/10.48567/6pk8-pe30,,"<a href=""https://orcid.org/0000-0002-4343-498X"">Matthew Lazzara</a>, Mark Kulie"
2018,"Marble Point Automatic Weather Station, 2018 Reader format three-hour observational data.","Antarctic Meteorological Research and Data Center, 2018: Marble Point Automatic Weather Station, 2018 unmodified ten-minute observational data. AMRDC Data Repository, accessed DD-MM-YYYY, https://doi.org/10.48567/ed80-9b65.",https://doi.org/10.48567/ed80-9b65,,"<a href=""https://orcid.org/0000-0002-4343-498X"">Matthew Lazzara</a>, Mark Kulie"
2018,"Marble Point II Automatic Weather Station, 2018 Reader format three-hour observational data.","Antarctic Meteorological Research and Data Center, 2018: Marble Point II Automatic Weather Station, 2018 unmodified ten-minute observational data. AMRDC Data Repository, accessed DD-MM-YYYY, https://doi.org/10.48567/mztf-5j40.",https://doi.org/10.48567/mztf-5j40,,"<a href=""https://orcid.org/0000-0002-4343-498X"">Matthew Lazzara</a>, Mark Kulie"
2018,"Margaret Automatic Weather Station, 2018 Reader format three-hour observational data.","Antarctic Meteorological Research and Data Center, 2018: Margaret Automatic Weather Station, 2018 unmodified ten-minute observational data. AMRDC Data Repository, accessed DD-MM-YYYY, https://doi.org/10.48567/pyq4-f590.",https://doi.org/10.48567/pyq4-f590,,"<a href=""https://orcid.org/0000-0002-4343-498X"">Matthew Lazzara</a>, Mark Kulie"
2018,"Marilyn Automatic Weather Station, 2018 Reader format three-hour observational data.","Antarctic Meteorological Research and Data Center, 2018: Marilyn Automatic Weather Station, 2018 unmodified ten-minute observational data. AMRDC Data Repository, accessed DD-MM-YYYY, https://doi.org/10.48567/h0m3-c612.",https://doi.org/10.48567/h0m3-c612,,"<a href=""https://orcid.org/0000-0002-4343-498X"">Matthew Lazzara</a>, Mark Kulie"
2018,"Minna Bluff Automatic Weather Station, 2018 Reader format three-hour observational data.","Antarctic Meteorological Research and Data Center, 2018: Minna Bluff Automatic Weather Station, 2018 unmodified ten-minute observational data. AMRDC Data Repository, accessed DD-MM-YYYY, https://doi.org/10.48567/kmx0-9845.",https://doi.org/10.48567/kmx0-9845,,"<a href=""https://orcid.org/0000-0002-4343-498X"">Matthew Lazzara</a>, Mark Kulie"
2018,"Mizuho Automatic Weather Station, 2018 Reader format three-hour observational data.","Antarctic Meteorological Research and Data Center, 2018: Mizuho Automatic Weather Station, 2018 unmodified ten-minute observational data. AMRDC Data Repository, accessed DD-MM-YYYY, https://doi.org/10.48567/7139-7v13.",https://doi.org/10.48567/7139-7v13,,"<a href=""https://orcid.org/0000-0002-4343-498X"">Matthew Lazzara</a>, Mark Kulie"
2018,"Mount Siple Automatic Weather Station, 2018 Reader format three-hour observational data.","Antarctic Meteorological Research and Data Center, 2018: Mount Siple Automatic Weather Station, 2018 unmodified ten-minute observational data. AMRDC Data Repository, accessed DD-MM-YYYY, https://doi.org/10.48567/8w2r-7m77.",https://doi.org/10.48567/8w2r-7m77,,"<a href=""https://orcid.org/0000-0002-4343-498X"">Matthew Lazzara</a>, Mark Kulie"
2018,"Nico Automatic Weather Station, 2018 Reader format three-hour observational data.","Antarctic Meteorological Research and Data Center, 2018: Nico Automatic Weather Station, 2018 unmodified ten-minute observational data. AMRDC Data Repository, accessed DD-MM-YYYY, https://doi.org/10.48567/5q56-at11.",https://doi.org/10.48567/5q56-at11,,"<a href=""https://orcid.org/0000-0002-4343-498X"">Matthew Lazzara</a>, Mark Kulie"
2018,"PANDA-South Automatic Weather Station, 2018 Reader format three-hour observational data.","Antarctic Meteorological Research and Data Center, 2018: PANDA-South Automatic Weather Station, 2018 unmodified ten-minute observational data. AMRDC Data Repository, accessed DD-MM-YYYY, https://doi.org/10.48567/d6xa-sh85.",https://doi.org/10.48567/d6xa-sh85,,"<a href=""https://orcid.org/0000-0002-4343-498X"">Matthew Lazzara</a>, Mark Kulie"
2018,"Phoenix Automatic Weather Station, 2018 Reader format three-hour observational data.","Antarctic Meteorological Research and Data Center, 2018: Phoenix Automatic Weather Station, 2018 unmodified ten-minute observational data. AMRDC Data Repository, accessed DD-MM-YYYY, https://doi.org/10.48567/s79s-k942.",https://doi.org/10.48567/s79s-k942,,"<a href=""https://orcid.org/0000-0002-4343-498X"">Matthew Lazzara</a>, Mark Kulie"
2018,"Possession Island Automatic Weather Station, 2018 Reader format three-hour observational data.","Antarctic Meteorological Research and Data Center, 2018: Possession Island Automatic Weather Station, 2018 unmodified ten-minute observational data. AMRDC Data Repository, accessed DD-MM-YYYY, https://doi.org/10.48567/bcc0-xe98.",https://doi.org/10.48567/bcc0-xe98,,"<a href=""https://orcid.org/0000-0002-4343-498X"">Matthew Lazzara</a>, Mark Kulie"
2018,"Relay Station Automatic Weather Station, 2018 Reader format three-hour observational data.","Antarctic Meteorological Research and Data Center, 2018: Relay Station Automatic Weather Station, 2018 unmodified ten-minute observational data. AMRDC Data Repository, accessed DD-MM-YYYY, https://doi.org/10.48567/cx89-e285.",https://doi.org/10.48567/cx89-e285,,"<a href=""https://orcid.org/0000-0002-4343-498X"">Matthew Lazzara</a>, Mark Kulie"
2018,"Sabrina Automatic Weather Station, 2018 Reader format three-hour observational data.","Antarctic Meteorological Research and Data Center, 2018: Sabrina Automatic Weather Station, 2018 unmodified ten-minute observational data. AMRDC Data Repository, accessed DD-MM-YYYY, https://doi.org/10.48567/1qak-va59.",https://doi.org/10.48567/1qak-va59,,"<a href=""https://orcid.org/0000-0002-4343-498X"">Matthew Lazzara</a>, Mark Kulie"
2018,"Schwerdtfeger Automatic Weather Station, 2018 Reader format three-hour observational data.","Antarctic Meteorological Research and Data Center, 2018: Schwerdtfeger Automatic Weather Station, 2018 unmodified ten-minute observational data. AMRDC Data Repository, accessed DD-MM-YYYY, https://doi.org/10.48567/m3jn-vz93.",https://doi.org/10.48567/m3jn-vz93,,"<a href=""https://orcid.org/0000-0002-4343-498X"">Matthew Lazzara</a>, Mark Kulie"
2018,"Siple Dome Automatic Weather Station, 2018 Reader format three-hour observational data.","Antarctic Meteorological Research and Data Center, 2018: Siple Dome Automatic Weather Station, 2018 unmodified ten-minute observational data. AMRDC Data Repository, accessed DD-MM-YYYY, https://doi.org/10.48567/g6jw-zt64.",https://doi.org/10.48567/g6jw-zt64,,"<a href=""https://orcid.org/0000-0002-4343-498X"">Matthew Lazzara</a>, Mark Kulie"
2018,"Theresa Automatic Weather Station, 2018 Reader format three-hour observational data.","Antarctic Meteorological Research and Data Center, 2018: Theresa Automatic Weather Station, 2018 unmodified ten-minute observational data. AMRDC Data Repository, accessed DD-MM-YYYY, https://doi.org/10.48567/kx94-j031.",https://doi.org/10.48567/kx94-j031,,"<a href=""https://orcid.org/0000-0002-4343-498X"">Matthew Lazzara</a>, Mark Kulie"
2018,"Thurston Island Automatic Weather Station, 2018 Reader format three-hour observational data.","Antarctic Meteorological Research and Data Center, 2018: Thurston Island Automatic Weather Station, 2018 unmodified ten-minute observational data. AMRDC Data Repository, accessed DD-MM-YYYY, https://doi.org/10.48567/qbq2-rb74.",https://doi.org/10.48567/qbq2-rb74,,"<a href=""https://orcid.org/0000-0002-4343-498X"">Matthew Lazzara</a>, Mark Kulie"
2018,"Vito Automatic Weather Station, 2018 Reader format three-hour observational data.","Antarctic Meteorological Research and Data Center, 2018: Vito Automatic Weather Station, 2018 unmodified ten-minute observational data. AMRDC Data Repository, accessed DD-MM-YYYY, https://doi.org/10.48567/d68h-8e40.",https://doi.org/10.48567/d68h-8e40,,"<a href=""https://orcid.org/0000-0002-4343-498X"">Matthew Lazzara</a>, Mark Kulie"
2018,"White Island Automatic Weather Station, 2018 Reader format three-hour observational data.","Antarctic Meteorological Research and Data Center, 2018: White Island Automatic Weather Station, 2018 unmodified ten-minute observational data. AMRDC Data Repository, accessed DD-MM-YYYY, https://doi.org/10.48567/9zzk-qj02.",https://doi.org/10.48567/9zzk-qj02,,"<a href=""https://orcid.org/0000-0002-4343-498X"">Matthew Lazzara</a>, Mark Kulie"
2018,"Whitlock Automatic Weather Station, 2018 Reader format three-hour observational data.","Antarctic Meteorological Research and Data Center, 2018: Whitlock Automatic Weather Station, 2018 unmodified ten-minute observational data. AMRDC Data Repository, accessed DD-MM-YYYY, https://doi.org/10.48567/2w19-rf24.",https://doi.org/10.48567/2w19-rf24,,"<a href=""https://orcid.org/0000-0002-4343-498X"">Matthew Lazzara</a>, Mark Kulie"
2018,"Willie Field Automatic Weather Station, 2018 Reader format three-hour observational data.","Antarctic Meteorological Research and Data Center, 2018: Willie Field Automatic Weather Station, 2018 unmodified ten-minute observational data. AMRDC Data Repository, accessed DD-MM-YYYY, https://doi.org/10.48567/xaxj-hb84.",https://doi.org/10.48567/xaxj-hb84,,"<a href=""https://orcid.org/0000-0002-4343-498X"">Matthew Lazzara</a>, Mark Kulie"
2018,"Windless Bight Automatic Weather Station, 2018 Reader format three-hour observational data.","Antarctic Meteorological Research and Data Center, 2018: Windless Bight Automatic Weather Station, 2018 unmodified ten-minute observational data. AMRDC Data Repository, accessed DD-MM-YYYY, https://doi.org/10.48567/atmp-8t46.",https://doi.org/10.48567/atmp-8t46,,"<a href=""https://orcid.org/0000-0002-4343-498X"">Matthew Lazzara</a>, Mark Kulie"
