2021,"AGO-4 Automatic Weather Station, 2021 Reader format three-hour observational data. ","Antarctic Meteorological Research and Data Center, 2021: AGO-4 Automatic Weather Station, 2021 unmodified ten-minute observational data. AMRDC Data Repository, accessed DD-MM-YYYY, https://doi.org/10.48567/463v-pc56.",https://doi.org/10.48567/463v-pc56,https://www.nsf.gov/awardsearch/showAward?AWD_ID=1924730,"<a href=""https://orcid.org/0000-0002-4343-498X"">Matthew Lazzara</a>, <a href=""https://orcid.org/0000-0002-7466-5836"">Lee Welhouse</a>"
2021,"Austin Automatic Weather Station, 2021 Reader format three-hour observational data. ","Antarctic Meteorological Research and Data Center, 2021: Austin Automatic Weather Station, 2021 unmodified ten-minute observational data. AMRDC Data Repository, accessed DD-MM-YYYY, https://doi.org/10.48567/95ng-y671.",https://doi.org/10.48567/95ng-y671,https://www.nsf.gov/awardsearch/showAward?AWD_ID=1924730,"<a href=""https://orcid.org/0000-0002-4343-498X"">Matthew Lazzara</a>, <a href=""https://orcid.org/0000-0002-7466-5836"">Lee Welhouse</a>"
2021,"Baldrick Automatic Weather Station, 2021 Reader format three-hour observational data. ","Antarctic Meteorological Research and Data Center, 2021: Baldrick Automatic Weather Station, 2021 unmodified ten-minute observational data. AMRDC Data Repository, accessed DD-MM-YYYY, https://doi.org/10.48567/dmv6-tb04.",https://doi.org/10.48567/dmv6-tb04,https://www.nsf.gov/awardsearch/showAward?AWD_ID=1924730,"<a href=""https://orcid.org/0000-0002-4343-498X"">Matthew Lazzara</a>, <a href=""https://orcid.org/0000-0002-7466-5836"">Lee Welhouse</a>"
2021,"Bear Peninsula Automatic Weather Station, 2021 Reader format three-hour observational data. ","Antarctic Meteorological Research and Data Center, 2021: Bear Peninsula Automatic Weather Station, 2021 unmodified ten-minute observational data. AMRDC Data Repository, accessed DD-MM-YYYY, https://doi.org/10.48567/wp96-9p06.",https://doi.org/10.48567/wp96-9p06,https://www.nsf.gov/awardsearch/showAward?AWD_ID=1924730,"<a href=""https://orcid.org/0000-0002-4343-498X"">Matthew Lazzara</a>, <a href=""https://orcid.org/0000-0002-7466-5836"">Lee Welhouse</a>"
2021,"Byrd Automatic Weather Station, 2021 Reader format three-hour observational data. ","Antarctic Meteorological Research and Data Center, 2021: Byrd Automatic Weather Station, 2021 unmodified ten-minute observational data. AMRDC Data Repository, accessed DD-MM-YYYY, https://doi.org/10.48567/dcce-je62.",https://doi.org/10.48567/dcce-je62,https://www.nsf.gov/awardsearch/showAward?AWD_ID=1924730,"<a href=""https://orcid.org/0000-0002-4343-498X"">Matthew Lazzara</a>, <a href=""https://orcid.org/0000-0002-7466-5836"">Lee Welhouse</a>"
2021,"Cape Bird Automatic Weather Station, 2021 Reader format three-hour observational data. ","Antarctic Meteorological Research and Data Center, 2021: Cape Bird Automatic Weather Station, 2021 unmodified ten-minute observational data. AMRDC Data Repository, accessed DD-MM-YYYY, https://doi.org/10.48567/76zs-kr28.",https://doi.org/10.48567/76zs-kr28,https://www.nsf.gov/awardsearch/showAward?AWD_ID=1924730,"<a href=""https://orcid.org/0000-0002-4343-498X"">Matthew Lazzara</a>, <a href=""https://orcid.org/0000-0002-7466-5836"">Lee Welhouse</a>"
2021,"D-10 Automatic Weather Station, 2021 Reader format three-hour observational data. ","Antarctic Meteorological Research and Data Center, 2021: D-10 Automatic Weather Station, 2021 unmodified ten-minute observational data. AMRDC Data Repository, accessed DD-MM-YYYY, https://doi.org/10.48567/e8ay-ay03.",https://doi.org/10.48567/e8ay-ay03,https://www.nsf.gov/awardsearch/showAward?AWD_ID=1924730,"<a href=""https://orcid.org/0000-0002-4343-498X"">Matthew Lazzara</a>, <a href=""https://orcid.org/0000-0002-7466-5836"">Lee Welhouse</a>"
2021,"D-47 Automatic Weather Station, 2021 Reader format three-hour observational data. ","Antarctic Meteorological Research and Data Center, 2021: D-47 Automatic Weather Station, 2021 unmodified ten-minute observational data. AMRDC Data Repository, accessed DD-MM-YYYY, https://doi.org/10.48567/w2br-v552.",https://doi.org/10.48567/w2br-v552,https://www.nsf.gov/awardsearch/showAward?AWD_ID=1924730,"<a href=""https://orcid.org/0000-0002-4343-498X"">Matthew Lazzara</a>, <a href=""https://orcid.org/0000-0002-7466-5836"">Lee Welhouse</a>"
2021,"D-85 Automatic Weather Station, 2021 Reader format three-hour observational data. ","Antarctic Meteorological Research and Data Center, 2021: D-85 Automatic Weather Station, 2021 unmodified ten-minute observational data. AMRDC Data Repository, accessed DD-MM-YYYY, https://doi.org/10.48567/98d8-v411.",https://doi.org/10.48567/98d8-v411,https://www.nsf.gov/awardsearch/showAward?AWD_ID=1924730,"<a href=""https://orcid.org/0000-0002-4343-498X"">Matthew Lazzara</a>, <a href=""https://orcid.org/0000-0002-7466-5836"">Lee Welhouse</a>"
2021,"Dismal Island Automatic Weather Station, 2021 Reader format three-hour observational data. ","Antarctic Meteorological Research and Data Center, 2021: Dismal Island Automatic Weather Station, 2021 unmodified ten-minute observational data. AMRDC Data Repository, accessed DD-MM-YYYY, https://doi.org/10.48567/hjpc-f008.",https://doi.org/10.48567/hjpc-f008,https://www.nsf.gov/awardsearch/showAward?AWD_ID=1924730,"<a href=""https://orcid.org/0000-0002-4343-498X"">Matthew Lazzara</a>, <a href=""https://orcid.org/0000-0002-7466-5836"">Lee Welhouse</a>"
2021,"Dome C II Automatic Weather Station, 2021 Reader format three-hour observational data. ","Antarctic Meteorological Research and Data Center, 2021: Dome C II Automatic Weather Station, 2021 unmodified ten-minute observational data. AMRDC Data Repository, accessed DD-MM-YYYY, https://doi.org/10.48567/tags-tj61.",https://doi.org/10.48567/tags-tj61,https://www.nsf.gov/awardsearch/showAward?AWD_ID=1924730,"<a href=""https://orcid.org/0000-0002-4343-498X"">Matthew Lazzara</a>, <a href=""https://orcid.org/0000-0002-7466-5836"">Lee Welhouse</a>"
2021,"Dome Fuji Automatic Weather Station, 2021 Reader format three-hour observational data. ","Antarctic Meteorological Research and Data Center, 2021: Dome Fuji Automatic Weather Station, 2021 unmodified ten-minute observational data. AMRDC Data Repository, accessed DD-MM-YYYY, https://doi.org/10.48567/8z2h-re28.",https://doi.org/10.48567/8z2h-re28,https://www.nsf.gov/awardsearch/showAward?AWD_ID=1924730,"<a href=""https://orcid.org/0000-0002-4343-498X"">Matthew Lazzara</a>, <a href=""https://orcid.org/0000-0002-7466-5836"">Lee Welhouse</a>"
2021,"Elizabeth Automatic Weather Station, 2021 Reader format three-hour observational data. ","Antarctic Meteorological Research and Data Center, 2021: Elizabeth Automatic Weather Station, 2021 unmodified ten-minute observational data. AMRDC Data Repository, accessed DD-MM-YYYY, https://doi.org/10.48567/tbe9-jd12.",https://doi.org/10.48567/tbe9-jd12,https://www.nsf.gov/awardsearch/showAward?AWD_ID=1924730,"<a href=""https://orcid.org/0000-0002-4343-498X"">Matthew Lazzara</a>, <a href=""https://orcid.org/0000-0002-7466-5836"">Lee Welhouse</a>"
2021,"Emilia Automatic Weather Station, 2021 Reader format three-hour observational data. ","Antarctic Meteorological Research and Data Center, 2021: Emilia Automatic Weather Station, 2021 unmodified ten-minute observational data. AMRDC Data Repository, accessed DD-MM-YYYY, https://doi.org/10.48567/d6g1-k498.",https://doi.org/10.48567/d6g1-k498,https://www.nsf.gov/awardsearch/showAward?AWD_ID=1924730,"<a href=""https://orcid.org/0000-0002-4343-498X"">Matthew Lazzara</a>, <a href=""https://orcid.org/0000-0002-7466-5836"">Lee Welhouse</a>"
2021,"Emma Automatic Weather Station, 2021 Reader format three-hour observational data. ","Antarctic Meteorological Research and Data Center, 2021: Emma Automatic Weather Station, 2021 unmodified ten-minute observational data. AMRDC Data Repository, accessed DD-MM-YYYY, https://doi.org/10.48567/yh8b-2273.",https://doi.org/10.48567/yh8b-2273,https://www.nsf.gov/awardsearch/showAward?AWD_ID=1924730,"<a href=""https://orcid.org/0000-0002-4343-498X"">Matthew Lazzara</a>, <a href=""https://orcid.org/0000-0002-7466-5836"">Lee Welhouse</a>"
2021,"Erin Automatic Weather Station, 2021 Reader format three-hour observational data. ","Antarctic Meteorological Research and Data Center, 2021: Erin Automatic Weather Station, 2021 unmodified ten-minute observational data. AMRDC Data Repository, accessed DD-MM-YYYY, https://doi.org/10.48567/nmty-px29.",https://doi.org/10.48567/nmty-px29,https://www.nsf.gov/awardsearch/showAward?AWD_ID=1924730,"<a href=""https://orcid.org/0000-0002-4343-498X"">Matthew Lazzara</a>, <a href=""https://orcid.org/0000-0002-7466-5836"">Lee Welhouse</a>"
2021,"Ferrell Automatic Weather Station, 2021 Reader format three-hour observational data. ","Antarctic Meteorological Research and Data Center, 2021: Ferrell Automatic Weather Station, 2021 unmodified ten-minute observational data. AMRDC Data Repository, accessed DD-MM-YYYY, https://doi.org/10.48567/44jz-yy14.",https://doi.org/10.48567/44jz-yy14,https://www.nsf.gov/awardsearch/showAward?AWD_ID=1924730,"<a href=""https://orcid.org/0000-0002-4343-498X"">Matthew Lazzara</a>, <a href=""https://orcid.org/0000-0002-7466-5836"">Lee Welhouse</a>"
2021,"Gill Automatic Weather Station, 2021 Reader format three-hour observational data. ","Antarctic Meteorological Research and Data Center, 2021: Gill Automatic Weather Station, 2021 unmodified ten-minute observational data. AMRDC Data Repository, accessed DD-MM-YYYY, https://doi.org/10.48567/0wkr-cw55.",https://doi.org/10.48567/0wkr-cw55,https://www.nsf.gov/awardsearch/showAward?AWD_ID=1924730,"<a href=""https://orcid.org/0000-0002-4343-498X"">Matthew Lazzara</a>, <a href=""https://orcid.org/0000-0002-7466-5836"">Lee Welhouse</a>"
2021,"Harry Automatic Weather Station, 2021 Reader format three-hour observational data. ","Antarctic Meteorological Research and Data Center, 2021: Harry Automatic Weather Station, 2021 unmodified ten-minute observational data. AMRDC Data Repository, accessed DD-MM-YYYY, https://doi.org/10.48567/aq0s-yf44.",https://doi.org/10.48567/aq0s-yf44,https://www.nsf.gov/awardsearch/showAward?AWD_ID=1924730,"<a href=""https://orcid.org/0000-0002-4343-498X"">Matthew Lazzara</a>, <a href=""https://orcid.org/0000-0002-7466-5836"">Lee Welhouse</a>"
2021,"Henry Automatic Weather Station, 2021 Reader format three-hour observational data. ","Antarctic Meteorological Research and Data Center, 2021: Henry Automatic Weather Station, 2021 unmodified ten-minute observational data. AMRDC Data Repository, accessed DD-MM-YYYY, https://doi.org/10.48567/h4j4-k277.",https://doi.org/10.48567/h4j4-k277,https://www.nsf.gov/awardsearch/showAward?AWD_ID=1924730,"<a href=""https://orcid.org/0000-0002-4343-498X"">Matthew Lazzara</a>, <a href=""https://orcid.org/0000-0002-7466-5836"">Lee Welhouse</a>"
2021,"JASE2007 Automatic Weather Station, 2021 Reader format three-hour observational data. ","Antarctic Meteorological Research and Data Center, 2021: JASE2007 Automatic Weather Station, 2021 unmodified ten-minute observational data. AMRDC Data Repository, accessed DD-MM-YYYY, https://doi.org/10.48567/h5yf-2t97.",https://doi.org/10.48567/h5yf-2t97,https://www.nsf.gov/awardsearch/showAward?AWD_ID=1924730,"<a href=""https://orcid.org/0000-0002-4343-498X"">Matthew Lazzara</a>, <a href=""https://orcid.org/0000-0002-7466-5836"">Lee Welhouse</a>"
2021,"Janet Automatic Weather Station, 2021 Reader format three-hour observational data. ","Antarctic Meteorological Research and Data Center, 2021: Janet Automatic Weather Station, 2021 unmodified ten-minute observational data. AMRDC Data Repository, accessed DD-MM-YYYY, https://doi.org/10.48567/v84m-t804.",https://doi.org/10.48567/v84m-t804,https://www.nsf.gov/awardsearch/showAward?AWD_ID=1924730,"<a href=""https://orcid.org/0000-0002-4343-498X"">Matthew Lazzara</a>, <a href=""https://orcid.org/0000-0002-7466-5836"">Lee Welhouse</a>"
2021,"Kathie Automatic Weather Station, 2021 Reader format three-hour observational data. ","Antarctic Meteorological Research and Data Center, 2021: Kathie Automatic Weather Station, 2021 unmodified ten-minute observational data. AMRDC Data Repository, accessed DD-MM-YYYY, https://doi.org/10.48567/nkm8-jf27.",https://doi.org/10.48567/nkm8-jf27,https://www.nsf.gov/awardsearch/showAward?AWD_ID=1924730,"<a href=""https://orcid.org/0000-0002-4343-498X"">Matthew Lazzara</a>, <a href=""https://orcid.org/0000-0002-7466-5836"">Lee Welhouse</a>"
2021,"Laurie II Automatic Weather Station, 2021 Reader format three-hour observational data. ","Antarctic Meteorological Research and Data Center, 2021: Laurie II Automatic Weather Station, 2021 unmodified ten-minute observational data. AMRDC Data Repository, accessed DD-MM-YYYY, https://doi.org/10.48567/cttk-r477.",https://doi.org/10.48567/cttk-r477,https://www.nsf.gov/awardsearch/showAward?AWD_ID=1924730,"<a href=""https://orcid.org/0000-0002-4343-498X"">Matthew Lazzara</a>, <a href=""https://orcid.org/0000-0002-7466-5836"">Lee Welhouse</a>"
2021,"Lettau Automatic Weather Station, 2021 Reader format three-hour observational data. ","Antarctic Meteorological Research and Data Center, 2021: Lettau Automatic Weather Station, 2021 unmodified ten-minute observational data. AMRDC Data Repository, accessed DD-MM-YYYY, https://doi.org/10.48567/b0cr-9x47.",https://doi.org/10.48567/b0cr-9x47,https://www.nsf.gov/awardsearch/showAward?AWD_ID=1924730,"<a href=""https://orcid.org/0000-0002-4343-498X"">Matthew Lazzara</a>, <a href=""https://orcid.org/0000-0002-7466-5836"">Lee Welhouse</a>"
2021,"Linda Automatic Weather Station, 2021 Reader format three-hour observational data. ","Antarctic Meteorological Research and Data Center, 2021: Linda Automatic Weather Station, 2021 unmodified ten-minute observational data. AMRDC Data Repository, accessed DD-MM-YYYY, https://doi.org/10.48567/9xq3-7102.",https://doi.org/10.48567/9xq3-7102,https://www.nsf.gov/awardsearch/showAward?AWD_ID=1924730,"<a href=""https://orcid.org/0000-0002-4343-498X"">Matthew Lazzara</a>, <a href=""https://orcid.org/0000-0002-7466-5836"">Lee Welhouse</a>"
2021,"Lorne Automatic Weather Station, 2021 Reader format three-hour observational data. ","Antarctic Meteorological Research and Data Center, 2021: Lorne Automatic Weather Station, 2021 unmodified ten-minute observational data. AMRDC Data Repository, accessed DD-MM-YYYY, https://doi.org/10.48567/cm7v-2f39.",https://doi.org/10.48567/cm7v-2f39,https://www.nsf.gov/awardsearch/showAward?AWD_ID=1924730,"<a href=""https://orcid.org/0000-0002-4343-498X"">Matthew Lazzara</a>, <a href=""https://orcid.org/0000-0002-7466-5836"">Lee Welhouse</a>"
2021,"Manuela Automatic Weather Station, 2021 Reader format three-hour observational data. ","Antarctic Meteorological Research and Data Center, 2021: Manuela Automatic Weather Station, 2021 unmodified ten-minute observational data. AMRDC Data Repository, accessed DD-MM-YYYY, https://doi.org/10.48567/c7c5-jb61.",https://doi.org/10.48567/c7c5-jb61,https://www.nsf.gov/awardsearch/showAward?AWD_ID=1924730,"<a href=""https://orcid.org/0000-0002-4343-498X"">Matthew Lazzara</a>, <a href=""https://orcid.org/0000-0002-7466-5836"">Lee Welhouse</a>"
2021,"Marble Point Automatic Weather Station, 2021 Reader format three-hour observational data. ","Antarctic Meteorological Research and Data Center, 2021: Marble Point Automatic Weather Station, 2021 unmodified ten-minute observational data. AMRDC Data Repository, accessed DD-MM-YYYY, https://doi.org/10.48567/whhe-5a40.",https://doi.org/10.48567/whhe-5a40,https://www.nsf.gov/awardsearch/showAward?AWD_ID=1924730,"<a href=""https://orcid.org/0000-0002-4343-498X"">Matthew Lazzara</a>, <a href=""https://orcid.org/0000-0002-7466-5836"">Lee Welhouse</a>"
2021,"Marble Point II Automatic Weather Station, 2021 Reader format three-hour observational data. ","Antarctic Meteorological Research and Data Center, 2021: Marble Point II Automatic Weather Station, 2021 unmodified ten-minute observational data. AMRDC Data Repository, accessed DD-MM-YYYY, https://doi.org/10.48567/5prg-e681.",https://doi.org/10.48567/5prg-e681,https://www.nsf.gov/awardsearch/showAward?AWD_ID=1924730,"<a href=""https://orcid.org/0000-0002-4343-498X"">Matthew Lazzara</a>, <a href=""https://orcid.org/0000-0002-7466-5836"">Lee Welhouse</a>"
2021,"Margaret Automatic Weather Station, 2021 Reader format three-hour observational data. ","Antarctic Meteorological Research and Data Center, 2021: Margaret Automatic Weather Station, 2021 unmodified ten-minute observational data. AMRDC Data Repository, accessed DD-MM-YYYY, https://doi.org/10.48567/k1md-w845.",https://doi.org/10.48567/k1md-w845,https://www.nsf.gov/awardsearch/showAward?AWD_ID=1924730,"<a href=""https://orcid.org/0000-0002-4343-498X"">Matthew Lazzara</a>, <a href=""https://orcid.org/0000-0002-7466-5836"">Lee Welhouse</a>"
2021,"Marilyn Automatic Weather Station, 2021 Reader format three-hour observational data. ","Antarctic Meteorological Research and Data Center, 2021: Marilyn Automatic Weather Station, 2021 unmodified ten-minute observational data. AMRDC Data Repository, accessed DD-MM-YYYY, https://doi.org/10.48567/5rze-wx13.",https://doi.org/10.48567/5rze-wx13,https://www.nsf.gov/awardsearch/showAward?AWD_ID=1924730,"<a href=""https://orcid.org/0000-0002-4343-498X"">Matthew Lazzara</a>, <a href=""https://orcid.org/0000-0002-7466-5836"">Lee Welhouse</a>"
2021,"Mizuho Automatic Weather Station, 2021 Reader format three-hour observational data. ","Antarctic Meteorological Research and Data Center, 2021: Mizuho Automatic Weather Station, 2021 unmodified ten-minute observational data. AMRDC Data Repository, accessed DD-MM-YYYY, https://doi.org/10.48567/rqw7-mh78.",https://doi.org/10.48567/rqw7-mh78,https://www.nsf.gov/awardsearch/showAward?AWD_ID=1924730,"<a href=""https://orcid.org/0000-0002-4343-498X"">Matthew Lazzara</a>, <a href=""https://orcid.org/0000-0002-7466-5836"">Lee Welhouse</a>"
2021,"Nico Automatic Weather Station, 2021 Reader format three-hour observational data. ","Antarctic Meteorological Research and Data Center, 2021: Nico Automatic Weather Station, 2021 unmodified ten-minute observational data. AMRDC Data Repository, accessed DD-MM-YYYY, https://doi.org/10.48567/fb06-rm49.",https://doi.org/10.48567/fb06-rm49,https://www.nsf.gov/awardsearch/showAward?AWD_ID=1924730,"<a href=""https://orcid.org/0000-0002-4343-498X"">Matthew Lazzara</a>, <a href=""https://orcid.org/0000-0002-7466-5836"">Lee Welhouse</a>"
2021,"PANDA-South Automatic Weather Station, 2021 Reader format three-hour observational data. ","Antarctic Meteorological Research and Data Center, 2021: PANDA-South Automatic Weather Station, 2021 unmodified ten-minute observational data. AMRDC Data Repository, accessed DD-MM-YYYY, https://doi.org/10.48567/zy6p-fe66.",https://doi.org/10.48567/zy6p-fe66,https://www.nsf.gov/awardsearch/showAward?AWD_ID=1924730,"<a href=""https://orcid.org/0000-0002-4343-498X"">Matthew Lazzara</a>, <a href=""https://orcid.org/0000-0002-7466-5836"">Lee Welhouse</a>"
2021,"Phoenix Automatic Weather Station, 2021 Reader format three-hour observational data. ","Antarctic Meteorological Research and Data Center, 2021: Phoenix Automatic Weather Station, 2021 unmodified ten-minute observational data. AMRDC Data Repository, accessed DD-MM-YYYY, https://doi.org/10.48567/8y1r-6337.",https://doi.org/10.48567/8y1r-6337,https://www.nsf.gov/awardsearch/showAward?AWD_ID=1924730,"<a href=""https://orcid.org/0000-0002-4343-498X"">Matthew Lazzara</a>, <a href=""https://orcid.org/0000-0002-7466-5836"">Lee Welhouse</a>"
2021,"Possession Island Automatic Weather Station, 2021 Reader format three-hour observational data. ","Antarctic Meteorological Research and Data Center, 2021: Possession Island Automatic Weather Station, 2021 unmodified ten-minute observational data. AMRDC Data Repository, accessed DD-MM-YYYY, https://doi.org/10.48567/6gar-4e49.",https://doi.org/10.48567/6gar-4e49,https://www.nsf.gov/awardsearch/showAward?AWD_ID=1924730,"<a href=""https://orcid.org/0000-0002-4343-498X"">Matthew Lazzara</a>, <a href=""https://orcid.org/0000-0002-7466-5836"">Lee Welhouse</a>"
2021,"Relay Station Automatic Weather Station, 2021 Reader format three-hour observational data. ","Antarctic Meteorological Research and Data Center, 2021: Relay Station Automatic Weather Station, 2021 unmodified ten-minute observational data. AMRDC Data Repository, accessed DD-MM-YYYY, https://doi.org/10.48567/ypex-x625.",https://doi.org/10.48567/ypex-x625,https://www.nsf.gov/awardsearch/showAward?AWD_ID=1924730,"<a href=""https://orcid.org/0000-0002-4343-498X"">Matthew Lazzara</a>, <a href=""https://orcid.org/0000-0002-7466-5836"">Lee Welhouse</a>"
2021,"Sabrina Automatic Weather Station, 2021 Reader format three-hour observational data. ","Antarctic Meteorological Research and Data Center, 2021: Sabrina Automatic Weather Station, 2021 unmodified ten-minute observational data. AMRDC Data Repository, accessed DD-MM-YYYY, https://doi.org/10.48567/es0e-5379.",https://doi.org/10.48567/es0e-5379,https://www.nsf.gov/awardsearch/showAward?AWD_ID=1924730,"<a href=""https://orcid.org/0000-0002-4343-498X"">Matthew Lazzara</a>, <a href=""https://orcid.org/0000-0002-7466-5836"">Lee Welhouse</a>"
2021,"Schwerdtfeger Automatic Weather Station, 2021 Reader format three-hour observational data. ","Antarctic Meteorological Research and Data Center, 2021: Schwerdtfeger Automatic Weather Station, 2021 unmodified ten-minute observational data. AMRDC Data Repository, accessed DD-MM-YYYY, https://doi.org/10.48567/bh8h-xj33.",https://doi.org/10.48567/bh8h-xj33,https://www.nsf.gov/awardsearch/showAward?AWD_ID=1924730,"<a href=""https://orcid.org/0000-0002-4343-498X"">Matthew Lazzara</a>, <a href=""https://orcid.org/0000-0002-7466-5836"">Lee Welhouse</a>"
2021,"Siple Dome Automatic Weather Station, 2021 Reader format three-hour observational data. ","Antarctic Meteorological Research and Data Center, 2021: Siple Dome Automatic Weather Station, 2021 unmodified ten-minute observational data. AMRDC Data Repository, accessed DD-MM-YYYY, https://doi.org/10.48567/brd3-7z56.",https://doi.org/10.48567/brd3-7z56,https://www.nsf.gov/awardsearch/showAward?AWD_ID=1924730,"<a href=""https://orcid.org/0000-0002-4343-498X"">Matthew Lazzara</a>, <a href=""https://orcid.org/0000-0002-7466-5836"">Lee Welhouse</a>"
2021,"Theresa Automatic Weather Station, 2021 Reader format three-hour observational data. ","Antarctic Meteorological Research and Data Center, 2021: Theresa Automatic Weather Station, 2021 unmodified ten-minute observational data. AMRDC Data Repository, accessed DD-MM-YYYY, https://doi.org/10.48567/f232-kt28.",https://doi.org/10.48567/f232-kt28,https://www.nsf.gov/awardsearch/showAward?AWD_ID=1924730,"<a href=""https://orcid.org/0000-0002-4343-498X"">Matthew Lazzara</a>, <a href=""https://orcid.org/0000-0002-7466-5836"">Lee Welhouse</a>"
2021,"Thurston Island Automatic Weather Station, 2021 Reader format three-hour observational data. ","Antarctic Meteorological Research and Data Center, 2021: Thurston Island Automatic Weather Station, 2021 unmodified ten-minute observational data. AMRDC Data Repository, accessed DD-MM-YYYY, https://doi.org/10.48567/886h-2x09.",https://doi.org/10.48567/886h-2x09,https://www.nsf.gov/awardsearch/showAward?AWD_ID=1924730,"<a href=""https://orcid.org/0000-0002-4343-498X"">Matthew Lazzara</a>, <a href=""https://orcid.org/0000-0002-7466-5836"">Lee Welhouse</a>"
2021,"Vito Automatic Weather Station, 2021 Reader format three-hour observational data. ","Antarctic Meteorological Research and Data Center, 2021: Vito Automatic Weather Station, 2021 unmodified ten-minute observational data. AMRDC Data Repository, accessed DD-MM-YYYY, https://doi.org/10.48567/4bk8-bz57.",https://doi.org/10.48567/4bk8-bz57,https://www.nsf.gov/awardsearch/showAward?AWD_ID=1924730,"<a href=""https://orcid.org/0000-0002-4343-498X"">Matthew Lazzara</a>, <a href=""https://orcid.org/0000-0002-7466-5836"">Lee Welhouse</a>"
2021,"White Island Automatic Weather Station, 2021 Reader format three-hour observational data. ","Antarctic Meteorological Research and Data Center, 2021: White Island Automatic Weather Station, 2021 unmodified ten-minute observational data. AMRDC Data Repository, accessed DD-MM-YYYY, https://doi.org/10.48567/5sf4-1e90.",https://doi.org/10.48567/5sf4-1e90,https://www.nsf.gov/awardsearch/showAward?AWD_ID=1924730,"<a href=""https://orcid.org/0000-0002-4343-498X"">Matthew Lazzara</a>, <a href=""https://orcid.org/0000-0002-7466-5836"">Lee Welhouse</a>"
2021,"Whitlock Automatic Weather Station, 2021 Reader format three-hour observational data. ","Antarctic Meteorological Research and Data Center, 2021: Whitlock Automatic Weather Station, 2021 unmodified ten-minute observational data. AMRDC Data Repository, accessed DD-MM-YYYY, https://doi.org/10.48567/j1xh-6p07.",https://doi.org/10.48567/j1xh-6p07,https://www.nsf.gov/awardsearch/showAward?AWD_ID=1924730,"<a href=""https://orcid.org/0000-0002-4343-498X"">Matthew Lazzara</a>, <a href=""https://orcid.org/0000-0002-7466-5836"">Lee Welhouse</a>"
2021,"Willie Field Automatic Weather Station, 2021 Reader format three-hour observational data. ","Antarctic Meteorological Research and Data Center, 2021: Willie Field Automatic Weather Station, 2021 unmodified ten-minute observational data. AMRDC Data Repository, accessed DD-MM-YYYY, https://doi.org/10.48567/jxze-zq22.",https://doi.org/10.48567/jxze-zq22,https://www.nsf.gov/awardsearch/showAward?AWD_ID=1924730,"<a href=""https://orcid.org/0000-0002-4343-498X"">Matthew Lazzara</a>, <a href=""https://orcid.org/0000-0002-7466-5836"">Lee Welhouse</a>"
2021,"Windless Bight Automatic Weather Station, 2021 Reader format three-hour observational data. ","Antarctic Meteorological Research and Data Center, 2021: Windless Bight Automatic Weather Station, 2021 unmodified ten-minute observational data. AMRDC Data Repository, accessed DD-MM-YYYY, https://doi.org/10.48567/cbt0-rw55.",https://doi.org/10.48567/cbt0-rw55,https://www.nsf.gov/awardsearch/showAward?AWD_ID=1924730,"<a href=""https://orcid.org/0000-0002-4343-498X"">Matthew Lazzara</a>, <a href=""https://orcid.org/0000-0002-7466-5836"">Lee Welhouse</a>"
