2017,"AGO-4 Automatic Weather Station, 2017 Reader format three-hour observational data.","Antarctic Meteorological Research and Data Center, 2017: AGO-4 Automatic Weather Station, 2017 unmodified ten-minute observational data. AMRDC Data Repository, accessed DD-MM-YYYY, https://doi.org/10.48567/z6vq-bp84.",https://doi.org/10.48567/z6vq-bp84,,"<a href=""https://orcid.org/0000-0002-4343-498X"">Matthew Lazzara</a>, Mark Kulie"
2017,"Austin Automatic Weather Station, 2017 Reader format three-hour observational data.","Antarctic Meteorological Research and Data Center, 2017: Austin Automatic Weather Station, 2017 unmodified ten-minute observational data. AMRDC Data Repository, accessed DD-MM-YYYY, https://doi.org/10.48567/tjpv-xa41.",https://doi.org/10.48567/tjpv-xa41,,"<a href=""https://orcid.org/0000-0002-4343-498X"">Matthew Lazzara</a>, Mark Kulie"
2017,"Baldrick Automatic Weather Station, 2017 Reader format three-hour observational data.","Antarctic Meteorological Research and Data Center, 2017: Baldrick Automatic Weather Station, 2017 unmodified ten-minute observational data. AMRDC Data Repository, accessed DD-MM-YYYY, https://doi.org/10.48567/k5d0-5z57.",https://doi.org/10.48567/k5d0-5z57,,"<a href=""https://orcid.org/0000-0002-4343-498X"">Matthew Lazzara</a>, Mark Kulie"
2017,"Bear Peninsula Automatic Weather Station, 2017 Reader format three-hour observational data.","Antarctic Meteorological Research and Data Center, 2017: Bear Peninsula Automatic Weather Station, 2017 unmodified ten-minute observational data. AMRDC Data Repository, accessed DD-MM-YYYY, https://doi.org/10.48567/s022-qm92.",https://doi.org/10.48567/s022-qm92,,"<a href=""https://orcid.org/0000-0002-4343-498X"">Matthew Lazzara</a>, Mark Kulie"
2017,"Bonaparte Point Automatic Weather Station, 2017 Reader format three-hour observational data.","Antarctic Meteorological Research and Data Center, 2017: Bonaparte Point Automatic Weather Station, 2017 unmodified ten-minute observational data. AMRDC Data Repository, accessed DD-MM-YYYY, https://doi.org/10.48567/jywj-ek62.",https://doi.org/10.48567/jywj-ek62,,"<a href=""https://orcid.org/0000-0002-4343-498X"">Matthew Lazzara</a>, Mark Kulie"
2017,"Byrd Automatic Weather Station, 2017 Reader format three-hour observational data.","Antarctic Meteorological Research and Data Center, 2017: Byrd Automatic Weather Station, 2017 unmodified ten-minute observational data. AMRDC Data Repository, accessed DD-MM-YYYY, https://doi.org/10.48567/sme0-2v80.",https://doi.org/10.48567/sme0-2v80,,"<a href=""https://orcid.org/0000-0002-4343-498X"">Matthew Lazzara</a>, Mark Kulie"
2017,"Cape Bird Automatic Weather Station, 2017 Reader format three-hour observational data.","Antarctic Meteorological Research and Data Center, 2017: Cape Bird Automatic Weather Station, 2017 unmodified ten-minute observational data. AMRDC Data Repository, accessed DD-MM-YYYY, https://doi.org/10.48567/1e5a-bs87.",https://doi.org/10.48567/1e5a-bs87,,"<a href=""https://orcid.org/0000-0002-4343-498X"">Matthew Lazzara</a>, Mark Kulie"
2017,"Cape Hallett Automatic Weather Station, 2017 Reader format three-hour observational data.","Antarctic Meteorological Research and Data Center, 2017: Cape Hallett Automatic Weather Station, 2017 unmodified ten-minute observational data. AMRDC Data Repository, accessed DD-MM-YYYY, https://doi.org/10.48567/ggb7-g934.",https://doi.org/10.48567/ggb7-g934,,"<a href=""https://orcid.org/0000-0002-4343-498X"">Matthew Lazzara</a>, Mark Kulie"
2017,"D-10 Automatic Weather Station, 2017 Reader format three-hour observational data.","Antarctic Meteorological Research and Data Center, 2017: D-10 Automatic Weather Station, 2017 unmodified ten-minute observational data. AMRDC Data Repository, accessed DD-MM-YYYY, https://doi.org/10.48567/w6dg-mv50.",https://doi.org/10.48567/w6dg-mv50,,"<a href=""https://orcid.org/0000-0002-4343-498X"">Matthew Lazzara</a>, Mark Kulie"
2017,"D-47 Automatic Weather Station, 2017 Reader format three-hour observational data.","Antarctic Meteorological Research and Data Center, 2017: D-47 Automatic Weather Station, 2017 unmodified ten-minute observational data. AMRDC Data Repository, accessed DD-MM-YYYY, https://doi.org/10.48567/w5hk-fk11.",https://doi.org/10.48567/w5hk-fk11,,"<a href=""https://orcid.org/0000-0002-4343-498X"">Matthew Lazzara</a>, Mark Kulie"
2017,"D-85 Automatic Weather Station, 2017 Reader format three-hour observational data.","Antarctic Meteorological Research and Data Center, 2017: D-85 Automatic Weather Station, 2017 unmodified ten-minute observational data. AMRDC Data Repository, accessed DD-MM-YYYY, https://doi.org/10.48567/2v2h-wn47.",https://doi.org/10.48567/2v2h-wn47,,"<a href=""https://orcid.org/0000-0002-4343-498X"">Matthew Lazzara</a>, Mark Kulie"
2017,"Dismal Island Automatic Weather Station, 2017 Reader format three-hour observational data.","Antarctic Meteorological Research and Data Center, 2017: Dismal Island Automatic Weather Station, 2017 unmodified ten-minute observational data. AMRDC Data Repository, accessed DD-MM-YYYY, https://doi.org/10.48567/3e4h-d831.",https://doi.org/10.48567/3e4h-d831,,"<a href=""https://orcid.org/0000-0002-4343-498X"">Matthew Lazzara</a>, Mark Kulie"
2017,"Dome C II Automatic Weather Station, 2017 Reader format three-hour observational data.","Antarctic Meteorological Research and Data Center, 2017: Dome C II Automatic Weather Station, 2017 unmodified ten-minute observational data. AMRDC Data Repository, accessed DD-MM-YYYY, https://doi.org/10.48567/ez2y-pr60.",https://doi.org/10.48567/ez2y-pr60,,"<a href=""https://orcid.org/0000-0002-4343-498X"">Matthew Lazzara</a>, Mark Kulie"
2017,"Dome Fuji Automatic Weather Station, 2017 Reader format three-hour observational data.","Antarctic Meteorological Research and Data Center, 2017: Dome Fuji Automatic Weather Station, 2017 unmodified ten-minute observational data. AMRDC Data Repository, accessed DD-MM-YYYY, https://doi.org/10.48567/14k9-be54.",https://doi.org/10.48567/14k9-be54,,"<a href=""https://orcid.org/0000-0002-4343-498X"">Matthew Lazzara</a>, Mark Kulie"
2017,"Elaine Automatic Weather Station, 2017 Reader format three-hour observational data.","Antarctic Meteorological Research and Data Center, 2017: Elaine Automatic Weather Station, 2017 unmodified ten-minute observational data. AMRDC Data Repository, accessed DD-MM-YYYY, https://doi.org/10.48567/246g-hc79.",https://doi.org/10.48567/246g-hc79,,"<a href=""https://orcid.org/0000-0002-4343-498X"">Matthew Lazzara</a>, Mark Kulie"
2017,"Elizabeth Automatic Weather Station, 2017 Reader format three-hour observational data.","Antarctic Meteorological Research and Data Center, 2017: Elizabeth Automatic Weather Station, 2017 unmodified ten-minute observational data. AMRDC Data Repository, accessed DD-MM-YYYY, https://doi.org/10.48567/zgdr-2983.",https://doi.org/10.48567/zgdr-2983,,"<a href=""https://orcid.org/0000-0002-4343-498X"">Matthew Lazzara</a>, Mark Kulie"
2017,"Emilia Automatic Weather Station, 2017 Reader format three-hour observational data.","Antarctic Meteorological Research and Data Center, 2017: Emilia Automatic Weather Station, 2017 unmodified ten-minute observational data. AMRDC Data Repository, accessed DD-MM-YYYY, https://doi.org/10.48567/5dze-fb58.",https://doi.org/10.48567/5dze-fb58,,"<a href=""https://orcid.org/0000-0002-4343-498X"">Matthew Lazzara</a>, Mark Kulie"
2017,"Emma Automatic Weather Station, 2017 Reader format three-hour observational data.","Antarctic Meteorological Research and Data Center, 2017: Emma Automatic Weather Station, 2017 unmodified ten-minute observational data. AMRDC Data Repository, accessed DD-MM-YYYY, https://doi.org/10.48567/7w0k-7h06.",https://doi.org/10.48567/7w0k-7h06,,"<a href=""https://orcid.org/0000-0002-4343-498X"">Matthew Lazzara</a>, Mark Kulie"
2017,"Erin Automatic Weather Station, 2017 Reader format three-hour observational data.","Antarctic Meteorological Research and Data Center, 2017: Erin Automatic Weather Station, 2017 unmodified ten-minute observational data. AMRDC Data Repository, accessed DD-MM-YYYY, https://doi.org/10.48567/40e4-0m73.",https://doi.org/10.48567/40e4-0m73,,"<a href=""https://orcid.org/0000-0002-4343-498X"">Matthew Lazzara</a>, Mark Kulie"
2017,"Evans Knoll Automatic Weather Station, 2017 Reader format three-hour observational data.","Antarctic Meteorological Research and Data Center, 2017: Evans Knoll Automatic Weather Station, 2017 unmodified ten-minute observational data. AMRDC Data Repository, accessed DD-MM-YYYY, https://doi.org/10.48567/h07e-yd47.",https://doi.org/10.48567/h07e-yd47,,"<a href=""https://orcid.org/0000-0002-4343-498X"">Matthew Lazzara</a>, Mark Kulie"
2017,"Ferrell Automatic Weather Station, 2017 Reader format three-hour observational data.","Antarctic Meteorological Research and Data Center, 2017: Ferrell Automatic Weather Station, 2017 unmodified ten-minute observational data. AMRDC Data Repository, accessed DD-MM-YYYY, https://doi.org/10.48567/v609-0s74.",https://doi.org/10.48567/v609-0s74,,"<a href=""https://orcid.org/0000-0002-4343-498X"">Matthew Lazzara</a>, Mark Kulie"
2017,"Gill Automatic Weather Station, 2017 Reader format three-hour observational data.","Antarctic Meteorological Research and Data Center, 2017: Gill Automatic Weather Station, 2017 unmodified ten-minute observational data. AMRDC Data Repository, accessed DD-MM-YYYY, https://doi.org/10.48567/0e12-q957.",https://doi.org/10.48567/0e12-q957,,"<a href=""https://orcid.org/0000-0002-4343-498X"">Matthew Lazzara</a>, Mark Kulie"
2017,"Harry Automatic Weather Station, 2017 Reader format three-hour observational data.","Antarctic Meteorological Research and Data Center, 2017: Harry Automatic Weather Station, 2017 unmodified ten-minute observational data. AMRDC Data Repository, accessed DD-MM-YYYY, https://doi.org/10.48567/g7ra-cd08.",https://doi.org/10.48567/g7ra-cd08,,"<a href=""https://orcid.org/0000-0002-4343-498X"">Matthew Lazzara</a>, Mark Kulie"
2017,"Henry Automatic Weather Station, 2017 Reader format three-hour observational data.","Antarctic Meteorological Research and Data Center, 2017: Henry Automatic Weather Station, 2017 unmodified ten-minute observational data. AMRDC Data Repository, accessed DD-MM-YYYY, https://doi.org/10.48567/0gpk-ra48.",https://doi.org/10.48567/0gpk-ra48,,"<a href=""https://orcid.org/0000-0002-4343-498X"">Matthew Lazzara</a>, Mark Kulie"
2017,"JASE2007 Automatic Weather Station, 2017 Reader format three-hour observational data.","Antarctic Meteorological Research and Data Center, 2017: JASE2007 Automatic Weather Station, 2017 unmodified ten-minute observational data. AMRDC Data Repository, accessed DD-MM-YYYY, https://doi.org/10.48567/7y0n-b574.",https://doi.org/10.48567/7y0n-b574,,"<a href=""https://orcid.org/0000-0002-4343-498X"">Matthew Lazzara</a>, Mark Kulie"
2017,"Janet Automatic Weather Station, 2017 Reader format three-hour observational data.","Antarctic Meteorological Research and Data Center, 2017: Janet Automatic Weather Station, 2017 unmodified ten-minute observational data. AMRDC Data Repository, accessed DD-MM-YYYY, https://doi.org/10.48567/1418-4r80.",https://doi.org/10.48567/1418-4r80,,"<a href=""https://orcid.org/0000-0002-4343-498X"">Matthew Lazzara</a>, Mark Kulie"
2017,"Kathie Automatic Weather Station, 2017 Reader format three-hour observational data.","Antarctic Meteorological Research and Data Center, 2017: Kathie Automatic Weather Station, 2017 unmodified ten-minute observational data. AMRDC Data Repository, accessed DD-MM-YYYY, https://doi.org/10.48567/3e6q-g649.",https://doi.org/10.48567/3e6q-g649,,"<a href=""https://orcid.org/0000-0002-4343-498X"">Matthew Lazzara</a>, Mark Kulie"
2017,"Kominko-Slade Automatic Weather Station, 2017 Reader format three-hour observational data.","Antarctic Meteorological Research and Data Center, 2017: Kominko-Slade Automatic Weather Station, 2017 unmodified ten-minute observational data. AMRDC Data Repository, accessed DD-MM-YYYY, https://doi.org/10.48567/amhg-e175.",https://doi.org/10.48567/amhg-e175,,"<a href=""https://orcid.org/0000-0002-4343-498X"">Matthew Lazzara</a>, Mark Kulie"
2017,"Laurie II Automatic Weather Station, 2017 Reader format three-hour observational data.","Antarctic Meteorological Research and Data Center, 2017: Laurie II Automatic Weather Station, 2017 unmodified ten-minute observational data. AMRDC Data Repository, accessed DD-MM-YYYY, https://doi.org/10.48567/60mn-9828.",https://doi.org/10.48567/60mn-9828,,"<a href=""https://orcid.org/0000-0002-4343-498X"">Matthew Lazzara</a>, Mark Kulie"
2017,"Lettau Automatic Weather Station, 2017 Reader format three-hour observational data.","Antarctic Meteorological Research and Data Center, 2017: Lettau Automatic Weather Station, 2017 unmodified ten-minute observational data. AMRDC Data Repository, accessed DD-MM-YYYY, https://doi.org/10.48567/ejnj-cd86.",https://doi.org/10.48567/ejnj-cd86,,"<a href=""https://orcid.org/0000-0002-4343-498X"">Matthew Lazzara</a>, Mark Kulie"
2017,"Linda Automatic Weather Station, 2017 Reader format three-hour observational data.","Antarctic Meteorological Research and Data Center, 2017: Linda Automatic Weather Station, 2017 unmodified ten-minute observational data. AMRDC Data Repository, accessed DD-MM-YYYY, https://doi.org/10.48567/0swp-4122.",https://doi.org/10.48567/0swp-4122,,"<a href=""https://orcid.org/0000-0002-4343-498X"">Matthew Lazzara</a>, Mark Kulie"
2017,"Lorne Automatic Weather Station, 2017 Reader format three-hour observational data.","Antarctic Meteorological Research and Data Center, 2017: Lorne Automatic Weather Station, 2017 unmodified ten-minute observational data. AMRDC Data Repository, accessed DD-MM-YYYY, https://doi.org/10.48567/r99k-tz40.",https://doi.org/10.48567/r99k-tz40,,"<a href=""https://orcid.org/0000-0002-4343-498X"">Matthew Lazzara</a>, Mark Kulie"
2017,"Manuela Automatic Weather Station, 2017 Reader format three-hour observational data.","Antarctic Meteorological Research and Data Center, 2017: Manuela Automatic Weather Station, 2017 unmodified ten-minute observational data. AMRDC Data Repository, accessed DD-MM-YYYY, https://doi.org/10.48567/wx0p-1e19.",https://doi.org/10.48567/wx0p-1e19,,"<a href=""https://orcid.org/0000-0002-4343-498X"">Matthew Lazzara</a>, Mark Kulie"
2017,"Marble Point Automatic Weather Station, 2017 Reader format three-hour observational data.","Antarctic Meteorological Research and Data Center, 2017: Marble Point Automatic Weather Station, 2017 unmodified ten-minute observational data. AMRDC Data Repository, accessed DD-MM-YYYY, https://doi.org/10.48567/h1gn-eq14.",https://doi.org/10.48567/h1gn-eq14,,"<a href=""https://orcid.org/0000-0002-4343-498X"">Matthew Lazzara</a>, Mark Kulie"
2017,"Marble Point II Automatic Weather Station, 2017 Reader format three-hour observational data.","Antarctic Meteorological Research and Data Center, 2017: Marble Point II Automatic Weather Station, 2017 unmodified ten-minute observational data. AMRDC Data Repository, accessed DD-MM-YYYY, https://doi.org/10.48567/bv37-4x78.",https://doi.org/10.48567/bv37-4x78,,"<a href=""https://orcid.org/0000-0002-4343-498X"">Matthew Lazzara</a>, Mark Kulie"
2017,"Margaret Automatic Weather Station, 2017 Reader format three-hour observational data.","Antarctic Meteorological Research and Data Center, 2017: Margaret Automatic Weather Station, 2017 unmodified ten-minute observational data. AMRDC Data Repository, accessed DD-MM-YYYY, https://doi.org/10.48567/vacs-k189.",https://doi.org/10.48567/vacs-k189,,"<a href=""https://orcid.org/0000-0002-4343-498X"">Matthew Lazzara</a>, Mark Kulie"
2017,"Marilyn Automatic Weather Station, 2017 Reader format three-hour observational data.","Antarctic Meteorological Research and Data Center, 2017: Marilyn Automatic Weather Station, 2017 unmodified ten-minute observational data. AMRDC Data Repository, accessed DD-MM-YYYY, https://doi.org/10.48567/1tne-tm20.",https://doi.org/10.48567/1tne-tm20,,"<a href=""https://orcid.org/0000-0002-4343-498X"">Matthew Lazzara</a>, Mark Kulie"
2017,"Minna Bluff Automatic Weather Station, 2017 Reader format three-hour observational data.","Antarctic Meteorological Research and Data Center, 2017: Minna Bluff Automatic Weather Station, 2017 unmodified ten-minute observational data. AMRDC Data Repository, accessed DD-MM-YYYY, https://doi.org/10.48567/tdqx-wd45.",https://doi.org/10.48567/tdqx-wd45,,"<a href=""https://orcid.org/0000-0002-4343-498X"">Matthew Lazzara</a>, Mark Kulie"
2017,"Mizuho Automatic Weather Station, 2017 Reader format three-hour observational data.","Antarctic Meteorological Research and Data Center, 2017: Mizuho Automatic Weather Station, 2017 unmodified ten-minute observational data. AMRDC Data Repository, accessed DD-MM-YYYY, https://doi.org/10.48567/51cz-6v26.",https://doi.org/10.48567/51cz-6v26,,"<a href=""https://orcid.org/0000-0002-4343-498X"">Matthew Lazzara</a>, Mark Kulie"
2017,"Mount Siple Automatic Weather Station, 2017 Reader format three-hour observational data.","Antarctic Meteorological Research and Data Center, 2017: Mount Siple Automatic Weather Station, 2017 unmodified ten-minute observational data. AMRDC Data Repository, accessed DD-MM-YYYY, https://doi.org/10.48567/qvyk-6g93.",https://doi.org/10.48567/qvyk-6g93,,"<a href=""https://orcid.org/0000-0002-4343-498X"">Matthew Lazzara</a>, Mark Kulie"
2017,"Nico Automatic Weather Station, 2017 Reader format three-hour observational data.","Antarctic Meteorological Research and Data Center, 2017: Nico Automatic Weather Station, 2017 unmodified ten-minute observational data. AMRDC Data Repository, accessed DD-MM-YYYY, https://doi.org/10.48567/r79z-wc34.",https://doi.org/10.48567/r79z-wc34,,"<a href=""https://orcid.org/0000-0002-4343-498X"">Matthew Lazzara</a>, Mark Kulie"
2017,"PANDA-South Automatic Weather Station, 2017 Reader format three-hour observational data.","Antarctic Meteorological Research and Data Center, 2017: PANDA-South Automatic Weather Station, 2017 unmodified ten-minute observational data. AMRDC Data Repository, accessed DD-MM-YYYY, https://doi.org/10.48567/bvrd-h728.",https://doi.org/10.48567/bvrd-h728,,"<a href=""https://orcid.org/0000-0002-4343-498X"">Matthew Lazzara</a>, Mark Kulie"
2017,"Pegasus North Automatic Weather Station, 2017 Reader format three-hour observational data.","Antarctic Meteorological Research and Data Center, 2017: Pegasus North Automatic Weather Station, 2017 unmodified ten-minute observational data. AMRDC Data Repository, accessed DD-MM-YYYY, https://doi.org/10.48567/3aff-eb43.",https://doi.org/10.48567/3aff-eb43,,"<a href=""https://orcid.org/0000-0002-4343-498X"">Matthew Lazzara</a>, Mark Kulie"
2017,"Phoenix Automatic Weather Station, 2017 Reader format three-hour observational data.","Antarctic Meteorological Research and Data Center, 2017: Phoenix Automatic Weather Station, 2017 unmodified ten-minute observational data. AMRDC Data Repository, accessed DD-MM-YYYY, https://doi.org/10.48567/mpd9-6a12.",https://doi.org/10.48567/mpd9-6a12,,"<a href=""https://orcid.org/0000-0002-4343-498X"">Matthew Lazzara</a>, Mark Kulie"
2017,"Port Martin Automatic Weather Station, 2017 Reader format three-hour observational data.","Antarctic Meteorological Research and Data Center, 2017: Port Martin Automatic Weather Station, 2017 unmodified ten-minute observational data. AMRDC Data Repository, accessed DD-MM-YYYY, https://doi.org/10.48567/c7zv-3b30.",https://doi.org/10.48567/c7zv-3b30,,"<a href=""https://orcid.org/0000-0002-4343-498X"">Matthew Lazzara</a>, Mark Kulie"
2017,"Possession Island Automatic Weather Station, 2017 Reader format three-hour observational data.","Antarctic Meteorological Research and Data Center, 2017: Possession Island Automatic Weather Station, 2017 unmodified ten-minute observational data. AMRDC Data Repository, accessed DD-MM-YYYY, https://doi.org/10.48567/a9b7-kx67.",https://doi.org/10.48567/a9b7-kx67,,"<a href=""https://orcid.org/0000-0002-4343-498X"">Matthew Lazzara</a>, Mark Kulie"
2017,"Relay Station Automatic Weather Station, 2017 Reader format three-hour observational data.","Antarctic Meteorological Research and Data Center, 2017: Relay Station Automatic Weather Station, 2017 unmodified ten-minute observational data. AMRDC Data Repository, accessed DD-MM-YYYY, https://doi.org/10.48567/4mxz-x894.",https://doi.org/10.48567/4mxz-x894,,"<a href=""https://orcid.org/0000-0002-4343-498X"">Matthew Lazzara</a>, Mark Kulie"
2017,"Sabrina Automatic Weather Station, 2017 Reader format three-hour observational data.","Antarctic Meteorological Research and Data Center, 2017: Sabrina Automatic Weather Station, 2017 unmodified ten-minute observational data. AMRDC Data Repository, accessed DD-MM-YYYY, https://doi.org/10.48567/ywsg-d291.",https://doi.org/10.48567/ywsg-d291,,"<a href=""https://orcid.org/0000-0002-4343-498X"">Matthew Lazzara</a>, Mark Kulie"
2017,"Schwerdtfeger Automatic Weather Station, 2017 Reader format three-hour observational data.","Antarctic Meteorological Research and Data Center, 2017: Schwerdtfeger Automatic Weather Station, 2017 unmodified ten-minute observational data. AMRDC Data Repository, accessed DD-MM-YYYY, https://doi.org/10.48567/yx4r-zh41.",https://doi.org/10.48567/yx4r-zh41,,"<a href=""https://orcid.org/0000-0002-4343-498X"">Matthew Lazzara</a>, Mark Kulie"
2017,"Siple Dome Automatic Weather Station, 2017 Reader format three-hour observational data.","Antarctic Meteorological Research and Data Center, 2017: Siple Dome Automatic Weather Station, 2017 unmodified ten-minute observational data. AMRDC Data Repository, accessed DD-MM-YYYY, https://doi.org/10.48567/vhcx-xy14.",https://doi.org/10.48567/vhcx-xy14,,"<a href=""https://orcid.org/0000-0002-4343-498X"">Matthew Lazzara</a>, Mark Kulie"
2017,"Theresa Automatic Weather Station, 2017 Reader format three-hour observational data.","Antarctic Meteorological Research and Data Center, 2017: Theresa Automatic Weather Station, 2017 unmodified ten-minute observational data. AMRDC Data Repository, accessed DD-MM-YYYY, https://doi.org/10.48567/ysm9-w351.",https://doi.org/10.48567/ysm9-w351,,"<a href=""https://orcid.org/0000-0002-4343-498X"">Matthew Lazzara</a>, Mark Kulie"
2017,"Thurston Island Automatic Weather Station, 2017 Reader format three-hour observational data.","Antarctic Meteorological Research and Data Center, 2017: Thurston Island Automatic Weather Station, 2017 unmodified ten-minute observational data. AMRDC Data Repository, accessed DD-MM-YYYY, https://doi.org/10.48567/hngt-s088.",https://doi.org/10.48567/hngt-s088,,"<a href=""https://orcid.org/0000-0002-4343-498X"">Matthew Lazzara</a>, Mark Kulie"
2017,"Vito Automatic Weather Station, 2017 Reader format three-hour observational data.","Antarctic Meteorological Research and Data Center, 2017: Vito Automatic Weather Station, 2017 unmodified ten-minute observational data. AMRDC Data Repository, accessed DD-MM-YYYY, https://doi.org/10.48567/ft3z-w902.",https://doi.org/10.48567/ft3z-w902,,"<a href=""https://orcid.org/0000-0002-4343-498X"">Matthew Lazzara</a>, Mark Kulie"
2017,"White Island Automatic Weather Station, 2017 Reader format three-hour observational data.","Antarctic Meteorological Research and Data Center, 2017: White Island Automatic Weather Station, 2017 unmodified ten-minute observational data. AMRDC Data Repository, accessed DD-MM-YYYY, https://doi.org/10.48567/e5t8-0p37.",https://doi.org/10.48567/e5t8-0p37,,"<a href=""https://orcid.org/0000-0002-4343-498X"">Matthew Lazzara</a>, Mark Kulie"
2017,"Whitlock Automatic Weather Station, 2017 Reader format three-hour observational data.","Antarctic Meteorological Research and Data Center, 2017: Whitlock Automatic Weather Station, 2017 unmodified ten-minute observational data. AMRDC Data Repository, accessed DD-MM-YYYY, https://doi.org/10.48567/vb4a-dm66.",https://doi.org/10.48567/vb4a-dm66,,"<a href=""https://orcid.org/0000-0002-4343-498X"">Matthew Lazzara</a>, Mark Kulie"
2017,"Willie Field Automatic Weather Station, 2017 Reader format three-hour observational data.","Antarctic Meteorological Research and Data Center, 2017: Willie Field Automatic Weather Station, 2017 unmodified ten-minute observational data. AMRDC Data Repository, accessed DD-MM-YYYY, https://doi.org/10.48567/kpw1-hn53.",https://doi.org/10.48567/kpw1-hn53,,"<a href=""https://orcid.org/0000-0002-4343-498X"">Matthew Lazzara</a>, Mark Kulie"
2017,"Windless Bight Automatic Weather Station, 2017 Reader format three-hour observational data.","Antarctic Meteorological Research and Data Center, 2017: Windless Bight Automatic Weather Station, 2017 unmodified ten-minute observational data. AMRDC Data Repository, accessed DD-MM-YYYY, https://doi.org/10.48567/cz8c-np92.",https://doi.org/10.48567/cz8c-np92,,"<a href=""https://orcid.org/0000-0002-4343-498X"">Matthew Lazzara</a>, Mark Kulie"
