2015,"AGO-4 Automatic Weather Station, 2015 Reader format three-hour observational data.","Antarctic Meteorological Research and Data Center, 2015: AGO-4 Automatic Weather Station, 2015 unmodified ten-minute observational data. AMRDC Data Repository, accessed DD-MM-YYYY, https://doi.org/10.48567/phwt-sd23.",https://doi.org/10.48567/phwt-sd23,,"<a href=""https://orcid.org/0000-0002-4343-498X"">Matthew Lazzara</a>"
2015,"Austin Automatic Weather Station, 2015 Reader format three-hour observational data.","Antarctic Meteorological Research and Data Center, 2015: Austin Automatic Weather Station, 2015 unmodified ten-minute observational data. AMRDC Data Repository, accessed DD-MM-YYYY, https://doi.org/10.48567/bysh-7t89.",https://doi.org/10.48567/bysh-7t89,,"<a href=""https://orcid.org/0000-0002-4343-498X"">Matthew Lazzara</a>"
2015,"Baldrick Automatic Weather Station, 2015 Reader format three-hour observational data.","Antarctic Meteorological Research and Data Center, 2015: Baldrick Automatic Weather Station, 2015 unmodified ten-minute observational data. AMRDC Data Repository, accessed DD-MM-YYYY, https://doi.org/10.48567/rxsb-n861.",https://doi.org/10.48567/rxsb-n861,,"<a href=""https://orcid.org/0000-0002-4343-498X"">Matthew Lazzara</a>"
2015,"Bear Peninsula Automatic Weather Station, 2015 Reader format three-hour observational data.","Antarctic Meteorological Research and Data Center, 2015: Bear Peninsula Automatic Weather Station, 2015 unmodified ten-minute observational data. AMRDC Data Repository, accessed DD-MM-YYYY, https://doi.org/10.48567/nps2-2759.",https://doi.org/10.48567/nps2-2759,,"<a href=""https://orcid.org/0000-0002-4343-498X"">Matthew Lazzara</a>"
2015,"Bonaparte Point Automatic Weather Station, 2015 Reader format three-hour observational data.","Antarctic Meteorological Research and Data Center, 2015: Bonaparte Point Automatic Weather Station, 2015 unmodified ten-minute observational data. AMRDC Data Repository, accessed DD-MM-YYYY, https://doi.org/10.48567/tv87-1b04.",https://doi.org/10.48567/tv87-1b04,,"<a href=""https://orcid.org/0000-0002-4343-498X"">Matthew Lazzara</a>"
2015,"Brianna Automatic Weather Station, 2015 Reader format three-hour observational data.","Antarctic Meteorological Research and Data Center, 2015: Brianna Automatic Weather Station, 2015 unmodified ten-minute observational data. AMRDC Data Repository, accessed DD-MM-YYYY, https://doi.org/10.48567/hfjn-1t42.",https://doi.org/10.48567/hfjn-1t42,,"<a href=""https://orcid.org/0000-0002-4343-498X"">Matthew Lazzara</a>"
2015,"Byrd Automatic Weather Station, 2015 Reader format three-hour observational data.","Antarctic Meteorological Research and Data Center, 2015: Byrd Automatic Weather Station, 2015 unmodified ten-minute observational data. AMRDC Data Repository, accessed DD-MM-YYYY, https://doi.org/10.48567/k2e4-hv26.",https://doi.org/10.48567/k2e4-hv26,,"<a href=""https://orcid.org/0000-0002-4343-498X"">Matthew Lazzara</a>"
2015,"Cape Bird Automatic Weather Station, 2015 Reader format three-hour observational data.","Antarctic Meteorological Research and Data Center, 2015: Cape Bird Automatic Weather Station, 2015 unmodified ten-minute observational data. AMRDC Data Repository, accessed DD-MM-YYYY, https://doi.org/10.48567/fqzf-mw21.",https://doi.org/10.48567/fqzf-mw21,,"<a href=""https://orcid.org/0000-0002-4343-498X"">Matthew Lazzara</a>"
2015,"Cape Hallett Automatic Weather Station, 2015 Reader format three-hour observational data.","Antarctic Meteorological Research and Data Center, 2015: Cape Hallett Automatic Weather Station, 2015 unmodified ten-minute observational data. AMRDC Data Repository, accessed DD-MM-YYYY, https://doi.org/10.48567/6rjs-yt68.",https://doi.org/10.48567/6rjs-yt68,,"<a href=""https://orcid.org/0000-0002-4343-498X"">Matthew Lazzara</a>"
2015,"D-10 Automatic Weather Station, 2015 Reader format three-hour observational data.","Antarctic Meteorological Research and Data Center, 2015: D-10 Automatic Weather Station, 2015 unmodified ten-minute observational data. AMRDC Data Repository, accessed DD-MM-YYYY, https://doi.org/10.48567/k7st-m542.",https://doi.org/10.48567/k7st-m542,,"<a href=""https://orcid.org/0000-0002-4343-498X"">Matthew Lazzara</a>"
2015,"D-47 Automatic Weather Station, 2015 Reader format three-hour observational data.","Antarctic Meteorological Research and Data Center, 2015: D-47 Automatic Weather Station, 2015 unmodified ten-minute observational data. AMRDC Data Repository, accessed DD-MM-YYYY, https://doi.org/10.48567/mn3c-0p29.",https://doi.org/10.48567/mn3c-0p29,,"<a href=""https://orcid.org/0000-0002-4343-498X"">Matthew Lazzara</a>"
2015,"D-85 Automatic Weather Station, 2015 Reader format three-hour observational data.","Antarctic Meteorological Research and Data Center, 2015: D-85 Automatic Weather Station, 2015 unmodified ten-minute observational data. AMRDC Data Repository, accessed DD-MM-YYYY, https://doi.org/10.48567/mp7y-z997.",https://doi.org/10.48567/mp7y-z997,,"<a href=""https://orcid.org/0000-0002-4343-498X"">Matthew Lazzara</a>"
2015,"Dome C II Automatic Weather Station, 2015 Reader format three-hour observational data.","Antarctic Meteorological Research and Data Center, 2015: Dome C II Automatic Weather Station, 2015 unmodified ten-minute observational data. AMRDC Data Repository, accessed DD-MM-YYYY, https://doi.org/10.48567/3anb-gw93.",https://doi.org/10.48567/3anb-gw93,,"<a href=""https://orcid.org/0000-0002-4343-498X"">Matthew Lazzara</a>"
2015,"Dome Fuji Automatic Weather Station, 2015 Reader format three-hour observational data.","Antarctic Meteorological Research and Data Center, 2015: Dome Fuji Automatic Weather Station, 2015 unmodified ten-minute observational data. AMRDC Data Repository, accessed DD-MM-YYYY, https://doi.org/10.48567/rxtx-hp63.",https://doi.org/10.48567/rxtx-hp63,,"<a href=""https://orcid.org/0000-0002-4343-498X"">Matthew Lazzara</a>"
2015,"Elaine Automatic Weather Station, 2015 Reader format three-hour observational data.","Antarctic Meteorological Research and Data Center, 2015: Elaine Automatic Weather Station, 2015 unmodified ten-minute observational data. AMRDC Data Repository, accessed DD-MM-YYYY, https://doi.org/10.48567/8937-sv23.",https://doi.org/10.48567/8937-sv23,,"<a href=""https://orcid.org/0000-0002-4343-498X"">Matthew Lazzara</a>"
2015,"Elizabeth Automatic Weather Station, 2015 Reader format three-hour observational data.","Antarctic Meteorological Research and Data Center, 2015: Elizabeth Automatic Weather Station, 2015 unmodified ten-minute observational data. AMRDC Data Repository, accessed DD-MM-YYYY, https://doi.org/10.48567/2msy-9614.",https://doi.org/10.48567/2msy-9614,,"<a href=""https://orcid.org/0000-0002-4343-498X"">Matthew Lazzara</a>"
2015,"Emilia Automatic Weather Station, 2015 Reader format three-hour observational data.","Antarctic Meteorological Research and Data Center, 2015: Emilia Automatic Weather Station, 2015 unmodified ten-minute observational data. AMRDC Data Repository, accessed DD-MM-YYYY, https://doi.org/10.48567/t0pp-sb04.",https://doi.org/10.48567/t0pp-sb04,,"<a href=""https://orcid.org/0000-0002-4343-498X"">Matthew Lazzara</a>"
2015,"Emma Automatic Weather Station, 2015 Reader format three-hour observational data.","Antarctic Meteorological Research and Data Center, 2015: Emma Automatic Weather Station, 2015 unmodified ten-minute observational data. AMRDC Data Repository, accessed DD-MM-YYYY, https://doi.org/10.48567/94s1-md85.",https://doi.org/10.48567/94s1-md85,,"<a href=""https://orcid.org/0000-0002-4343-498X"">Matthew Lazzara</a>"
2015,"Erin Automatic Weather Station, 2015 Reader format three-hour observational data.","Antarctic Meteorological Research and Data Center, 2015: Erin Automatic Weather Station, 2015 unmodified ten-minute observational data. AMRDC Data Repository, accessed DD-MM-YYYY, https://doi.org/10.48567/qf2e-y746.",https://doi.org/10.48567/qf2e-y746,,"<a href=""https://orcid.org/0000-0002-4343-498X"">Matthew Lazzara</a>"
2015,"Evans Knoll Automatic Weather Station, 2015 Reader format three-hour observational data.","Antarctic Meteorological Research and Data Center, 2015: Evans Knoll Automatic Weather Station, 2015 unmodified ten-minute observational data. AMRDC Data Repository, accessed DD-MM-YYYY, https://doi.org/10.48567/7drn-7m75.",https://doi.org/10.48567/7drn-7m75,,"<a href=""https://orcid.org/0000-0002-4343-498X"">Matthew Lazzara</a>"
2015,"Ferrell Automatic Weather Station, 2015 Reader format three-hour observational data.","Antarctic Meteorological Research and Data Center, 2015: Ferrell Automatic Weather Station, 2015 unmodified ten-minute observational data. AMRDC Data Repository, accessed DD-MM-YYYY, https://doi.org/10.48567/sk54-qt55.",https://doi.org/10.48567/sk54-qt55,,"<a href=""https://orcid.org/0000-0002-4343-498X"">Matthew Lazzara</a>"
2015,"Gill Automatic Weather Station, 2015 Reader format three-hour observational data.","Antarctic Meteorological Research and Data Center, 2015: Gill Automatic Weather Station, 2015 unmodified ten-minute observational data. AMRDC Data Repository, accessed DD-MM-YYYY, https://doi.org/10.48567/zjks-av66.",https://doi.org/10.48567/zjks-av66,,"<a href=""https://orcid.org/0000-0002-4343-498X"">Matthew Lazzara</a>"
2015,"Henry Automatic Weather Station, 2015 Reader format three-hour observational data.","Antarctic Meteorological Research and Data Center, 2015: Henry Automatic Weather Station, 2015 unmodified ten-minute observational data. AMRDC Data Repository, accessed DD-MM-YYYY, https://doi.org/10.48567/60pg-4m32.",https://doi.org/10.48567/60pg-4m32,,"<a href=""https://orcid.org/0000-0002-4343-498X"">Matthew Lazzara</a>"
2015,"Hugo Island Automatic Weather Station, 2015 Reader format three-hour observational data.","Antarctic Meteorological Research and Data Center, 2015: Hugo Island Automatic Weather Station, 2015 unmodified ten-minute observational data. AMRDC Data Repository, accessed DD-MM-YYYY, https://doi.org/10.48567/vx3k-b228.",https://doi.org/10.48567/vx3k-b228,,"<a href=""https://orcid.org/0000-0002-4343-498X"">Matthew Lazzara</a>"
2015,"JASE2007 Automatic Weather Station, 2015 Reader format three-hour observational data.","Antarctic Meteorological Research and Data Center, 2015: JASE2007 Automatic Weather Station, 2015 unmodified ten-minute observational data. AMRDC Data Repository, accessed DD-MM-YYYY, https://doi.org/10.48567/f2b3-1552.",https://doi.org/10.48567/f2b3-1552,,"<a href=""https://orcid.org/0000-0002-4343-498X"">Matthew Lazzara</a>"
2015,"Janet Automatic Weather Station, 2015 Reader format three-hour observational data.","Antarctic Meteorological Research and Data Center, 2015: Janet Automatic Weather Station, 2015 unmodified ten-minute observational data. AMRDC Data Repository, accessed DD-MM-YYYY, https://doi.org/10.48567/0nnt-yk10.",https://doi.org/10.48567/0nnt-yk10,,"<a href=""https://orcid.org/0000-0002-4343-498X"">Matthew Lazzara</a>"
2015,"Kominko-Slade Automatic Weather Station, 2015 Reader format three-hour observational data.","Antarctic Meteorological Research and Data Center, 2015: Kominko-Slade Automatic Weather Station, 2015 unmodified ten-minute observational data. AMRDC Data Repository, accessed DD-MM-YYYY, https://doi.org/10.48567/ztbf-h519.",https://doi.org/10.48567/ztbf-h519,,"<a href=""https://orcid.org/0000-0002-4343-498X"">Matthew Lazzara</a>"
2015,"Laurie II Automatic Weather Station, 2015 Reader format three-hour observational data.","Antarctic Meteorological Research and Data Center, 2015: Laurie II Automatic Weather Station, 2015 unmodified ten-minute observational data. AMRDC Data Repository, accessed DD-MM-YYYY, https://doi.org/10.48567/htf8-7e84.",https://doi.org/10.48567/htf8-7e84,,"<a href=""https://orcid.org/0000-0002-4343-498X"">Matthew Lazzara</a>"
2015,"Lettau Automatic Weather Station, 2015 Reader format three-hour observational data.","Antarctic Meteorological Research and Data Center, 2015: Lettau Automatic Weather Station, 2015 unmodified ten-minute observational data. AMRDC Data Repository, accessed DD-MM-YYYY, https://doi.org/10.48567/0jrt-jh26.",https://doi.org/10.48567/0jrt-jh26,,"<a href=""https://orcid.org/0000-0002-4343-498X"">Matthew Lazzara</a>"
2015,"Linda Automatic Weather Station, 2015 Reader format three-hour observational data.","Antarctic Meteorological Research and Data Center, 2015: Linda Automatic Weather Station, 2015 unmodified ten-minute observational data. AMRDC Data Repository, accessed DD-MM-YYYY, https://doi.org/10.48567/03c3-2305.",https://doi.org/10.48567/03c3-2305,,"<a href=""https://orcid.org/0000-0002-4343-498X"">Matthew Lazzara</a>"
2015,"Lorne Automatic Weather Station, 2015 Reader format three-hour observational data.","Antarctic Meteorological Research and Data Center, 2015: Lorne Automatic Weather Station, 2015 unmodified ten-minute observational data. AMRDC Data Repository, accessed DD-MM-YYYY, https://doi.org/10.48567/v97f-0r11.",https://doi.org/10.48567/v97f-0r11,,"<a href=""https://orcid.org/0000-0002-4343-498X"">Matthew Lazzara</a>"
2015,"Manuela Automatic Weather Station, 2015 Reader format three-hour observational data.","Antarctic Meteorological Research and Data Center, 2015: Manuela Automatic Weather Station, 2015 unmodified ten-minute observational data. AMRDC Data Repository, accessed DD-MM-YYYY, https://doi.org/10.48567/tca8-z865.",https://doi.org/10.48567/tca8-z865,,"<a href=""https://orcid.org/0000-0002-4343-498X"">Matthew Lazzara</a>"
2015,"Marble Point Automatic Weather Station, 2015 Reader format three-hour observational data.","Antarctic Meteorological Research and Data Center, 2015: Marble Point Automatic Weather Station, 2015 unmodified ten-minute observational data. AMRDC Data Repository, accessed DD-MM-YYYY, https://doi.org/10.48567/fdby-w275.",https://doi.org/10.48567/fdby-w275,,"<a href=""https://orcid.org/0000-0002-4343-498X"">Matthew Lazzara</a>"
2015,"Marble Point II Automatic Weather Station, 2015 Reader format three-hour observational data.","Antarctic Meteorological Research and Data Center, 2015: Marble Point II Automatic Weather Station, 2015 unmodified ten-minute observational data. AMRDC Data Repository, accessed DD-MM-YYYY, https://doi.org/10.48567/yjtt-2z62.",https://doi.org/10.48567/yjtt-2z62,,"<a href=""https://orcid.org/0000-0002-4343-498X"">Matthew Lazzara</a>"
2015,"Margaret Automatic Weather Station, 2015 Reader format three-hour observational data.","Antarctic Meteorological Research and Data Center, 2015: Margaret Automatic Weather Station, 2015 unmodified ten-minute observational data. AMRDC Data Repository, accessed DD-MM-YYYY, https://doi.org/10.48567/3j7k-6202.",https://doi.org/10.48567/3j7k-6202,,"<a href=""https://orcid.org/0000-0002-4343-498X"">Matthew Lazzara</a>"
2015,"Marilyn Automatic Weather Station, 2015 Reader format three-hour observational data.","Antarctic Meteorological Research and Data Center, 2015: Marilyn Automatic Weather Station, 2015 unmodified ten-minute observational data. AMRDC Data Repository, accessed DD-MM-YYYY, https://doi.org/10.48567/pqnt-rs82.",https://doi.org/10.48567/pqnt-rs82,,"<a href=""https://orcid.org/0000-0002-4343-498X"">Matthew Lazzara</a>"
2015,"Minna Bluff Automatic Weather Station, 2015 Reader format three-hour observational data.","Antarctic Meteorological Research and Data Center, 2015: Minna Bluff Automatic Weather Station, 2015 unmodified ten-minute observational data. AMRDC Data Repository, accessed DD-MM-YYYY, https://doi.org/10.48567/en45-yt35.",https://doi.org/10.48567/en45-yt35,,"<a href=""https://orcid.org/0000-0002-4343-498X"">Matthew Lazzara</a>"
2015,"Mizuho Automatic Weather Station, 2015 Reader format three-hour observational data.","Antarctic Meteorological Research and Data Center, 2015: Mizuho Automatic Weather Station, 2015 unmodified ten-minute observational data. AMRDC Data Repository, accessed DD-MM-YYYY, https://doi.org/10.48567/15zc-1424.",https://doi.org/10.48567/15zc-1424,,"<a href=""https://orcid.org/0000-0002-4343-498X"">Matthew Lazzara</a>"
2015,"Mount Siple Automatic Weather Station, 2015 Reader format three-hour observational data.","Antarctic Meteorological Research and Data Center, 2015: Mount Siple Automatic Weather Station, 2015 unmodified ten-minute observational data. AMRDC Data Repository, accessed DD-MM-YYYY, https://doi.org/10.48567/g2ge-k810.",https://doi.org/10.48567/g2ge-k810,,"<a href=""https://orcid.org/0000-0002-4343-498X"">Matthew Lazzara</a>"
2015,"Nico Automatic Weather Station, 2015 Reader format three-hour observational data.","Antarctic Meteorological Research and Data Center, 2015: Nico Automatic Weather Station, 2015 unmodified ten-minute observational data. AMRDC Data Repository, accessed DD-MM-YYYY, https://doi.org/10.48567/r8gt-ym18.",https://doi.org/10.48567/r8gt-ym18,,"<a href=""https://orcid.org/0000-0002-4343-498X"">Matthew Lazzara</a>"
2015,"PANDA-South Automatic Weather Station, 2015 Reader format three-hour observational data.","Antarctic Meteorological Research and Data Center, 2015: PANDA-South Automatic Weather Station, 2015 unmodified ten-minute observational data. AMRDC Data Repository, accessed DD-MM-YYYY, https://doi.org/10.48567/ryfa-qn16.",https://doi.org/10.48567/ryfa-qn16,,"<a href=""https://orcid.org/0000-0002-4343-498X"">Matthew Lazzara</a>"
2015,"Pegasus North Automatic Weather Station, 2015 Reader format three-hour observational data.","Antarctic Meteorological Research and Data Center, 2015: Pegasus North Automatic Weather Station, 2015 unmodified ten-minute observational data. AMRDC Data Repository, accessed DD-MM-YYYY, https://doi.org/10.48567/gakw-gv28.",https://doi.org/10.48567/gakw-gv28,,"<a href=""https://orcid.org/0000-0002-4343-498X"">Matthew Lazzara</a>"
2015,"Possession Island Automatic Weather Station, 2015 Reader format three-hour observational data.","Antarctic Meteorological Research and Data Center, 2015: Possession Island Automatic Weather Station, 2015 unmodified ten-minute observational data. AMRDC Data Repository, accessed DD-MM-YYYY, https://doi.org/10.48567/v4tr-8x50.",https://doi.org/10.48567/v4tr-8x50,,"<a href=""https://orcid.org/0000-0002-4343-498X"">Matthew Lazzara</a>"
2015,"Relay Station Automatic Weather Station, 2015 Reader format three-hour observational data.","Antarctic Meteorological Research and Data Center, 2015: Relay Station Automatic Weather Station, 2015 unmodified ten-minute observational data. AMRDC Data Repository, accessed DD-MM-YYYY, https://doi.org/10.48567/zkwm-7f19.",https://doi.org/10.48567/zkwm-7f19,,"<a href=""https://orcid.org/0000-0002-4343-498X"">Matthew Lazzara</a>"
2015,"Sabrina Automatic Weather Station, 2015 Reader format three-hour observational data.","Antarctic Meteorological Research and Data Center, 2015: Sabrina Automatic Weather Station, 2015 unmodified ten-minute observational data. AMRDC Data Repository, accessed DD-MM-YYYY, https://doi.org/10.48567/a830-4v02.",https://doi.org/10.48567/a830-4v02,,"<a href=""https://orcid.org/0000-0002-4343-498X"">Matthew Lazzara</a>"
2015,"Schwerdtfeger Automatic Weather Station, 2015 Reader format three-hour observational data.","Antarctic Meteorological Research and Data Center, 2015: Schwerdtfeger Automatic Weather Station, 2015 unmodified ten-minute observational data. AMRDC Data Repository, accessed DD-MM-YYYY, https://doi.org/10.48567/9q56-6885.",https://doi.org/10.48567/9q56-6885,,"<a href=""https://orcid.org/0000-0002-4343-498X"">Matthew Lazzara</a>"
2015,"Siple Dome Automatic Weather Station, 2015 Reader format three-hour observational data.","Antarctic Meteorological Research and Data Center, 2015: Siple Dome Automatic Weather Station, 2015 unmodified ten-minute observational data. AMRDC Data Repository, accessed DD-MM-YYYY, https://doi.org/10.48567/n0ad-d126.",https://doi.org/10.48567/n0ad-d126,,"<a href=""https://orcid.org/0000-0002-4343-498X"">Matthew Lazzara</a>"
2015,"Theresa Automatic Weather Station, 2015 Reader format three-hour observational data.","Antarctic Meteorological Research and Data Center, 2015: Theresa Automatic Weather Station, 2015 unmodified ten-minute observational data. AMRDC Data Repository, accessed DD-MM-YYYY, https://doi.org/10.48567/xqat-ha53.",https://doi.org/10.48567/xqat-ha53,,"<a href=""https://orcid.org/0000-0002-4343-498X"">Matthew Lazzara</a>"
2015,"Thurston Island Automatic Weather Station, 2015 Reader format three-hour observational data.","Antarctic Meteorological Research and Data Center, 2015: Thurston Island Automatic Weather Station, 2015 unmodified ten-minute observational data. AMRDC Data Repository, accessed DD-MM-YYYY, https://doi.org/10.48567/8mzr-ta90.",https://doi.org/10.48567/8mzr-ta90,,"<a href=""https://orcid.org/0000-0002-4343-498X"">Matthew Lazzara</a>"
2015,"Vito Automatic Weather Station, 2015 Reader format three-hour observational data.","Antarctic Meteorological Research and Data Center, 2015: Vito Automatic Weather Station, 2015 unmodified ten-minute observational data. AMRDC Data Repository, accessed DD-MM-YYYY, https://doi.org/10.48567/csy5-4340.",https://doi.org/10.48567/csy5-4340,,"<a href=""https://orcid.org/0000-0002-4343-498X"">Matthew Lazzara</a>"
2015,"White Island Automatic Weather Station, 2015 Reader format three-hour observational data.","Antarctic Meteorological Research and Data Center, 2015: White Island Automatic Weather Station, 2015 unmodified ten-minute observational data. AMRDC Data Repository, accessed DD-MM-YYYY, https://doi.org/10.48567/yq8y-6z05.",https://doi.org/10.48567/yq8y-6z05,,"<a href=""https://orcid.org/0000-0002-4343-498X"">Matthew Lazzara</a>"
2015,"Whitlock Automatic Weather Station, 2015 Reader format three-hour observational data.","Antarctic Meteorological Research and Data Center, 2015: Whitlock Automatic Weather Station, 2015 unmodified ten-minute observational data. AMRDC Data Repository, accessed DD-MM-YYYY, https://doi.org/10.48567/9kwq-0a88.",https://doi.org/10.48567/9kwq-0a88,,"<a href=""https://orcid.org/0000-0002-4343-498X"">Matthew Lazzara</a>"
2015,"Willie Field Automatic Weather Station, 2015 Reader format three-hour observational data.","Antarctic Meteorological Research and Data Center, 2015: Willie Field Automatic Weather Station, 2015 unmodified ten-minute observational data. AMRDC Data Repository, accessed DD-MM-YYYY, https://doi.org/10.48567/16ks-8763.",https://doi.org/10.48567/16ks-8763,,"<a href=""https://orcid.org/0000-0002-4343-498X"">Matthew Lazzara</a>"
2015,"Windless Bight Automatic Weather Station, 2015 Reader format three-hour observational data.","Antarctic Meteorological Research and Data Center, 2015: Windless Bight Automatic Weather Station, 2015 unmodified ten-minute observational data. AMRDC Data Repository, accessed DD-MM-YYYY, https://doi.org/10.48567/v6pj-th48.",https://doi.org/10.48567/v6pj-th48,,"<a href=""https://orcid.org/0000-0002-4343-498X"">Matthew Lazzara</a>"
