2010,"Baldrick Automatic Weather Station, 2010 Reader format three-hour observational data.","Antarctic Meteorological Research and Data Center, 2010: Baldrick Automatic Weather Station, 2010 unmodified ten-minute observational data. AMRDC Data Repository, accessed DD-MM-YYYY, https://doi.org/10.48567/sy7q-5h97.",https://doi.org/10.48567/sy7q-5h97,"<a href=""https://www.nsf.gov/awardsearch/showAward?AWD_ID=0636873"">0636873</a>, <a href=""https://www.nsf.gov/awardsearch/showAward?AWD_ID=0944018"">0944018</a>","<a href=""https://orcid.org/0000-0002-4343-498X"">Matthew Lazzara</a>, Gregory Tripoli, George Weidner"
2010,"Bonaparte Point Automatic Weather Station, 2010 Reader format three-hour observational data.","Antarctic Meteorological Research and Data Center, 2010: Bonaparte Point Automatic Weather Station, 2010 unmodified ten-minute observational data. AMRDC Data Repository, accessed DD-MM-YYYY, https://doi.org/10.48567/jnh6-1066.",https://doi.org/10.48567/jnh6-1066,"<a href=""https://www.nsf.gov/awardsearch/showAward?AWD_ID=0636873"">0636873</a>, <a href=""https://www.nsf.gov/awardsearch/showAward?AWD_ID=0944018"">0944018</a>","<a href=""https://orcid.org/0000-0002-4343-498X"">Matthew Lazzara</a>, Gregory Tripoli, George Weidner"
2010,"Brianna Automatic Weather Station, 2010 Reader format three-hour observational data.","Antarctic Meteorological Research and Data Center, 2010: Brianna Automatic Weather Station, 2010 unmodified ten-minute observational data. AMRDC Data Repository, accessed DD-MM-YYYY, https://doi.org/10.48567/4pkq-x256.",https://doi.org/10.48567/4pkq-x256,"<a href=""https://www.nsf.gov/awardsearch/showAward?AWD_ID=0636873"">0636873</a>, <a href=""https://www.nsf.gov/awardsearch/showAward?AWD_ID=0944018"">0944018</a>","<a href=""https://orcid.org/0000-0002-4343-498X"">Matthew Lazzara</a>, Gregory Tripoli, George Weidner"
2010,"Butler Island Automatic Weather Station, 2010 Reader format three-hour observational data.","Antarctic Meteorological Research and Data Center, 2010: Butler Island Automatic Weather Station, 2010 unmodified ten-minute observational data. AMRDC Data Repository, accessed DD-MM-YYYY, https://doi.org/10.48567/815n-3g55.",https://doi.org/10.48567/815n-3g55,"<a href=""https://www.nsf.gov/awardsearch/showAward?AWD_ID=0636873"">0636873</a>, <a href=""https://www.nsf.gov/awardsearch/showAward?AWD_ID=0944018"">0944018</a>","<a href=""https://orcid.org/0000-0002-4343-498X"">Matthew Lazzara</a>, Gregory Tripoli, George Weidner"
2010,"Byrd Automatic Weather Station, 2010 Reader format three-hour observational data.","Antarctic Meteorological Research and Data Center, 2010: Byrd Automatic Weather Station, 2010 unmodified ten-minute observational data. AMRDC Data Repository, accessed DD-MM-YYYY, https://doi.org/10.48567/apbn-4a32.",https://doi.org/10.48567/apbn-4a32,"<a href=""https://www.nsf.gov/awardsearch/showAward?AWD_ID=0636873"">0636873</a>, <a href=""https://www.nsf.gov/awardsearch/showAward?AWD_ID=0944018"">0944018</a>","<a href=""https://orcid.org/0000-0002-4343-498X"">Matthew Lazzara</a>, Gregory Tripoli, George Weidner"
2010,"Cape Bird Automatic Weather Station, 2010 Reader format three-hour observational data.","Antarctic Meteorological Research and Data Center, 2010: Cape Bird Automatic Weather Station, 2010 unmodified ten-minute observational data. AMRDC Data Repository, accessed DD-MM-YYYY, https://doi.org/10.48567/sqnb-7a36.",https://doi.org/10.48567/sqnb-7a36,"<a href=""https://www.nsf.gov/awardsearch/showAward?AWD_ID=0636873"">0636873</a>, <a href=""https://www.nsf.gov/awardsearch/showAward?AWD_ID=0944018"">0944018</a>","<a href=""https://orcid.org/0000-0002-4343-498X"">Matthew Lazzara</a>, Gregory Tripoli, George Weidner"
2010,"Cape Denison Automatic Weather Station, 2010 Reader format three-hour observational data.","Antarctic Meteorological Research and Data Center, 2010: Cape Denison Automatic Weather Station, 2010 unmodified ten-minute observational data. AMRDC Data Repository, accessed DD-MM-YYYY, https://doi.org/10.48567/dw0y-2g04.",https://doi.org/10.48567/dw0y-2g04,"<a href=""https://www.nsf.gov/awardsearch/showAward?AWD_ID=0636873"">0636873</a>, <a href=""https://www.nsf.gov/awardsearch/showAward?AWD_ID=0944018"">0944018</a>","<a href=""https://orcid.org/0000-0002-4343-498X"">Matthew Lazzara</a>, Gregory Tripoli, George Weidner"
2010,"Carolyn Automatic Weather Station, 2010 Reader format three-hour observational data.","Antarctic Meteorological Research and Data Center, 2010: Carolyn Automatic Weather Station, 2010 unmodified ten-minute observational data. AMRDC Data Repository, accessed DD-MM-YYYY, https://doi.org/10.48567/q9t3-we08.",https://doi.org/10.48567/q9t3-we08,"<a href=""https://www.nsf.gov/awardsearch/showAward?AWD_ID=0636873"">0636873</a>, <a href=""https://www.nsf.gov/awardsearch/showAward?AWD_ID=0944018"">0944018</a>","<a href=""https://orcid.org/0000-0002-4343-498X"">Matthew Lazzara</a>, Gregory Tripoli, George Weidner"
2010,"D-10 Automatic Weather Station, 2010 Reader format three-hour observational data.","Antarctic Meteorological Research and Data Center, 2010: D-10 Automatic Weather Station, 2010 unmodified ten-minute observational data. AMRDC Data Repository, accessed DD-MM-YYYY, https://doi.org/10.48567/gsmk-0x84.",https://doi.org/10.48567/gsmk-0x84,"<a href=""https://www.nsf.gov/awardsearch/showAward?AWD_ID=0636873"">0636873</a>, <a href=""https://www.nsf.gov/awardsearch/showAward?AWD_ID=0944018"">0944018</a>","<a href=""https://orcid.org/0000-0002-4343-498X"">Matthew Lazzara</a>, Gregory Tripoli, George Weidner"
2010,"D-47 Automatic Weather Station, 2010 Reader format three-hour observational data.","Antarctic Meteorological Research and Data Center, 2010: D-47 Automatic Weather Station, 2010 unmodified ten-minute observational data. AMRDC Data Repository, accessed DD-MM-YYYY, https://doi.org/10.48567/tgbw-2585.",https://doi.org/10.48567/tgbw-2585,"<a href=""https://www.nsf.gov/awardsearch/showAward?AWD_ID=0636873"">0636873</a>, <a href=""https://www.nsf.gov/awardsearch/showAward?AWD_ID=0944018"">0944018</a>","<a href=""https://orcid.org/0000-0002-4343-498X"">Matthew Lazzara</a>, Gregory Tripoli, George Weidner"
2010,"D-85 Automatic Weather Station, 2010 Reader format three-hour observational data.","Antarctic Meteorological Research and Data Center, 2010: D-85 Automatic Weather Station, 2010 unmodified ten-minute observational data. AMRDC Data Repository, accessed DD-MM-YYYY, https://doi.org/10.48567/00gq-cm98.",https://doi.org/10.48567/00gq-cm98,"<a href=""https://www.nsf.gov/awardsearch/showAward?AWD_ID=0636873"">0636873</a>, <a href=""https://www.nsf.gov/awardsearch/showAward?AWD_ID=0944018"">0944018</a>","<a href=""https://orcid.org/0000-0002-4343-498X"">Matthew Lazzara</a>, Gregory Tripoli, George Weidner"
2010,"Dismal Island Automatic Weather Station, 2010 Reader format three-hour observational data.","Antarctic Meteorological Research and Data Center, 2010: Dismal Island Automatic Weather Station, 2010 unmodified ten-minute observational data. AMRDC Data Repository, accessed DD-MM-YYYY, https://doi.org/10.48567/7309-0t05.",https://doi.org/10.48567/7309-0t05,"<a href=""https://www.nsf.gov/awardsearch/showAward?AWD_ID=0636873"">0636873</a>, <a href=""https://www.nsf.gov/awardsearch/showAward?AWD_ID=0944018"">0944018</a>","<a href=""https://orcid.org/0000-0002-4343-498X"">Matthew Lazzara</a>, Gregory Tripoli, George Weidner"
2010,"Dome C II Automatic Weather Station, 2010 Reader format three-hour observational data.","Antarctic Meteorological Research and Data Center, 2010: Dome C II Automatic Weather Station, 2010 unmodified ten-minute observational data. AMRDC Data Repository, accessed DD-MM-YYYY, https://doi.org/10.48567/e1hb-4371.",https://doi.org/10.48567/e1hb-4371,"<a href=""https://www.nsf.gov/awardsearch/showAward?AWD_ID=0636873"">0636873</a>, <a href=""https://www.nsf.gov/awardsearch/showAward?AWD_ID=0944018"">0944018</a>","<a href=""https://orcid.org/0000-0002-4343-498X"">Matthew Lazzara</a>, Gregory Tripoli, George Weidner"
2010,"Dome Fuji Automatic Weather Station, 2010 Reader format three-hour observational data.","Antarctic Meteorological Research and Data Center, 2010: Dome Fuji Automatic Weather Station, 2010 unmodified ten-minute observational data. AMRDC Data Repository, accessed DD-MM-YYYY, https://doi.org/10.48567/hhcq-r429.",https://doi.org/10.48567/hhcq-r429,"<a href=""https://www.nsf.gov/awardsearch/showAward?AWD_ID=0636873"">0636873</a>, <a href=""https://www.nsf.gov/awardsearch/showAward?AWD_ID=0944018"">0944018</a>","<a href=""https://orcid.org/0000-0002-4343-498X"">Matthew Lazzara</a>, Gregory Tripoli, George Weidner"
2010,"E-66 Automatic Weather Station, 2010 Reader format three-hour observational data.","Antarctic Meteorological Research and Data Center, 2010: E-66 Automatic Weather Station, 2010 unmodified ten-minute observational data. AMRDC Data Repository, accessed DD-MM-YYYY, https://doi.org/10.48567/07aa-ax76.",https://doi.org/10.48567/07aa-ax76,"<a href=""https://www.nsf.gov/awardsearch/showAward?AWD_ID=0636873"">0636873</a>, <a href=""https://www.nsf.gov/awardsearch/showAward?AWD_ID=0944018"">0944018</a>","<a href=""https://orcid.org/0000-0002-4343-498X"">Matthew Lazzara</a>, Gregory Tripoli, George Weidner"
2010,"Elaine Automatic Weather Station, 2010 Reader format three-hour observational data.","Antarctic Meteorological Research and Data Center, 2010: Elaine Automatic Weather Station, 2010 unmodified ten-minute observational data. AMRDC Data Repository, accessed DD-MM-YYYY, https://doi.org/10.48567/yf2b-zs36.",https://doi.org/10.48567/yf2b-zs36,"<a href=""https://www.nsf.gov/awardsearch/showAward?AWD_ID=0636873"">0636873</a>, <a href=""https://www.nsf.gov/awardsearch/showAward?AWD_ID=0944018"">0944018</a>","<a href=""https://orcid.org/0000-0002-4343-498X"">Matthew Lazzara</a>, Gregory Tripoli, George Weidner"
2010,"Elizabeth Automatic Weather Station, 2010 Reader format three-hour observational data.","Antarctic Meteorological Research and Data Center, 2010: Elizabeth Automatic Weather Station, 2010 unmodified ten-minute observational data. AMRDC Data Repository, accessed DD-MM-YYYY, https://doi.org/10.48567/fbp0-y335.",https://doi.org/10.48567/fbp0-y335,"<a href=""https://www.nsf.gov/awardsearch/showAward?AWD_ID=0636873"">0636873</a>, <a href=""https://www.nsf.gov/awardsearch/showAward?AWD_ID=0944018"">0944018</a>","<a href=""https://orcid.org/0000-0002-4343-498X"">Matthew Lazzara</a>, Gregory Tripoli, George Weidner"
2010,"Emilia Automatic Weather Station, 2010 Reader format three-hour observational data.","Antarctic Meteorological Research and Data Center, 2010: Emilia Automatic Weather Station, 2010 unmodified ten-minute observational data. AMRDC Data Repository, accessed DD-MM-YYYY, https://doi.org/10.48567/h6bb-at97.",https://doi.org/10.48567/h6bb-at97,"<a href=""https://www.nsf.gov/awardsearch/showAward?AWD_ID=0636873"">0636873</a>, <a href=""https://www.nsf.gov/awardsearch/showAward?AWD_ID=0944018"">0944018</a>","<a href=""https://orcid.org/0000-0002-4343-498X"">Matthew Lazzara</a>, Gregory Tripoli, George Weidner"
2010,"Eric Automatic Weather Station, 2010 Reader format three-hour observational data.","Antarctic Meteorological Research and Data Center, 2010: Eric Automatic Weather Station, 2010 unmodified ten-minute observational data. AMRDC Data Repository, accessed DD-MM-YYYY, https://doi.org/10.48567/9g0s-1c47.",https://doi.org/10.48567/9g0s-1c47,"<a href=""https://www.nsf.gov/awardsearch/showAward?AWD_ID=0636873"">0636873</a>, <a href=""https://www.nsf.gov/awardsearch/showAward?AWD_ID=0944018"">0944018</a>","<a href=""https://orcid.org/0000-0002-4343-498X"">Matthew Lazzara</a>, Gregory Tripoli, George Weidner"
2010,"Erin Automatic Weather Station, 2010 Reader format three-hour observational data.","Antarctic Meteorological Research and Data Center, 2010: Erin Automatic Weather Station, 2010 unmodified ten-minute observational data. AMRDC Data Repository, accessed DD-MM-YYYY, https://doi.org/10.48567/6qcb-yr96.",https://doi.org/10.48567/6qcb-yr96,"<a href=""https://www.nsf.gov/awardsearch/showAward?AWD_ID=0636873"">0636873</a>, <a href=""https://www.nsf.gov/awardsearch/showAward?AWD_ID=0944018"">0944018</a>","<a href=""https://orcid.org/0000-0002-4343-498X"">Matthew Lazzara</a>, Gregory Tripoli, George Weidner"
2010,"Ferrell Automatic Weather Station, 2010 Reader format three-hour observational data.","Antarctic Meteorological Research and Data Center, 2010: Ferrell Automatic Weather Station, 2010 unmodified ten-minute observational data. AMRDC Data Repository, accessed DD-MM-YYYY, https://doi.org/10.48567/230g-8x04.",https://doi.org/10.48567/230g-8x04,"<a href=""https://www.nsf.gov/awardsearch/showAward?AWD_ID=0636873"">0636873</a>, <a href=""https://www.nsf.gov/awardsearch/showAward?AWD_ID=0944018"">0944018</a>","<a href=""https://orcid.org/0000-0002-4343-498X"">Matthew Lazzara</a>, Gregory Tripoli, George Weidner"
2010,"Fossil Bluff Automatic Weather Station, 2010 Reader format three-hour observational data.","Antarctic Meteorological Research and Data Center, 2010: Fossil Bluff Automatic Weather Station, 2010 unmodified ten-minute observational data. AMRDC Data Repository, accessed DD-MM-YYYY, https://doi.org/10.48567/tfqx-6e81.",https://doi.org/10.48567/tfqx-6e81,"<a href=""https://www.nsf.gov/awardsearch/showAward?AWD_ID=0636873"">0636873</a>, <a href=""https://www.nsf.gov/awardsearch/showAward?AWD_ID=0944018"">0944018</a>","<a href=""https://orcid.org/0000-0002-4343-498X"">Matthew Lazzara</a>, Gregory Tripoli, George Weidner"
2010,"Gill Automatic Weather Station, 2010 Reader format three-hour observational data.","Antarctic Meteorological Research and Data Center, 2010: Gill Automatic Weather Station, 2010 unmodified ten-minute observational data. AMRDC Data Repository, accessed DD-MM-YYYY, https://doi.org/10.48567/baj1-cr55.",https://doi.org/10.48567/baj1-cr55,"<a href=""https://www.nsf.gov/awardsearch/showAward?AWD_ID=0636873"">0636873</a>, <a href=""https://www.nsf.gov/awardsearch/showAward?AWD_ID=0944018"">0944018</a>","<a href=""https://orcid.org/0000-0002-4343-498X"">Matthew Lazzara</a>, Gregory Tripoli, George Weidner"
2010,"Harry Automatic Weather Station, 2010 Reader format three-hour observational data.","Antarctic Meteorological Research and Data Center, 2010: Harry Automatic Weather Station, 2010 unmodified ten-minute observational data. AMRDC Data Repository, accessed DD-MM-YYYY, https://doi.org/10.48567/gk5d-9g14.",https://doi.org/10.48567/gk5d-9g14,"<a href=""https://www.nsf.gov/awardsearch/showAward?AWD_ID=0636873"">0636873</a>, <a href=""https://www.nsf.gov/awardsearch/showAward?AWD_ID=0944018"">0944018</a>","<a href=""https://orcid.org/0000-0002-4343-498X"">Matthew Lazzara</a>, Gregory Tripoli, George Weidner"
2010,"Henry Automatic Weather Station, 2010 Reader format three-hour observational data.","Antarctic Meteorological Research and Data Center, 2010: Henry Automatic Weather Station, 2010 unmodified ten-minute observational data. AMRDC Data Repository, accessed DD-MM-YYYY, https://doi.org/10.48567/shky-0p19.",https://doi.org/10.48567/shky-0p19,"<a href=""https://www.nsf.gov/awardsearch/showAward?AWD_ID=0636873"">0636873</a>, <a href=""https://www.nsf.gov/awardsearch/showAward?AWD_ID=0944018"">0944018</a>","<a href=""https://orcid.org/0000-0002-4343-498X"">Matthew Lazzara</a>, Gregory Tripoli, George Weidner"
2010,"Hugo Island Automatic Weather Station, 2010 Reader format three-hour observational data.","Antarctic Meteorological Research and Data Center, 2010: Hugo Island Automatic Weather Station, 2010 unmodified ten-minute observational data. AMRDC Data Repository, accessed DD-MM-YYYY, https://doi.org/10.48567/f53b-0p61.",https://doi.org/10.48567/f53b-0p61,"<a href=""https://www.nsf.gov/awardsearch/showAward?AWD_ID=0636873"">0636873</a>, <a href=""https://www.nsf.gov/awardsearch/showAward?AWD_ID=0944018"">0944018</a>","<a href=""https://orcid.org/0000-0002-4343-498X"">Matthew Lazzara</a>, Gregory Tripoli, George Weidner"
2010,"JASE2007 Automatic Weather Station, 2010 Reader format three-hour observational data.","Antarctic Meteorological Research and Data Center, 2010: JASE2007 Automatic Weather Station, 2010 unmodified ten-minute observational data. AMRDC Data Repository, accessed DD-MM-YYYY, https://doi.org/10.48567/mgrj-dy76.",https://doi.org/10.48567/mgrj-dy76,"<a href=""https://www.nsf.gov/awardsearch/showAward?AWD_ID=0636873"">0636873</a>, <a href=""https://www.nsf.gov/awardsearch/showAward?AWD_ID=0944018"">0944018</a>","<a href=""https://orcid.org/0000-0002-4343-498X"">Matthew Lazzara</a>, Gregory Tripoli, George Weidner"
2010,"Kominko-Slade Automatic Weather Station, 2010 Reader format three-hour observational data.","Antarctic Meteorological Research and Data Center, 2010: Kominko-Slade Automatic Weather Station, 2010 unmodified ten-minute observational data. AMRDC Data Repository, accessed DD-MM-YYYY, https://doi.org/10.48567/2n6d-hj47.",https://doi.org/10.48567/2n6d-hj47,"<a href=""https://www.nsf.gov/awardsearch/showAward?AWD_ID=0636873"">0636873</a>, <a href=""https://www.nsf.gov/awardsearch/showAward?AWD_ID=0944018"">0944018</a>","<a href=""https://orcid.org/0000-0002-4343-498X"">Matthew Lazzara</a>, Gregory Tripoli, George Weidner"
2010,"Larsen Ice Shelf Automatic Weather Station, 2010 Reader format three-hour observational data.","Antarctic Meteorological Research and Data Center, 2010: Larsen Ice Shelf Automatic Weather Station, 2010 unmodified ten-minute observational data. AMRDC Data Repository, accessed DD-MM-YYYY, https://doi.org/10.48567/tct2-7349.",https://doi.org/10.48567/tct2-7349,"<a href=""https://www.nsf.gov/awardsearch/showAward?AWD_ID=0636873"">0636873</a>, <a href=""https://www.nsf.gov/awardsearch/showAward?AWD_ID=0944018"">0944018</a>","<a href=""https://orcid.org/0000-0002-4343-498X"">Matthew Lazzara</a>, Gregory Tripoli, George Weidner"
2010,"Laurie II Automatic Weather Station, 2010 Reader format three-hour observational data.","Antarctic Meteorological Research and Data Center, 2010: Laurie II Automatic Weather Station, 2010 unmodified ten-minute observational data. AMRDC Data Repository, accessed DD-MM-YYYY, https://doi.org/10.48567/qp5e-ae41.",https://doi.org/10.48567/qp5e-ae41,"<a href=""https://www.nsf.gov/awardsearch/showAward?AWD_ID=0636873"">0636873</a>, <a href=""https://www.nsf.gov/awardsearch/showAward?AWD_ID=0944018"">0944018</a>","<a href=""https://orcid.org/0000-0002-4343-498X"">Matthew Lazzara</a>, Gregory Tripoli, George Weidner"
2010,"Lettau Automatic Weather Station, 2010 Reader format three-hour observational data.","Antarctic Meteorological Research and Data Center, 2010: Lettau Automatic Weather Station, 2010 unmodified ten-minute observational data. AMRDC Data Repository, accessed DD-MM-YYYY, https://doi.org/10.48567/yjcm-sm43.",https://doi.org/10.48567/yjcm-sm43,"<a href=""https://www.nsf.gov/awardsearch/showAward?AWD_ID=0636873"">0636873</a>, <a href=""https://www.nsf.gov/awardsearch/showAward?AWD_ID=0944018"">0944018</a>","<a href=""https://orcid.org/0000-0002-4343-498X"">Matthew Lazzara</a>, Gregory Tripoli, George Weidner"
2010,"Limbert Automatic Weather Station, 2010 Reader format three-hour observational data.","Antarctic Meteorological Research and Data Center, 2010: Limbert Automatic Weather Station, 2010 unmodified ten-minute observational data. AMRDC Data Repository, accessed DD-MM-YYYY, https://doi.org/10.48567/d9j7-mv82.",https://doi.org/10.48567/d9j7-mv82,"<a href=""https://www.nsf.gov/awardsearch/showAward?AWD_ID=0636873"">0636873</a>, <a href=""https://www.nsf.gov/awardsearch/showAward?AWD_ID=0944018"">0944018</a>","<a href=""https://orcid.org/0000-0002-4343-498X"">Matthew Lazzara</a>, Gregory Tripoli, George Weidner"
2010,"Linda Automatic Weather Station, 2010 Reader format three-hour observational data.","Antarctic Meteorological Research and Data Center, 2010: Linda Automatic Weather Station, 2010 unmodified ten-minute observational data. AMRDC Data Repository, accessed DD-MM-YYYY, https://doi.org/10.48567/pf3q-v303.",https://doi.org/10.48567/pf3q-v303,"<a href=""https://www.nsf.gov/awardsearch/showAward?AWD_ID=0636873"">0636873</a>, <a href=""https://www.nsf.gov/awardsearch/showAward?AWD_ID=0944018"">0944018</a>","<a href=""https://orcid.org/0000-0002-4343-498X"">Matthew Lazzara</a>, Gregory Tripoli, George Weidner"
2010,"Lorne Automatic Weather Station, 2010 Reader format three-hour observational data.","Antarctic Meteorological Research and Data Center, 2010: Lorne Automatic Weather Station, 2010 unmodified ten-minute observational data. AMRDC Data Repository, accessed DD-MM-YYYY, https://doi.org/10.48567/4yz5-r761.",https://doi.org/10.48567/4yz5-r761,"<a href=""https://www.nsf.gov/awardsearch/showAward?AWD_ID=0636873"">0636873</a>, <a href=""https://www.nsf.gov/awardsearch/showAward?AWD_ID=0944018"">0944018</a>","<a href=""https://orcid.org/0000-0002-4343-498X"">Matthew Lazzara</a>, Gregory Tripoli, George Weidner"
2010,"Manuela Automatic Weather Station, 2010 Reader format three-hour observational data.","Antarctic Meteorological Research and Data Center, 2010: Manuela Automatic Weather Station, 2010 unmodified ten-minute observational data. AMRDC Data Repository, accessed DD-MM-YYYY, https://doi.org/10.48567/mcz7-6q91.",https://doi.org/10.48567/mcz7-6q91,"<a href=""https://www.nsf.gov/awardsearch/showAward?AWD_ID=0636873"">0636873</a>, <a href=""https://www.nsf.gov/awardsearch/showAward?AWD_ID=0944018"">0944018</a>","<a href=""https://orcid.org/0000-0002-4343-498X"">Matthew Lazzara</a>, Gregory Tripoli, George Weidner"
2010,"Marble Point Automatic Weather Station, 2010 Reader format three-hour observational data.","Antarctic Meteorological Research and Data Center, 2010: Marble Point Automatic Weather Station, 2010 unmodified ten-minute observational data. AMRDC Data Repository, accessed DD-MM-YYYY, https://doi.org/10.48567/bzcc-0q84.",https://doi.org/10.48567/bzcc-0q84,"<a href=""https://www.nsf.gov/awardsearch/showAward?AWD_ID=0636873"">0636873</a>, <a href=""https://www.nsf.gov/awardsearch/showAward?AWD_ID=0944018"">0944018</a>","<a href=""https://orcid.org/0000-0002-4343-498X"">Matthew Lazzara</a>, Gregory Tripoli, George Weidner"
2010,"Margaret Automatic Weather Station, 2010 Reader format three-hour observational data.","Antarctic Meteorological Research and Data Center, 2010: Margaret Automatic Weather Station, 2010 unmodified ten-minute observational data. AMRDC Data Repository, accessed DD-MM-YYYY, https://doi.org/10.48567/137g-zs23.",https://doi.org/10.48567/137g-zs23,"<a href=""https://www.nsf.gov/awardsearch/showAward?AWD_ID=0636873"">0636873</a>, <a href=""https://www.nsf.gov/awardsearch/showAward?AWD_ID=0944018"">0944018</a>","<a href=""https://orcid.org/0000-0002-4343-498X"">Matthew Lazzara</a>, Gregory Tripoli, George Weidner"
2010,"Marilyn Automatic Weather Station, 2010 Reader format three-hour observational data.","Antarctic Meteorological Research and Data Center, 2010: Marilyn Automatic Weather Station, 2010 unmodified ten-minute observational data. AMRDC Data Repository, accessed DD-MM-YYYY, https://doi.org/10.48567/vdn4-b038.",https://doi.org/10.48567/vdn4-b038,"<a href=""https://www.nsf.gov/awardsearch/showAward?AWD_ID=0636873"">0636873</a>, <a href=""https://www.nsf.gov/awardsearch/showAward?AWD_ID=0944018"">0944018</a>","<a href=""https://orcid.org/0000-0002-4343-498X"">Matthew Lazzara</a>, Gregory Tripoli, George Weidner"
2010,"Mary Automatic Weather Station, 2010 Reader format three-hour observational data.","Antarctic Meteorological Research and Data Center, 2010: Mary Automatic Weather Station, 2010 unmodified ten-minute observational data. AMRDC Data Repository, accessed DD-MM-YYYY, https://doi.org/10.48567/bde4-8d07.",https://doi.org/10.48567/bde4-8d07,"<a href=""https://www.nsf.gov/awardsearch/showAward?AWD_ID=0636873"">0636873</a>, <a href=""https://www.nsf.gov/awardsearch/showAward?AWD_ID=0944018"">0944018</a>","<a href=""https://orcid.org/0000-0002-4343-498X"">Matthew Lazzara</a>, Gregory Tripoli, George Weidner"
2010,"Minna Bluff Automatic Weather Station, 2010 Reader format three-hour observational data.","Antarctic Meteorological Research and Data Center, 2010: Minna Bluff Automatic Weather Station, 2010 unmodified ten-minute observational data. AMRDC Data Repository, accessed DD-MM-YYYY, https://doi.org/10.48567/3jpk-r060.",https://doi.org/10.48567/3jpk-r060,"<a href=""https://www.nsf.gov/awardsearch/showAward?AWD_ID=0636873"">0636873</a>, <a href=""https://www.nsf.gov/awardsearch/showAward?AWD_ID=0944018"">0944018</a>","<a href=""https://orcid.org/0000-0002-4343-498X"">Matthew Lazzara</a>, Gregory Tripoli, George Weidner"
2010,"Mizuho Automatic Weather Station, 2010 Reader format three-hour observational data.","Antarctic Meteorological Research and Data Center, 2010: Mizuho Automatic Weather Station, 2010 unmodified ten-minute observational data. AMRDC Data Repository, accessed DD-MM-YYYY, https://doi.org/10.48567/ap2n-p661.",https://doi.org/10.48567/ap2n-p661,"<a href=""https://www.nsf.gov/awardsearch/showAward?AWD_ID=0636873"">0636873</a>, <a href=""https://www.nsf.gov/awardsearch/showAward?AWD_ID=0944018"">0944018</a>","<a href=""https://orcid.org/0000-0002-4343-498X"">Matthew Lazzara</a>, Gregory Tripoli, George Weidner"
2010,"Mount Fleming Automatic Weather Station, 2010 Reader format three-hour observational data.","Antarctic Meteorological Research and Data Center, 2010: Mount Fleming Automatic Weather Station, 2010 unmodified ten-minute observational data. AMRDC Data Repository, accessed DD-MM-YYYY, https://doi.org/10.48567/9raw-k011.",https://doi.org/10.48567/9raw-k011,"<a href=""https://www.nsf.gov/awardsearch/showAward?AWD_ID=0636873"">0636873</a>, <a href=""https://www.nsf.gov/awardsearch/showAward?AWD_ID=0944018"">0944018</a>","<a href=""https://orcid.org/0000-0002-4343-498X"">Matthew Lazzara</a>, Gregory Tripoli, George Weidner"
2010,"Mount Siple Automatic Weather Station, 2010 Reader format three-hour observational data.","Antarctic Meteorological Research and Data Center, 2010: Mount Siple Automatic Weather Station, 2010 unmodified ten-minute observational data. AMRDC Data Repository, accessed DD-MM-YYYY, https://doi.org/10.48567/wszw-vx95.",https://doi.org/10.48567/wszw-vx95,"<a href=""https://www.nsf.gov/awardsearch/showAward?AWD_ID=0636873"">0636873</a>, <a href=""https://www.nsf.gov/awardsearch/showAward?AWD_ID=0944018"">0944018</a>","<a href=""https://orcid.org/0000-0002-4343-498X"">Matthew Lazzara</a>, Gregory Tripoli, George Weidner"
2010,"Mulock Automatic Weather Station, 2010 Reader format three-hour observational data.","Antarctic Meteorological Research and Data Center, 2010: Mulock Automatic Weather Station, 2010 unmodified ten-minute observational data. AMRDC Data Repository, accessed DD-MM-YYYY, https://doi.org/10.48567/v174-a176.",https://doi.org/10.48567/v174-a176,"<a href=""https://www.nsf.gov/awardsearch/showAward?AWD_ID=0636873"">0636873</a>, <a href=""https://www.nsf.gov/awardsearch/showAward?AWD_ID=0944018"">0944018</a>","<a href=""https://orcid.org/0000-0002-4343-498X"">Matthew Lazzara</a>, Gregory Tripoli, George Weidner"
2010,"Nico Automatic Weather Station, 2010 Reader format three-hour observational data.","Antarctic Meteorological Research and Data Center, 2010: Nico Automatic Weather Station, 2010 unmodified ten-minute observational data. AMRDC Data Repository, accessed DD-MM-YYYY, https://doi.org/10.48567/znjf-pc83.",https://doi.org/10.48567/znjf-pc83,"<a href=""https://www.nsf.gov/awardsearch/showAward?AWD_ID=0636873"">0636873</a>, <a href=""https://www.nsf.gov/awardsearch/showAward?AWD_ID=0944018"">0944018</a>","<a href=""https://orcid.org/0000-0002-4343-498X"">Matthew Lazzara</a>, Gregory Tripoli, George Weidner"
2010,"PANDA-South Automatic Weather Station, 2010 Reader format three-hour observational data.","Antarctic Meteorological Research and Data Center, 2010: PANDA-South Automatic Weather Station, 2010 unmodified ten-minute observational data. AMRDC Data Repository, accessed DD-MM-YYYY, https://doi.org/10.48567/h5n9-7860.",https://doi.org/10.48567/h5n9-7860,"<a href=""https://www.nsf.gov/awardsearch/showAward?AWD_ID=0636873"">0636873</a>, <a href=""https://www.nsf.gov/awardsearch/showAward?AWD_ID=0944018"">0944018</a>","<a href=""https://orcid.org/0000-0002-4343-498X"">Matthew Lazzara</a>, Gregory Tripoli, George Weidner"
2010,"Pegasus North Automatic Weather Station, 2010 Reader format three-hour observational data.","Antarctic Meteorological Research and Data Center, 2010: Pegasus North Automatic Weather Station, 2010 unmodified ten-minute observational data. AMRDC Data Repository, accessed DD-MM-YYYY, https://doi.org/10.48567/nm9x-fe87.",https://doi.org/10.48567/nm9x-fe87,"<a href=""https://www.nsf.gov/awardsearch/showAward?AWD_ID=0636873"">0636873</a>, <a href=""https://www.nsf.gov/awardsearch/showAward?AWD_ID=0944018"">0944018</a>","<a href=""https://orcid.org/0000-0002-4343-498X"">Matthew Lazzara</a>, Gregory Tripoli, George Weidner"
2010,"Possession Island Automatic Weather Station, 2010 Reader format three-hour observational data.","Antarctic Meteorological Research and Data Center, 2010: Possession Island Automatic Weather Station, 2010 unmodified ten-minute observational data. AMRDC Data Repository, accessed DD-MM-YYYY, https://doi.org/10.48567/g1as-vm28.",https://doi.org/10.48567/g1as-vm28,"<a href=""https://www.nsf.gov/awardsearch/showAward?AWD_ID=0636873"">0636873</a>, <a href=""https://www.nsf.gov/awardsearch/showAward?AWD_ID=0944018"">0944018</a>","<a href=""https://orcid.org/0000-0002-4343-498X"">Matthew Lazzara</a>, Gregory Tripoli, George Weidner"
2010,"Relay Station Automatic Weather Station, 2010 Reader format three-hour observational data.","Antarctic Meteorological Research and Data Center, 2010: Relay Station Automatic Weather Station, 2010 unmodified ten-minute observational data. AMRDC Data Repository, accessed DD-MM-YYYY, https://doi.org/10.48567/5526-nh17.",https://doi.org/10.48567/5526-nh17,"<a href=""https://www.nsf.gov/awardsearch/showAward?AWD_ID=0636873"">0636873</a>, <a href=""https://www.nsf.gov/awardsearch/showAward?AWD_ID=0944018"">0944018</a>","<a href=""https://orcid.org/0000-0002-4343-498X"">Matthew Lazzara</a>, Gregory Tripoli, George Weidner"
2010,"Sabrina Automatic Weather Station, 2010 Reader format three-hour observational data.","Antarctic Meteorological Research and Data Center, 2010: Sabrina Automatic Weather Station, 2010 unmodified ten-minute observational data. AMRDC Data Repository, accessed DD-MM-YYYY, https://doi.org/10.48567/b9d0-tr76.",https://doi.org/10.48567/b9d0-tr76,"<a href=""https://www.nsf.gov/awardsearch/showAward?AWD_ID=0636873"">0636873</a>, <a href=""https://www.nsf.gov/awardsearch/showAward?AWD_ID=0944018"">0944018</a>","<a href=""https://orcid.org/0000-0002-4343-498X"">Matthew Lazzara</a>, Gregory Tripoli, George Weidner"
2010,"Schwerdtfeger Automatic Weather Station, 2010 Reader format three-hour observational data.","Antarctic Meteorological Research and Data Center, 2010: Schwerdtfeger Automatic Weather Station, 2010 unmodified ten-minute observational data. AMRDC Data Repository, accessed DD-MM-YYYY, https://doi.org/10.48567/p9nq-0774.",https://doi.org/10.48567/p9nq-0774,"<a href=""https://www.nsf.gov/awardsearch/showAward?AWD_ID=0636873"">0636873</a>, <a href=""https://www.nsf.gov/awardsearch/showAward?AWD_ID=0944018"">0944018</a>","<a href=""https://orcid.org/0000-0002-4343-498X"">Matthew Lazzara</a>, Gregory Tripoli, George Weidner"
2010,"Siple Dome Automatic Weather Station, 2010 Reader format three-hour observational data.","Antarctic Meteorological Research and Data Center, 2010: Siple Dome Automatic Weather Station, 2010 unmodified ten-minute observational data. AMRDC Data Repository, accessed DD-MM-YYYY, https://doi.org/10.48567/bbt8-sc63.",https://doi.org/10.48567/bbt8-sc63,"<a href=""https://www.nsf.gov/awardsearch/showAward?AWD_ID=0636873"">0636873</a>, <a href=""https://www.nsf.gov/awardsearch/showAward?AWD_ID=0944018"">0944018</a>","<a href=""https://orcid.org/0000-0002-4343-498X"">Matthew Lazzara</a>, Gregory Tripoli, George Weidner"
2010,"Sky Blu Automatic Weather Station, 2010 Reader format three-hour observational data.","Antarctic Meteorological Research and Data Center, 2010: Sky Blu Automatic Weather Station, 2010 unmodified ten-minute observational data. AMRDC Data Repository, accessed DD-MM-YYYY, https://doi.org/10.48567/dy5d-6d95.",https://doi.org/10.48567/dy5d-6d95,"<a href=""https://www.nsf.gov/awardsearch/showAward?AWD_ID=0636873"">0636873</a>, <a href=""https://www.nsf.gov/awardsearch/showAward?AWD_ID=0944018"">0944018</a>","<a href=""https://orcid.org/0000-0002-4343-498X"">Matthew Lazzara</a>, Gregory Tripoli, George Weidner"
2010,"Swithinbank Automatic Weather Station, 2010 Reader format three-hour observational data.","Antarctic Meteorological Research and Data Center, 2010: Swithinbank Automatic Weather Station, 2010 unmodified ten-minute observational data. AMRDC Data Repository, accessed DD-MM-YYYY, https://doi.org/10.48567/3bq7-6h78.",https://doi.org/10.48567/3bq7-6h78,"<a href=""https://www.nsf.gov/awardsearch/showAward?AWD_ID=0636873"">0636873</a>, <a href=""https://www.nsf.gov/awardsearch/showAward?AWD_ID=0944018"">0944018</a>","<a href=""https://orcid.org/0000-0002-4343-498X"">Matthew Lazzara</a>, Gregory Tripoli, George Weidner"
2010,"Theresa Automatic Weather Station, 2010 Reader format three-hour observational data.","Antarctic Meteorological Research and Data Center, 2010: Theresa Automatic Weather Station, 2010 unmodified ten-minute observational data. AMRDC Data Repository, accessed DD-MM-YYYY, https://doi.org/10.48567/sm4b-xp31.",https://doi.org/10.48567/sm4b-xp31,"<a href=""https://www.nsf.gov/awardsearch/showAward?AWD_ID=0636873"">0636873</a>, <a href=""https://www.nsf.gov/awardsearch/showAward?AWD_ID=0944018"">0944018</a>","<a href=""https://orcid.org/0000-0002-4343-498X"">Matthew Lazzara</a>, Gregory Tripoli, George Weidner"
2010,"Vito Automatic Weather Station, 2010 Reader format three-hour observational data.","Antarctic Meteorological Research and Data Center, 2010: Vito Automatic Weather Station, 2010 unmodified ten-minute observational data. AMRDC Data Repository, accessed DD-MM-YYYY, https://doi.org/10.48567/0bxy-cc74.",https://doi.org/10.48567/0bxy-cc74,"<a href=""https://www.nsf.gov/awardsearch/showAward?AWD_ID=0636873"">0636873</a>, <a href=""https://www.nsf.gov/awardsearch/showAward?AWD_ID=0944018"">0944018</a>","<a href=""https://orcid.org/0000-0002-4343-498X"">Matthew Lazzara</a>, Gregory Tripoli, George Weidner"
2010,"Willie Field Automatic Weather Station, 2010 Reader format three-hour observational data.","Antarctic Meteorological Research and Data Center, 2010: Willie Field Automatic Weather Station, 2010 unmodified ten-minute observational data. AMRDC Data Repository, accessed DD-MM-YYYY, https://doi.org/10.48567/9r1x-1t43.",https://doi.org/10.48567/9r1x-1t43,"<a href=""https://www.nsf.gov/awardsearch/showAward?AWD_ID=0636873"">0636873</a>, <a href=""https://www.nsf.gov/awardsearch/showAward?AWD_ID=0944018"">0944018</a>","<a href=""https://orcid.org/0000-0002-4343-498X"">Matthew Lazzara</a>, Gregory Tripoli, George Weidner"
2010,"Windless Bight Automatic Weather Station, 2010 Reader format three-hour observational data.","Antarctic Meteorological Research and Data Center, 2010: Windless Bight Automatic Weather Station, 2010 unmodified ten-minute observational data. AMRDC Data Repository, accessed DD-MM-YYYY, https://doi.org/10.48567/8xyt-5238.",https://doi.org/10.48567/8xyt-5238,"<a href=""https://www.nsf.gov/awardsearch/showAward?AWD_ID=0636873"">0636873</a>, <a href=""https://www.nsf.gov/awardsearch/showAward?AWD_ID=0944018"">0944018</a>","<a href=""https://orcid.org/0000-0002-4343-498X"">Matthew Lazzara</a>, Gregory Tripoli, George Weidner"