1995,"GISP2 Automatic Weather Station, Greenland, 1995 Reader format three-hour observational data.","Antarctic Meteorological Research and Data Center, 1995: GISP2 Automatic Weather Station, Greenland, 1995 Reader format three-hour observational data. AMRDC Data Repository, accessed DD-MM-YYYY, https://doi.org/10.48567/3e00-4c26.",https://doi.org/10.48567/3e00-4c26,"<a href=""https://www.nsf.gov/awardsearch/showAward?AWD_ID=9419128"">9419128</a>, <a href=""https://www.nsf.gov/awardsearch/showAward?AWD_ID=9303569"">9303569</a>",Charles Stearns
1995,"Julie Automatic Weather Station, Greenland, 1995 Reader format three-hour observational data.","Antarctic Meteorological Research and Data Center, 1995: Julie Automatic Weather Station, Greenland, 1995 Reader format three-hour observational data. AMRDC Data Repository, accessed DD-MM-YYYY, https://doi.org/10.48567/tam5-zx94.",https://doi.org/10.48567/tam5-zx94,"<a href=""https://www.nsf.gov/awardsearch/showAward?AWD_ID=9419128"">9419128</a>, <a href=""https://www.nsf.gov/awardsearch/showAward?AWD_ID=9303569"">9303569</a>",Charles Stearns
1995,"Klinck Automatic Weather Station, Greenland, 1995 Reader format three-hour observational data.","Antarctic Meteorological Research and Data Center, 1995: Klinck Automatic Weather Station, Greenland, 1995 Reader format three-hour observational data. AMRDC Data Repository, accessed DD-MM-YYYY, https://doi.org/10.48567/5t8d-bv50.",https://doi.org/10.48567/5t8d-bv50,"<a href=""https://www.nsf.gov/awardsearch/showAward?AWD_ID=9419128"">9419128</a>, <a href=""https://www.nsf.gov/awardsearch/showAward?AWD_ID=9303569"">9303569</a>",Charles Stearns
1995,"Matt Automatic Weather Station, Greenland, 1995 Reader format three-hour observational data.","Antarctic Meteorological Research and Data Center, 1995: Matt Automatic Weather Station, Greenland, 1995 Reader format three-hour observational data. AMRDC Data Repository, accessed DD-MM-YYYY, https://doi.org/10.48567/yxyj-4m53.",https://doi.org/10.48567/yxyj-4m53,"<a href=""https://www.nsf.gov/awardsearch/showAward?AWD_ID=9419128"">9419128</a>, <a href=""https://www.nsf.gov/awardsearch/showAward?AWD_ID=9303569"">9303569</a>",Charles Stearns
1995,"Barber Automatic Weather Station, Greenland, 1995 Reader format three-hour observational data.","Antarctic Meteorological Research and Data Center, 1995: Barber Automatic Weather Station, Greenland, 1995 Reader format three-hour observational data. AMRDC Data Repository, accessed DD-MM-YYYY, https://doi.org/10.48567/r794-fy73.",https://doi.org/10.48567/r794-fy73,"<a href=""https://www.nsf.gov/awardsearch/showAward?AWD_ID=9419128"">9419128</a>, <a href=""https://www.nsf.gov/awardsearch/showAward?AWD_ID=9303569"">9303569</a>",Charles Stearns
1995,"Kenton Automatic Weather Station, Greenland, 1995 Reader format three-hour observational data.","Antarctic Meteorological Research and Data Center, 1995: Kenton Automatic Weather Station, Greenland, 1995 Reader format three-hour observational data. AMRDC Data Repository, accessed DD-MM-YYYY, https://doi.org/10.48567/jj02-ys95.",https://doi.org/10.48567/jj02-ys95,"<a href=""https://www.nsf.gov/awardsearch/showAward?AWD_ID=9419128"">9419128</a>, <a href=""https://www.nsf.gov/awardsearch/showAward?AWD_ID=9303569"">9303569</a>",Charles Stearns
