1993,"GISP2 Automatic Weather Station, Greenland, 1993 unmodified ten-minute observational data.","Antarctic Meteorological Research and Data Center, 1993: GISP2 Automatic Weather Station, Greenland, 1993 unmodified ten-minute observational data. AMRDC Data Repository, accessed DD-MM-YYYY, https://doi.org/10.48567/ydha-s240.",https://doi.org/10.48567/ydha-s240,"<a href=""https://www.nsf.gov/awardsearch/showAward?AWD_ID=9303569"">9303569</a>, <a href=""https://www.nsf.gov/awardsearch/showAward?AWD_ID=9015586"">9015586</a>",Charles Stearns
1993,"Julie Automatic Weather Station, Greenland, 1993 unmodified ten-minute observational data.","Antarctic Meteorological Research and Data Center, 1993: Julie Automatic Weather Station, Greenland, 1993 unmodified ten-minute observational data. AMRDC Data Repository, accessed DD-MM-YYYY, https://doi.org/10.48567/q34q-z874.",https://doi.org/10.48567/q34q-z874,"<a href=""https://www.nsf.gov/awardsearch/showAward?AWD_ID=9303569"">9303569</a>, <a href=""https://www.nsf.gov/awardsearch/showAward?AWD_ID=9015586"">9015586</a>",Charles Stearns
1993,"Klinck Automatic Weather Station, Greenland, 1993 unmodified ten-minute observational data.","Antarctic Meteorological Research and Data Center, 1993: Klinck Automatic Weather Station, Greenland, 1993 unmodified ten-minute observational data. AMRDC Data Repository, accessed DD-MM-YYYY, https://doi.org/10.48567/aney-5d07.",https://doi.org/10.48567/aney-5d07,"<a href=""https://www.nsf.gov/awardsearch/showAward?AWD_ID=9303569"">9303569</a>, <a href=""https://www.nsf.gov/awardsearch/showAward?AWD_ID=9015586"">9015586</a>",Charles Stearns
1993,"Matt Automatic Weather Station, Greenland, 1993 unmodified ten-minute observational data.","Antarctic Meteorological Research and Data Center, 1993: Matt Automatic Weather Station, Greenland, 1993 unmodified ten-minute observational data. AMRDC Data Repository, accessed DD-MM-YYYY, https://doi.org/10.48567/ff49-9n77.",https://doi.org/10.48567/ff49-9n77,"<a href=""https://www.nsf.gov/awardsearch/showAward?AWD_ID=9303569"">9303569</a>, <a href=""https://www.nsf.gov/awardsearch/showAward?AWD_ID=9015586"">9015586</a>",Charles Stearns
1993,"Barber Automatic Weather Station, Greenland, 1993 unmodified ten-minute observational data.","Antarctic Meteorological Research and Data Center, 1993: Barber Automatic Weather Station, Greenland, 1993 unmodified ten-minute observational data. AMRDC Data Repository, accessed DD-MM-YYYY, https://doi.org/10.48567/j0j8-7t05.",https://doi.org/10.48567/j0j8-7t05,"<a href=""https://www.nsf.gov/awardsearch/showAward?AWD_ID=9303569"">9303569</a>, <a href=""https://www.nsf.gov/awardsearch/showAward?AWD_ID=9015586"">9015586</a>",Charles Stearns
1993,"Kenton Automatic Weather Station, Greenland, 1993 unmodified ten-minute observational data.","Antarctic Meteorological Research and Data Center, 1993: Kenton Automatic Weather Station, Greenland, 1993 unmodified ten-minute observational data. AMRDC Data Repository, accessed DD-MM-YYYY, https://doi.org/10.48567/jbkx-9n65.",https://doi.org/10.48567/jbkx-9n65,"<a href=""https://www.nsf.gov/awardsearch/showAward?AWD_ID=9303569"">9303569</a>, <a href=""https://www.nsf.gov/awardsearch/showAward?AWD_ID=9015586"">9015586</a>",Charles Stearns
