2014,"AGO-4 Automatic Weather Station, 2014 Reader format three-hour observational data.","Antarctic Meteorological Research and Data Center, 2014: AGO-4 Automatic Weather Station, 2014 unmodified ten-minute observational data. AMRDC Data Repository, accessed DD-MM-YYYY, https://doi.org/10.48567/d7wx-f468.",https://doi.org/10.48567/d7wx-f468,,"<a href=""https://orcid.org/0000-0002-4343-498X"">Matthew Lazzara</a>"
2014,"Baldrick Automatic Weather Station, 2014 Reader format three-hour observational data.","Antarctic Meteorological Research and Data Center, 2014: Baldrick Automatic Weather Station, 2014 unmodified ten-minute observational data. AMRDC Data Repository, accessed DD-MM-YYYY, https://doi.org/10.48567/rmdv-2f47.",https://doi.org/10.48567/rmdv-2f47,,"<a href=""https://orcid.org/0000-0002-4343-498X"">Matthew Lazzara</a>"
2014,"Bear Peninsula Automatic Weather Station, 2014 Reader format three-hour observational data.","Antarctic Meteorological Research and Data Center, 2014: Bear Peninsula Automatic Weather Station, 2014 unmodified ten-minute observational data. AMRDC Data Repository, accessed DD-MM-YYYY, https://doi.org/10.48567/zf6d-6081.",https://doi.org/10.48567/zf6d-6081,,"<a href=""https://orcid.org/0000-0002-4343-498X"">Matthew Lazzara</a>"
2014,"Bonaparte Point Automatic Weather Station, 2014 Reader format three-hour observational data.","Antarctic Meteorological Research and Data Center, 2014: Bonaparte Point Automatic Weather Station, 2014 unmodified ten-minute observational data. AMRDC Data Repository, accessed DD-MM-YYYY, https://doi.org/10.48567/4gy0-fc75.",https://doi.org/10.48567/4gy0-fc75,,"<a href=""https://orcid.org/0000-0002-4343-498X"">Matthew Lazzara</a>"
2014,"Brianna Automatic Weather Station, 2014 Reader format three-hour observational data.","Antarctic Meteorological Research and Data Center, 2014: Brianna Automatic Weather Station, 2014 unmodified ten-minute observational data. AMRDC Data Repository, accessed DD-MM-YYYY, https://doi.org/10.48567/z1v9-k091.",https://doi.org/10.48567/z1v9-k091,,"<a href=""https://orcid.org/0000-0002-4343-498X"">Matthew Lazzara</a>"
2014,"Byrd Automatic Weather Station, 2014 Reader format three-hour observational data.","Antarctic Meteorological Research and Data Center, 2014: Byrd Automatic Weather Station, 2014 unmodified ten-minute observational data. AMRDC Data Repository, accessed DD-MM-YYYY, https://doi.org/10.48567/64pc-ya82.",https://doi.org/10.48567/64pc-ya82,,"<a href=""https://orcid.org/0000-0002-4343-498X"">Matthew Lazzara</a>"
2014,"Cape Hallett Automatic Weather Station, 2014 Reader format three-hour observational data.","Antarctic Meteorological Research and Data Center, 2014: Cape Hallett Automatic Weather Station, 2014 unmodified ten-minute observational data. AMRDC Data Repository, accessed DD-MM-YYYY, https://doi.org/10.48567/6xqt-bb15.",https://doi.org/10.48567/6xqt-bb15,,"<a href=""https://orcid.org/0000-0002-4343-498X"">Matthew Lazzara</a>"
2014,"Carolyn Automatic Weather Station, 2014 Reader format three-hour observational data.","Antarctic Meteorological Research and Data Center, 2014: Carolyn Automatic Weather Station, 2014 unmodified ten-minute observational data. AMRDC Data Repository, accessed DD-MM-YYYY, https://doi.org/10.48567/fvgb-3k88.",https://doi.org/10.48567/fvgb-3k88,,"<a href=""https://orcid.org/0000-0002-4343-498X"">Matthew Lazzara</a>"
2014,"D-10 Automatic Weather Station, 2014 Reader format three-hour observational data.","Antarctic Meteorological Research and Data Center, 2014: D-10 Automatic Weather Station, 2014 unmodified ten-minute observational data. AMRDC Data Repository, accessed DD-MM-YYYY, https://doi.org/10.48567/ra75-qx51.",https://doi.org/10.48567/ra75-qx51,,"<a href=""https://orcid.org/0000-0002-4343-498X"">Matthew Lazzara</a>"
2014,"D-47 Automatic Weather Station, 2014 Reader format three-hour observational data.","Antarctic Meteorological Research and Data Center, 2014: D-47 Automatic Weather Station, 2014 unmodified ten-minute observational data. AMRDC Data Repository, accessed DD-MM-YYYY, https://doi.org/10.48567/cmmx-ak25.",https://doi.org/10.48567/cmmx-ak25,,"<a href=""https://orcid.org/0000-0002-4343-498X"">Matthew Lazzara</a>"
2014,"D-85 Automatic Weather Station, 2014 Reader format three-hour observational data.","Antarctic Meteorological Research and Data Center, 2014: D-85 Automatic Weather Station, 2014 unmodified ten-minute observational data. AMRDC Data Repository, accessed DD-MM-YYYY, https://doi.org/10.48567/n2j6-r406.",https://doi.org/10.48567/n2j6-r406,,"<a href=""https://orcid.org/0000-0002-4343-498X"">Matthew Lazzara</a>"
2014,"Dismal Island Automatic Weather Station, 2014 Reader format three-hour observational data.","Antarctic Meteorological Research and Data Center, 2014: Dismal Island Automatic Weather Station, 2014 unmodified ten-minute observational data. AMRDC Data Repository, accessed DD-MM-YYYY, https://doi.org/10.48567/11xe-n181.",https://doi.org/10.48567/11xe-n181,,"<a href=""https://orcid.org/0000-0002-4343-498X"">Matthew Lazzara</a>"
2014,"Dome C II Automatic Weather Station, 2014 Reader format three-hour observational data.","Antarctic Meteorological Research and Data Center, 2014: Dome C II Automatic Weather Station, 2014 unmodified ten-minute observational data. AMRDC Data Repository, accessed DD-MM-YYYY, https://doi.org/10.48567/zf6c-kg14.",https://doi.org/10.48567/zf6c-kg14,,"<a href=""https://orcid.org/0000-0002-4343-498X"">Matthew Lazzara</a>"
2014,"Dome Fuji Automatic Weather Station, 2014 Reader format three-hour observational data.","Antarctic Meteorological Research and Data Center, 2014: Dome Fuji Automatic Weather Station, 2014 unmodified ten-minute observational data. AMRDC Data Repository, accessed DD-MM-YYYY, https://doi.org/10.48567/qrfm-8777.",https://doi.org/10.48567/qrfm-8777,,"<a href=""https://orcid.org/0000-0002-4343-498X"">Matthew Lazzara</a>"
2014,"Elaine Automatic Weather Station, 2014 Reader format three-hour observational data.","Antarctic Meteorological Research and Data Center, 2014: Elaine Automatic Weather Station, 2014 unmodified ten-minute observational data. AMRDC Data Repository, accessed DD-MM-YYYY, https://doi.org/10.48567/srdc-mv65.",https://doi.org/10.48567/srdc-mv65,,"<a href=""https://orcid.org/0000-0002-4343-498X"">Matthew Lazzara</a>"
2014,"Emilia Automatic Weather Station, 2014 Reader format three-hour observational data.","Antarctic Meteorological Research and Data Center, 2014: Emilia Automatic Weather Station, 2014 unmodified ten-minute observational data. AMRDC Data Repository, accessed DD-MM-YYYY, https://doi.org/10.48567/wmq6-7862.",https://doi.org/10.48567/wmq6-7862,,"<a href=""https://orcid.org/0000-0002-4343-498X"">Matthew Lazzara</a>"
2014,"Emma Automatic Weather Station, 2014 Reader format three-hour observational data.","Antarctic Meteorological Research and Data Center, 2014: Emma Automatic Weather Station, 2014 unmodified ten-minute observational data. AMRDC Data Repository, accessed DD-MM-YYYY, https://doi.org/10.48567/md7t-9233.",https://doi.org/10.48567/md7t-9233,,"<a href=""https://orcid.org/0000-0002-4343-498X"">Matthew Lazzara</a>"
2014,"Eric Automatic Weather Station, 2014 Reader format three-hour observational data.","Antarctic Meteorological Research and Data Center, 2014: Eric Automatic Weather Station, 2014 unmodified ten-minute observational data. AMRDC Data Repository, accessed DD-MM-YYYY, https://doi.org/10.48567/tkjb-ea56.",https://doi.org/10.48567/tkjb-ea56,,"<a href=""https://orcid.org/0000-0002-4343-498X"">Matthew Lazzara</a>"
2014,"Erin Automatic Weather Station, 2014 Reader format three-hour observational data.","Antarctic Meteorological Research and Data Center, 2014: Erin Automatic Weather Station, 2014 unmodified ten-minute observational data. AMRDC Data Repository, accessed DD-MM-YYYY, https://doi.org/10.48567/rzee-cd85.",https://doi.org/10.48567/rzee-cd85,,"<a href=""https://orcid.org/0000-0002-4343-498X"">Matthew Lazzara</a>"
2014,"Evans Knoll Automatic Weather Station, 2014 Reader format three-hour observational data.","Antarctic Meteorological Research and Data Center, 2014: Evans Knoll Automatic Weather Station, 2014 unmodified ten-minute observational data. AMRDC Data Repository, accessed DD-MM-YYYY, https://doi.org/10.48567/cs75-s768.",https://doi.org/10.48567/cs75-s768,,"<a href=""https://orcid.org/0000-0002-4343-498X"">Matthew Lazzara</a>"
2014,"Ferrell Automatic Weather Station, 2014 Reader format three-hour observational data.","Antarctic Meteorological Research and Data Center, 2014: Ferrell Automatic Weather Station, 2014 unmodified ten-minute observational data. AMRDC Data Repository, accessed DD-MM-YYYY, https://doi.org/10.48567/nvf8-3s53.",https://doi.org/10.48567/nvf8-3s53,,"<a href=""https://orcid.org/0000-0002-4343-498X"">Matthew Lazzara</a>"
2014,"Ferrell II Automatic Weather Station, 2014 Reader format three-hour observational data.","Antarctic Meteorological Research and Data Center, 2014: Ferrell II Automatic Weather Station, 2014 unmodified ten-minute observational data. AMRDC Data Repository, accessed DD-MM-YYYY, https://doi.org/10.48567/r1kz-hh74.",https://doi.org/10.48567/r1kz-hh74,,"<a href=""https://orcid.org/0000-0002-4343-498X"">Matthew Lazzara</a>"
2014,"Gill Automatic Weather Station, 2014 Reader format three-hour observational data.","Antarctic Meteorological Research and Data Center, 2014: Gill Automatic Weather Station, 2014 unmodified ten-minute observational data. AMRDC Data Repository, accessed DD-MM-YYYY, https://doi.org/10.48567/0yzz-av19.",https://doi.org/10.48567/0yzz-av19,,"<a href=""https://orcid.org/0000-0002-4343-498X"">Matthew Lazzara</a>"
2014,"Harry Automatic Weather Station, 2014 Reader format three-hour observational data.","Antarctic Meteorological Research and Data Center, 2014: Harry Automatic Weather Station, 2014 unmodified ten-minute observational data. AMRDC Data Repository, accessed DD-MM-YYYY, https://doi.org/10.48567/djwj-mr45.",https://doi.org/10.48567/djwj-mr45,,"<a href=""https://orcid.org/0000-0002-4343-498X"">Matthew Lazzara</a>"
2014,"Henry Automatic Weather Station, 2014 Reader format three-hour observational data.","Antarctic Meteorological Research and Data Center, 2014: Henry Automatic Weather Station, 2014 unmodified ten-minute observational data. AMRDC Data Repository, accessed DD-MM-YYYY, https://doi.org/10.48567/2nsp-3r68.",https://doi.org/10.48567/2nsp-3r68,,"<a href=""https://orcid.org/0000-0002-4343-498X"">Matthew Lazzara</a>"
2014,"Hugo Island Automatic Weather Station, 2014 Reader format three-hour observational data.","Antarctic Meteorological Research and Data Center, 2014: Hugo Island Automatic Weather Station, 2014 unmodified ten-minute observational data. AMRDC Data Repository, accessed DD-MM-YYYY, https://doi.org/10.48567/6tqa-9w86.",https://doi.org/10.48567/6tqa-9w86,,"<a href=""https://orcid.org/0000-0002-4343-498X"">Matthew Lazzara</a>"
2014,"JASE2007 Automatic Weather Station, 2014 Reader format three-hour observational data.","Antarctic Meteorological Research and Data Center, 2014: JASE2007 Automatic Weather Station, 2014 unmodified ten-minute observational data. AMRDC Data Repository, accessed DD-MM-YYYY, https://doi.org/10.48567/acrz-6v21.",https://doi.org/10.48567/acrz-6v21,,"<a href=""https://orcid.org/0000-0002-4343-498X"">Matthew Lazzara</a>"
2014,"Janet Automatic Weather Station, 2014 Reader format three-hour observational data.","Antarctic Meteorological Research and Data Center, 2014: Janet Automatic Weather Station, 2014 unmodified ten-minute observational data. AMRDC Data Repository, accessed DD-MM-YYYY, https://doi.org/10.48567/631m-k308.",https://doi.org/10.48567/631m-k308,,"<a href=""https://orcid.org/0000-0002-4343-498X"">Matthew Lazzara</a>"
2014,"Kominko-Slade Automatic Weather Station, 2014 Reader format three-hour observational data.","Antarctic Meteorological Research and Data Center, 2014: Kominko-Slade Automatic Weather Station, 2014 unmodified ten-minute observational data. AMRDC Data Repository, accessed DD-MM-YYYY, https://doi.org/10.48567/5sh5-8d46.",https://doi.org/10.48567/5sh5-8d46,,"<a href=""https://orcid.org/0000-0002-4343-498X"">Matthew Lazzara</a>"
2014,"Laurie II Automatic Weather Station, 2014 Reader format three-hour observational data.","Antarctic Meteorological Research and Data Center, 2014: Laurie II Automatic Weather Station, 2014 unmodified ten-minute observational data. AMRDC Data Repository, accessed DD-MM-YYYY, https://doi.org/10.48567/r85a-gd83.",https://doi.org/10.48567/r85a-gd83,,"<a href=""https://orcid.org/0000-0002-4343-498X"">Matthew Lazzara</a>"
2014,"Lettau Automatic Weather Station, 2014 Reader format three-hour observational data.","Antarctic Meteorological Research and Data Center, 2014: Lettau Automatic Weather Station, 2014 unmodified ten-minute observational data. AMRDC Data Repository, accessed DD-MM-YYYY, https://doi.org/10.48567/hy0x-yv52.",https://doi.org/10.48567/hy0x-yv52,,"<a href=""https://orcid.org/0000-0002-4343-498X"">Matthew Lazzara</a>"
2014,"Manuela Automatic Weather Station, 2014 Reader format three-hour observational data.","Antarctic Meteorological Research and Data Center, 2014: Manuela Automatic Weather Station, 2014 unmodified ten-minute observational data. AMRDC Data Repository, accessed DD-MM-YYYY, https://doi.org/10.48567/7avz-nh52.",https://doi.org/10.48567/7avz-nh52,,"<a href=""https://orcid.org/0000-0002-4343-498X"">Matthew Lazzara</a>"
2014,"Marble Point Automatic Weather Station, 2014 Reader format three-hour observational data.","Antarctic Meteorological Research and Data Center, 2014: Marble Point Automatic Weather Station, 2014 unmodified ten-minute observational data. AMRDC Data Repository, accessed DD-MM-YYYY, https://doi.org/10.48567/n8x2-cc37.",https://doi.org/10.48567/n8x2-cc37,,"<a href=""https://orcid.org/0000-0002-4343-498X"">Matthew Lazzara</a>"
2014,"Margaret Automatic Weather Station, 2014 Reader format three-hour observational data.","Antarctic Meteorological Research and Data Center, 2014: Margaret Automatic Weather Station, 2014 unmodified ten-minute observational data. AMRDC Data Repository, accessed DD-MM-YYYY, https://doi.org/10.48567/d3em-p861.",https://doi.org/10.48567/d3em-p861,,"<a href=""https://orcid.org/0000-0002-4343-498X"">Matthew Lazzara</a>"
2014,"Marilyn Automatic Weather Station, 2014 Reader format three-hour observational data.","Antarctic Meteorological Research and Data Center, 2014: Marilyn Automatic Weather Station, 2014 unmodified ten-minute observational data. AMRDC Data Repository, accessed DD-MM-YYYY, https://doi.org/10.48567/2vb7-j848.",https://doi.org/10.48567/2vb7-j848,,"<a href=""https://orcid.org/0000-0002-4343-498X"">Matthew Lazzara</a>"
2014,"Marlene Automatic Weather Station, 2014 Reader format three-hour observational data.","Antarctic Meteorological Research and Data Center, 2014: Marlene Automatic Weather Station, 2014 unmodified ten-minute observational data. AMRDC Data Repository, accessed DD-MM-YYYY, https://doi.org/10.48567/zzyw-pz37.",https://doi.org/10.48567/zzyw-pz37,,"<a href=""https://orcid.org/0000-0002-4343-498X"">Matthew Lazzara</a>"
2014,"Mizuho Automatic Weather Station, 2014 Reader format three-hour observational data.","Antarctic Meteorological Research and Data Center, 2014: Mizuho Automatic Weather Station, 2014 unmodified ten-minute observational data. AMRDC Data Repository, accessed DD-MM-YYYY, https://doi.org/10.48567/c0aj-5127.",https://doi.org/10.48567/c0aj-5127,,"<a href=""https://orcid.org/0000-0002-4343-498X"">Matthew Lazzara</a>"
2014,"Nico Automatic Weather Station, 2014 Reader format three-hour observational data.","Antarctic Meteorological Research and Data Center, 2014: Nico Automatic Weather Station, 2014 unmodified ten-minute observational data. AMRDC Data Repository, accessed DD-MM-YYYY, https://doi.org/10.48567/bmcc-gn13.",https://doi.org/10.48567/bmcc-gn13,,"<a href=""https://orcid.org/0000-0002-4343-498X"">Matthew Lazzara</a>"
2014,"PANDA-South Automatic Weather Station, 2014 Reader format three-hour observational data.","Antarctic Meteorological Research and Data Center, 2014: PANDA-South Automatic Weather Station, 2014 unmodified ten-minute observational data. AMRDC Data Repository, accessed DD-MM-YYYY, https://doi.org/10.48567/bnn0-mp98.",https://doi.org/10.48567/bnn0-mp98,,"<a href=""https://orcid.org/0000-0002-4343-498X"">Matthew Lazzara</a>"
2014,"Possession Island Automatic Weather Station, 2014 Reader format three-hour observational data.","Antarctic Meteorological Research and Data Center, 2014: Possession Island Automatic Weather Station, 2014 unmodified ten-minute observational data. AMRDC Data Repository, accessed DD-MM-YYYY, https://doi.org/10.48567/b4nj-3z63.",https://doi.org/10.48567/b4nj-3z63,,"<a href=""https://orcid.org/0000-0002-4343-498X"">Matthew Lazzara</a>"
2014,"Relay Station Automatic Weather Station, 2014 Reader format three-hour observational data.","Antarctic Meteorological Research and Data Center, 2014: Relay Station Automatic Weather Station, 2014 unmodified ten-minute observational data. AMRDC Data Repository, accessed DD-MM-YYYY, https://doi.org/10.48567/3xhw-wj24.",https://doi.org/10.48567/3xhw-wj24,,"<a href=""https://orcid.org/0000-0002-4343-498X"">Matthew Lazzara</a>"
2014,"Sabrina Automatic Weather Station, 2014 Reader format three-hour observational data.","Antarctic Meteorological Research and Data Center, 2014: Sabrina Automatic Weather Station, 2014 unmodified ten-minute observational data. AMRDC Data Repository, accessed DD-MM-YYYY, https://doi.org/10.48567/33mt-ny62.",https://doi.org/10.48567/33mt-ny62,,"<a href=""https://orcid.org/0000-0002-4343-498X"">Matthew Lazzara</a>"
2014,"Schwerdtfeger Automatic Weather Station, 2014 Reader format three-hour observational data.","Antarctic Meteorological Research and Data Center, 2014: Schwerdtfeger Automatic Weather Station, 2014 unmodified ten-minute observational data. AMRDC Data Repository, accessed DD-MM-YYYY, https://doi.org/10.48567/k01f-y970.",https://doi.org/10.48567/k01f-y970,,"<a href=""https://orcid.org/0000-0002-4343-498X"">Matthew Lazzara</a>"
2014,"Siple Dome Automatic Weather Station, 2014 Reader format three-hour observational data.","Antarctic Meteorological Research and Data Center, 2014: Siple Dome Automatic Weather Station, 2014 unmodified ten-minute observational data. AMRDC Data Repository, accessed DD-MM-YYYY, https://doi.org/10.48567/e5b4-5t62.",https://doi.org/10.48567/e5b4-5t62,,"<a href=""https://orcid.org/0000-0002-4343-498X"">Matthew Lazzara</a>"
2014,"Theresa Automatic Weather Station, 2014 Reader format three-hour observational data.","Antarctic Meteorological Research and Data Center, 2014: Theresa Automatic Weather Station, 2014 unmodified ten-minute observational data. AMRDC Data Repository, accessed DD-MM-YYYY, https://doi.org/10.48567/4f07-cj34.",https://doi.org/10.48567/4f07-cj34,,"<a href=""https://orcid.org/0000-0002-4343-498X"">Matthew Lazzara</a>"
2014,"Thurston Island Automatic Weather Station, 2014 Reader format three-hour observational data.","Antarctic Meteorological Research and Data Center, 2014: Thurston Island Automatic Weather Station, 2014 unmodified ten-minute observational data. AMRDC Data Repository, accessed DD-MM-YYYY, https://doi.org/10.48567/b4rb-8c63.",https://doi.org/10.48567/b4rb-8c63,,"<a href=""https://orcid.org/0000-0002-4343-498X"">Matthew Lazzara</a>"
2014,"Tom Automatic Weather Station, 2014 Reader format three-hour observational data.","Antarctic Meteorological Research and Data Center, 2014: Tom Automatic Weather Station, 2014 unmodified ten-minute observational data. AMRDC Data Repository, accessed DD-MM-YYYY, https://doi.org/10.48567/bmsm-7b22.",https://doi.org/10.48567/bmsm-7b22,,"<a href=""https://orcid.org/0000-0002-4343-498X"">Matthew Lazzara</a>"
2014,"Vito Automatic Weather Station, 2014 Reader format three-hour observational data.","Antarctic Meteorological Research and Data Center, 2014: Vito Automatic Weather Station, 2014 unmodified ten-minute observational data. AMRDC Data Repository, accessed DD-MM-YYYY, https://doi.org/10.48567/wtfa-ff25.",https://doi.org/10.48567/wtfa-ff25,,"<a href=""https://orcid.org/0000-0002-4343-498X"">Matthew Lazzara</a>"
2014,"Whitlock Automatic Weather Station, 2014 Reader format three-hour observational data.","Antarctic Meteorological Research and Data Center, 2014: Whitlock Automatic Weather Station, 2014 unmodified ten-minute observational data. AMRDC Data Repository, accessed DD-MM-YYYY, https://doi.org/10.48567/kx9f-tn37.",https://doi.org/10.48567/kx9f-tn37,,"<a href=""https://orcid.org/0000-0002-4343-498X"">Matthew Lazzara</a>"
