2016,"AGO-4 Automatic Weather Station, 2016 Reader format three-hour observational data.","Antarctic Meteorological Research and Data Center, 2016: AGO-4 Automatic Weather Station, 2016 unmodified ten-minute observational data. AMRDC Data Repository, accessed DD-MM-YYYY, https://doi.org/10.48567/28vq-fk81.",https://doi.org/10.48567/28vq-fk81,"<a href=""https://www.nsf.gov/awardsearch/showAward?AWD_ID=1245663"">1245663</a>, <a href=""https://www.nsf.gov/awardsearch/showAward?AWD_ID=1543305"">1543305</a>","<a href=""https://orcid.org/0000-0002-4343-498X"">Matthew Lazzara</a>, Mark Kulie"
2016,"Austin Automatic Weather Station, 2016 Reader format three-hour observational data.","Antarctic Meteorological Research and Data Center, 2016: Austin Automatic Weather Station, 2016 unmodified ten-minute observational data. AMRDC Data Repository, accessed DD-MM-YYYY, https://doi.org/10.48567/5rv6-z407.",https://doi.org/10.48567/5rv6-z407,"<a href=""https://www.nsf.gov/awardsearch/showAward?AWD_ID=1245663"">1245663</a>, <a href=""https://www.nsf.gov/awardsearch/showAward?AWD_ID=1543305"">1543305</a>","<a href=""https://orcid.org/0000-0002-4343-498X"">Matthew Lazzara</a>, Mark Kulie"
2016,"Baldrick Automatic Weather Station, 2016 Reader format three-hour observational data.","Antarctic Meteorological Research and Data Center, 2016: Baldrick Automatic Weather Station, 2016 unmodified ten-minute observational data. AMRDC Data Repository, accessed DD-MM-YYYY, https://doi.org/10.48567/pb8v-ce37.",https://doi.org/10.48567/pb8v-ce37,"<a href=""https://www.nsf.gov/awardsearch/showAward?AWD_ID=1245663"">1245663</a>, <a href=""https://www.nsf.gov/awardsearch/showAward?AWD_ID=1543305"">1543305</a>","<a href=""https://orcid.org/0000-0002-4343-498X"">Matthew Lazzara</a>, Mark Kulie"
2016,"Bear Peninsula Automatic Weather Station, 2016 Reader format three-hour observational data.","Antarctic Meteorological Research and Data Center, 2016: Bear Peninsula Automatic Weather Station, 2016 unmodified ten-minute observational data. AMRDC Data Repository, accessed DD-MM-YYYY, https://doi.org/10.48567/kzzq-q923.",https://doi.org/10.48567/kzzq-q923,"<a href=""https://www.nsf.gov/awardsearch/showAward?AWD_ID=1245663"">1245663</a>, <a href=""https://www.nsf.gov/awardsearch/showAward?AWD_ID=1543305"">1543305</a>","<a href=""https://orcid.org/0000-0002-4343-498X"">Matthew Lazzara</a>, Mark Kulie"
2016,"Bonaparte Point Automatic Weather Station, 2016 Reader format three-hour observational data.","Antarctic Meteorological Research and Data Center, 2016: Bonaparte Point Automatic Weather Station, 2016 unmodified ten-minute observational data. AMRDC Data Repository, accessed DD-MM-YYYY, https://doi.org/10.48567/4xja-rw56.",https://doi.org/10.48567/4xja-rw56,"<a href=""https://www.nsf.gov/awardsearch/showAward?AWD_ID=1245663"">1245663</a>, <a href=""https://www.nsf.gov/awardsearch/showAward?AWD_ID=1543305"">1543305</a>","<a href=""https://orcid.org/0000-0002-4343-498X"">Matthew Lazzara</a>, Mark Kulie"
2016,"Byrd Automatic Weather Station, 2016 Reader format three-hour observational data.","Antarctic Meteorological Research and Data Center, 2016: Byrd Automatic Weather Station, 2016 unmodified ten-minute observational data. AMRDC Data Repository, accessed DD-MM-YYYY, https://doi.org/10.48567/59ms-yg82.",https://doi.org/10.48567/59ms-yg82,"<a href=""https://www.nsf.gov/awardsearch/showAward?AWD_ID=1245663"">1245663</a>, <a href=""https://www.nsf.gov/awardsearch/showAward?AWD_ID=1543305"">1543305</a>","<a href=""https://orcid.org/0000-0002-4343-498X"">Matthew Lazzara</a>, Mark Kulie"
2016,"Cape Bird Automatic Weather Station, 2016 Reader format three-hour observational data.","Antarctic Meteorological Research and Data Center, 2016: Cape Bird Automatic Weather Station, 2016 unmodified ten-minute observational data. AMRDC Data Repository, accessed DD-MM-YYYY, https://doi.org/10.48567/e17c-fg20.",https://doi.org/10.48567/e17c-fg20,"<a href=""https://www.nsf.gov/awardsearch/showAward?AWD_ID=1245663"">1245663</a>, <a href=""https://www.nsf.gov/awardsearch/showAward?AWD_ID=1543305"">1543305</a>","<a href=""https://orcid.org/0000-0002-4343-498X"">Matthew Lazzara</a>, Mark Kulie"
2016,"Cape Hallett Automatic Weather Station, 2016 Reader format three-hour observational data.","Antarctic Meteorological Research and Data Center, 2016: Cape Hallett Automatic Weather Station, 2016 unmodified ten-minute observational data. AMRDC Data Repository, accessed DD-MM-YYYY, https://doi.org/10.48567/m5zm-sb09.",https://doi.org/10.48567/m5zm-sb09,"<a href=""https://www.nsf.gov/awardsearch/showAward?AWD_ID=1245663"">1245663</a>, <a href=""https://www.nsf.gov/awardsearch/showAward?AWD_ID=1543305"">1543305</a>","<a href=""https://orcid.org/0000-0002-4343-498X"">Matthew Lazzara</a>, Mark Kulie"
2016,"D-10 Automatic Weather Station, 2016 Reader format three-hour observational data.","Antarctic Meteorological Research and Data Center, 2016: D-10 Automatic Weather Station, 2016 unmodified ten-minute observational data. AMRDC Data Repository, accessed DD-MM-YYYY, https://doi.org/10.48567/9mmv-rm51.",https://doi.org/10.48567/9mmv-rm51,"<a href=""https://www.nsf.gov/awardsearch/showAward?AWD_ID=1245663"">1245663</a>, <a href=""https://www.nsf.gov/awardsearch/showAward?AWD_ID=1543305"">1543305</a>","<a href=""https://orcid.org/0000-0002-4343-498X"">Matthew Lazzara</a>, Mark Kulie"
2016,"D-47 Automatic Weather Station, 2016 Reader format three-hour observational data.","Antarctic Meteorological Research and Data Center, 2016: D-47 Automatic Weather Station, 2016 unmodified ten-minute observational data. AMRDC Data Repository, accessed DD-MM-YYYY, https://doi.org/10.48567/1nwa-2008.",https://doi.org/10.48567/1nwa-2008,"<a href=""https://www.nsf.gov/awardsearch/showAward?AWD_ID=1245663"">1245663</a>, <a href=""https://www.nsf.gov/awardsearch/showAward?AWD_ID=1543305"">1543305</a>","<a href=""https://orcid.org/0000-0002-4343-498X"">Matthew Lazzara</a>, Mark Kulie"
2016,"D-85 Automatic Weather Station, 2016 Reader format three-hour observational data.","Antarctic Meteorological Research and Data Center, 2016: D-85 Automatic Weather Station, 2016 unmodified ten-minute observational data. AMRDC Data Repository, accessed DD-MM-YYYY, https://doi.org/10.48567/mn3a-6134.",https://doi.org/10.48567/mn3a-6134,"<a href=""https://www.nsf.gov/awardsearch/showAward?AWD_ID=1245663"">1245663</a>, <a href=""https://www.nsf.gov/awardsearch/showAward?AWD_ID=1543305"">1543305</a>","<a href=""https://orcid.org/0000-0002-4343-498X"">Matthew Lazzara</a>, Mark Kulie"
2016,"Dome C II Automatic Weather Station, 2016 Reader format three-hour observational data.","Antarctic Meteorological Research and Data Center, 2016: Dome C II Automatic Weather Station, 2016 unmodified ten-minute observational data. AMRDC Data Repository, accessed DD-MM-YYYY, https://doi.org/10.48567/6pbc-jn89.",https://doi.org/10.48567/6pbc-jn89,"<a href=""https://www.nsf.gov/awardsearch/showAward?AWD_ID=1245663"">1245663</a>, <a href=""https://www.nsf.gov/awardsearch/showAward?AWD_ID=1543305"">1543305</a>","<a href=""https://orcid.org/0000-0002-4343-498X"">Matthew Lazzara</a>, Mark Kulie"
2016,"Dome Fuji Automatic Weather Station, 2016 Reader format three-hour observational data.","Antarctic Meteorological Research and Data Center, 2016: Dome Fuji Automatic Weather Station, 2016 unmodified ten-minute observational data. AMRDC Data Repository, accessed DD-MM-YYYY, https://doi.org/10.48567/5vg8-r107.",https://doi.org/10.48567/5vg8-r107,"<a href=""https://www.nsf.gov/awardsearch/showAward?AWD_ID=1245663"">1245663</a>, <a href=""https://www.nsf.gov/awardsearch/showAward?AWD_ID=1543305"">1543305</a>","<a href=""https://orcid.org/0000-0002-4343-498X"">Matthew Lazzara</a>, Mark Kulie"
2016,"Elaine Automatic Weather Station, 2016 Reader format three-hour observational data.","Antarctic Meteorological Research and Data Center, 2016: Elaine Automatic Weather Station, 2016 unmodified ten-minute observational data. AMRDC Data Repository, accessed DD-MM-YYYY, https://doi.org/10.48567/w02q-pq93.",https://doi.org/10.48567/w02q-pq93,"<a href=""https://www.nsf.gov/awardsearch/showAward?AWD_ID=1245663"">1245663</a>, <a href=""https://www.nsf.gov/awardsearch/showAward?AWD_ID=1543305"">1543305</a>","<a href=""https://orcid.org/0000-0002-4343-498X"">Matthew Lazzara</a>, Mark Kulie"
2016,"Elizabeth Automatic Weather Station, 2016 Reader format three-hour observational data.","Antarctic Meteorological Research and Data Center, 2016: Elizabeth Automatic Weather Station, 2016 unmodified ten-minute observational data. AMRDC Data Repository, accessed DD-MM-YYYY, https://doi.org/10.48567/wxrp-cs32.",https://doi.org/10.48567/wxrp-cs32,"<a href=""https://www.nsf.gov/awardsearch/showAward?AWD_ID=1245663"">1245663</a>, <a href=""https://www.nsf.gov/awardsearch/showAward?AWD_ID=1543305"">1543305</a>","<a href=""https://orcid.org/0000-0002-4343-498X"">Matthew Lazzara</a>, Mark Kulie"
2016,"Emilia Automatic Weather Station, 2016 Reader format three-hour observational data.","Antarctic Meteorological Research and Data Center, 2016: Emilia Automatic Weather Station, 2016 unmodified ten-minute observational data. AMRDC Data Repository, accessed DD-MM-YYYY, https://doi.org/10.48567/z6ej-fk11.",https://doi.org/10.48567/z6ej-fk11,"<a href=""https://www.nsf.gov/awardsearch/showAward?AWD_ID=1245663"">1245663</a>, <a href=""https://www.nsf.gov/awardsearch/showAward?AWD_ID=1543305"">1543305</a>","<a href=""https://orcid.org/0000-0002-4343-498X"">Matthew Lazzara</a>, Mark Kulie"
2016,"Emma Automatic Weather Station, 2016 Reader format three-hour observational data.","Antarctic Meteorological Research and Data Center, 2016: Emma Automatic Weather Station, 2016 unmodified ten-minute observational data. AMRDC Data Repository, accessed DD-MM-YYYY, https://doi.org/10.48567/bkd6-2r64.",https://doi.org/10.48567/bkd6-2r64,"<a href=""https://www.nsf.gov/awardsearch/showAward?AWD_ID=1245663"">1245663</a>, <a href=""https://www.nsf.gov/awardsearch/showAward?AWD_ID=1543305"">1543305</a>","<a href=""https://orcid.org/0000-0002-4343-498X"">Matthew Lazzara</a>, Mark Kulie"
2016,"Erin Automatic Weather Station, 2016 Reader format three-hour observational data.","Antarctic Meteorological Research and Data Center, 2016: Erin Automatic Weather Station, 2016 unmodified ten-minute observational data. AMRDC Data Repository, accessed DD-MM-YYYY, https://doi.org/10.48567/yzgx-ec35.",https://doi.org/10.48567/yzgx-ec35,"<a href=""https://www.nsf.gov/awardsearch/showAward?AWD_ID=1245663"">1245663</a>, <a href=""https://www.nsf.gov/awardsearch/showAward?AWD_ID=1543305"">1543305</a>","<a href=""https://orcid.org/0000-0002-4343-498X"">Matthew Lazzara</a>, Mark Kulie"
2016,"Evans Knoll Automatic Weather Station, 2016 Reader format three-hour observational data.","Antarctic Meteorological Research and Data Center, 2016: Evans Knoll Automatic Weather Station, 2016 unmodified ten-minute observational data. AMRDC Data Repository, accessed DD-MM-YYYY, https://doi.org/10.48567/cdyr-k888.",https://doi.org/10.48567/cdyr-k888,"<a href=""https://www.nsf.gov/awardsearch/showAward?AWD_ID=1245663"">1245663</a>, <a href=""https://www.nsf.gov/awardsearch/showAward?AWD_ID=1543305"">1543305</a>","<a href=""https://orcid.org/0000-0002-4343-498X"">Matthew Lazzara</a>, Mark Kulie"
2016,"Ferrell Automatic Weather Station, 2016 Reader format three-hour observational data.","Antarctic Meteorological Research and Data Center, 2016: Ferrell Automatic Weather Station, 2016 unmodified ten-minute observational data. AMRDC Data Repository, accessed DD-MM-YYYY, https://doi.org/10.48567/sbvb-a318.",https://doi.org/10.48567/sbvb-a318,"<a href=""https://www.nsf.gov/awardsearch/showAward?AWD_ID=1245663"">1245663</a>, <a href=""https://www.nsf.gov/awardsearch/showAward?AWD_ID=1543305"">1543305</a>","<a href=""https://orcid.org/0000-0002-4343-498X"">Matthew Lazzara</a>, Mark Kulie"
2016,"Gill Automatic Weather Station, 2016 Reader format three-hour observational data.","Antarctic Meteorological Research and Data Center, 2016: Gill Automatic Weather Station, 2016 unmodified ten-minute observational data. AMRDC Data Repository, accessed DD-MM-YYYY, https://doi.org/10.48567/4mkh-w681.",https://doi.org/10.48567/4mkh-w681,"<a href=""https://www.nsf.gov/awardsearch/showAward?AWD_ID=1245663"">1245663</a>, <a href=""https://www.nsf.gov/awardsearch/showAward?AWD_ID=1543305"">1543305</a>","<a href=""https://orcid.org/0000-0002-4343-498X"">Matthew Lazzara</a>, Mark Kulie"
2016,"Harry Automatic Weather Station, 2016 Reader format three-hour observational data.","Antarctic Meteorological Research and Data Center, 2016: Harry Automatic Weather Station, 2016 unmodified ten-minute observational data. AMRDC Data Repository, accessed DD-MM-YYYY, https://doi.org/10.48567/23wr-t616.",https://doi.org/10.48567/23wr-t616,"<a href=""https://www.nsf.gov/awardsearch/showAward?AWD_ID=1245663"">1245663</a>, <a href=""https://www.nsf.gov/awardsearch/showAward?AWD_ID=1543305"">1543305</a>","<a href=""https://orcid.org/0000-0002-4343-498X"">Matthew Lazzara</a>, Mark Kulie"
2016,"Henry Automatic Weather Station, 2016 Reader format three-hour observational data.","Antarctic Meteorological Research and Data Center, 2016: Henry Automatic Weather Station, 2016 unmodified ten-minute observational data. AMRDC Data Repository, accessed DD-MM-YYYY, https://doi.org/10.48567/qcpf-xh17.",https://doi.org/10.48567/qcpf-xh17,"<a href=""https://www.nsf.gov/awardsearch/showAward?AWD_ID=1245663"">1245663</a>, <a href=""https://www.nsf.gov/awardsearch/showAward?AWD_ID=1543305"">1543305</a>","<a href=""https://orcid.org/0000-0002-4343-498X"">Matthew Lazzara</a>, Mark Kulie"
2016,"Hugo Island Automatic Weather Station, 2016 Reader format three-hour observational data.","Antarctic Meteorological Research and Data Center, 2016: Hugo Island Automatic Weather Station, 2016 unmodified ten-minute observational data. AMRDC Data Repository, accessed DD-MM-YYYY, https://doi.org/10.48567/m6e9-nb75.",https://doi.org/10.48567/m6e9-nb75,"<a href=""https://www.nsf.gov/awardsearch/showAward?AWD_ID=1245663"">1245663</a>, <a href=""https://www.nsf.gov/awardsearch/showAward?AWD_ID=1543305"">1543305</a>","<a href=""https://orcid.org/0000-0002-4343-498X"">Matthew Lazzara</a>, Mark Kulie"
2016,"JASE2007 Automatic Weather Station, 2016 Reader format three-hour observational data.","Antarctic Meteorological Research and Data Center, 2016: JASE2007 Automatic Weather Station, 2016 unmodified ten-minute observational data. AMRDC Data Repository, accessed DD-MM-YYYY, https://doi.org/10.48567/rkc9-gw89.",https://doi.org/10.48567/rkc9-gw89,"<a href=""https://www.nsf.gov/awardsearch/showAward?AWD_ID=1245663"">1245663</a>, <a href=""https://www.nsf.gov/awardsearch/showAward?AWD_ID=1543305"">1543305</a>","<a href=""https://orcid.org/0000-0002-4343-498X"">Matthew Lazzara</a>, Mark Kulie"
2016,"Janet Automatic Weather Station, 2016 Reader format three-hour observational data.","Antarctic Meteorological Research and Data Center, 2016: Janet Automatic Weather Station, 2016 unmodified ten-minute observational data. AMRDC Data Repository, accessed DD-MM-YYYY, https://doi.org/10.48567/b589-9p58.",https://doi.org/10.48567/b589-9p58,"<a href=""https://www.nsf.gov/awardsearch/showAward?AWD_ID=1245663"">1245663</a>, <a href=""https://www.nsf.gov/awardsearch/showAward?AWD_ID=1543305"">1543305</a>","<a href=""https://orcid.org/0000-0002-4343-498X"">Matthew Lazzara</a>, Mark Kulie"
2016,"Kathie Automatic Weather Station, 2016 Reader format three-hour observational data.","Antarctic Meteorological Research and Data Center, 2016: Kathie Automatic Weather Station, 2016 unmodified ten-minute observational data. AMRDC Data Repository, accessed DD-MM-YYYY, https://doi.org/10.48567/p14x-ef64.",https://doi.org/10.48567/p14x-ef64,"<a href=""https://www.nsf.gov/awardsearch/showAward?AWD_ID=1245663"">1245663</a>, <a href=""https://www.nsf.gov/awardsearch/showAward?AWD_ID=1543305"">1543305</a>","<a href=""https://orcid.org/0000-0002-4343-498X"">Matthew Lazzara</a>, Mark Kulie"
2016,"Kominko-Slade Automatic Weather Station, 2016 Reader format three-hour observational data.","Antarctic Meteorological Research and Data Center, 2016: Kominko-Slade Automatic Weather Station, 2016 unmodified ten-minute observational data. AMRDC Data Repository, accessed DD-MM-YYYY, https://doi.org/10.48567/mz4w-a491.",https://doi.org/10.48567/mz4w-a491,"<a href=""https://www.nsf.gov/awardsearch/showAward?AWD_ID=1245663"">1245663</a>, <a href=""https://www.nsf.gov/awardsearch/showAward?AWD_ID=1543305"">1543305</a>","<a href=""https://orcid.org/0000-0002-4343-498X"">Matthew Lazzara</a>, Mark Kulie"
2016,"Laurie II Automatic Weather Station, 2016 Reader format three-hour observational data.","Antarctic Meteorological Research and Data Center, 2016: Laurie II Automatic Weather Station, 2016 unmodified ten-minute observational data. AMRDC Data Repository, accessed DD-MM-YYYY, https://doi.org/10.48567/sr0v-ta94.",https://doi.org/10.48567/sr0v-ta94,"<a href=""https://www.nsf.gov/awardsearch/showAward?AWD_ID=1245663"">1245663</a>, <a href=""https://www.nsf.gov/awardsearch/showAward?AWD_ID=1543305"">1543305</a>","<a href=""https://orcid.org/0000-0002-4343-498X"">Matthew Lazzara</a>, Mark Kulie"
2016,"Lettau Automatic Weather Station, 2016 Reader format three-hour observational data.","Antarctic Meteorological Research and Data Center, 2016: Lettau Automatic Weather Station, 2016 unmodified ten-minute observational data. AMRDC Data Repository, accessed DD-MM-YYYY, https://doi.org/10.48567/znq1-2b82.",https://doi.org/10.48567/znq1-2b82,"<a href=""https://www.nsf.gov/awardsearch/showAward?AWD_ID=1245663"">1245663</a>, <a href=""https://www.nsf.gov/awardsearch/showAward?AWD_ID=1543305"">1543305</a>","<a href=""https://orcid.org/0000-0002-4343-498X"">Matthew Lazzara</a>, Mark Kulie"
2016,"Linda Automatic Weather Station, 2016 Reader format three-hour observational data.","Antarctic Meteorological Research and Data Center, 2016: Linda Automatic Weather Station, 2016 unmodified ten-minute observational data. AMRDC Data Repository, accessed DD-MM-YYYY, https://doi.org/10.48567/wyrh-an58.",https://doi.org/10.48567/wyrh-an58,"<a href=""https://www.nsf.gov/awardsearch/showAward?AWD_ID=1245663"">1245663</a>, <a href=""https://www.nsf.gov/awardsearch/showAward?AWD_ID=1543305"">1543305</a>","<a href=""https://orcid.org/0000-0002-4343-498X"">Matthew Lazzara</a>, Mark Kulie"
2016,"Lorne Automatic Weather Station, 2016 Reader format three-hour observational data.","Antarctic Meteorological Research and Data Center, 2016: Lorne Automatic Weather Station, 2016 unmodified ten-minute observational data. AMRDC Data Repository, accessed DD-MM-YYYY, https://doi.org/10.48567/6tbt-aa05.",https://doi.org/10.48567/6tbt-aa05,"<a href=""https://www.nsf.gov/awardsearch/showAward?AWD_ID=1245663"">1245663</a>, <a href=""https://www.nsf.gov/awardsearch/showAward?AWD_ID=1543305"">1543305</a>","<a href=""https://orcid.org/0000-0002-4343-498X"">Matthew Lazzara</a>, Mark Kulie"
2016,"Manuela Automatic Weather Station, 2016 Reader format three-hour observational data.","Antarctic Meteorological Research and Data Center, 2016: Manuela Automatic Weather Station, 2016 unmodified ten-minute observational data. AMRDC Data Repository, accessed DD-MM-YYYY, https://doi.org/10.48567/hgbt-gv12.",https://doi.org/10.48567/hgbt-gv12,"<a href=""https://www.nsf.gov/awardsearch/showAward?AWD_ID=1245663"">1245663</a>, <a href=""https://www.nsf.gov/awardsearch/showAward?AWD_ID=1543305"">1543305</a>","<a href=""https://orcid.org/0000-0002-4343-498X"">Matthew Lazzara</a>, Mark Kulie"
2016,"Marble Point Automatic Weather Station, 2016 Reader format three-hour observational data.","Antarctic Meteorological Research and Data Center, 2016: Marble Point Automatic Weather Station, 2016 unmodified ten-minute observational data. AMRDC Data Repository, accessed DD-MM-YYYY, https://doi.org/10.48567/gnt7-yk59.",https://doi.org/10.48567/gnt7-yk59,"<a href=""https://www.nsf.gov/awardsearch/showAward?AWD_ID=1245663"">1245663</a>, <a href=""https://www.nsf.gov/awardsearch/showAward?AWD_ID=1543305"">1543305</a>","<a href=""https://orcid.org/0000-0002-4343-498X"">Matthew Lazzara</a>, Mark Kulie"
2016,"Marble Point II Automatic Weather Station, 2016 Reader format three-hour observational data.","Antarctic Meteorological Research and Data Center, 2016: Marble Point II Automatic Weather Station, 2016 unmodified ten-minute observational data. AMRDC Data Repository, accessed DD-MM-YYYY, https://doi.org/10.48567/a2ab-5437.",https://doi.org/10.48567/a2ab-5437,"<a href=""https://www.nsf.gov/awardsearch/showAward?AWD_ID=1245663"">1245663</a>, <a href=""https://www.nsf.gov/awardsearch/showAward?AWD_ID=1543305"">1543305</a>","<a href=""https://orcid.org/0000-0002-4343-498X"">Matthew Lazzara</a>, Mark Kulie"
2016,"Margaret Automatic Weather Station, 2016 Reader format three-hour observational data.","Antarctic Meteorological Research and Data Center, 2016: Margaret Automatic Weather Station, 2016 unmodified ten-minute observational data. AMRDC Data Repository, accessed DD-MM-YYYY, https://doi.org/10.48567/5bbj-nx64.",https://doi.org/10.48567/5bbj-nx64,"<a href=""https://www.nsf.gov/awardsearch/showAward?AWD_ID=1245663"">1245663</a>, <a href=""https://www.nsf.gov/awardsearch/showAward?AWD_ID=1543305"">1543305</a>","<a href=""https://orcid.org/0000-0002-4343-498X"">Matthew Lazzara</a>, Mark Kulie"
2016,"Marilyn Automatic Weather Station, 2016 Reader format three-hour observational data.","Antarctic Meteorological Research and Data Center, 2016: Marilyn Automatic Weather Station, 2016 unmodified ten-minute observational data. AMRDC Data Repository, accessed DD-MM-YYYY, https://doi.org/10.48567/89g5-gm91.",https://doi.org/10.48567/89g5-gm91,"<a href=""https://www.nsf.gov/awardsearch/showAward?AWD_ID=1245663"">1245663</a>, <a href=""https://www.nsf.gov/awardsearch/showAward?AWD_ID=1543305"">1543305</a>","<a href=""https://orcid.org/0000-0002-4343-498X"">Matthew Lazzara</a>, Mark Kulie"
2016,"Minna Bluff Automatic Weather Station, 2016 Reader format three-hour observational data.","Antarctic Meteorological Research and Data Center, 2016: Minna Bluff Automatic Weather Station, 2016 unmodified ten-minute observational data. AMRDC Data Repository, accessed DD-MM-YYYY, https://doi.org/10.48567/sj3b-8x68.",https://doi.org/10.48567/sj3b-8x68,"<a href=""https://www.nsf.gov/awardsearch/showAward?AWD_ID=1245663"">1245663</a>, <a href=""https://www.nsf.gov/awardsearch/showAward?AWD_ID=1543305"">1543305</a>","<a href=""https://orcid.org/0000-0002-4343-498X"">Matthew Lazzara</a>, Mark Kulie"
2016,"Mizuho Automatic Weather Station, 2016 Reader format three-hour observational data.","Antarctic Meteorological Research and Data Center, 2016: Mizuho Automatic Weather Station, 2016 unmodified ten-minute observational data. AMRDC Data Repository, accessed DD-MM-YYYY, https://doi.org/10.48567/6aqj-3514.",https://doi.org/10.48567/6aqj-3514,"<a href=""https://www.nsf.gov/awardsearch/showAward?AWD_ID=1245663"">1245663</a>, <a href=""https://www.nsf.gov/awardsearch/showAward?AWD_ID=1543305"">1543305</a>","<a href=""https://orcid.org/0000-0002-4343-498X"">Matthew Lazzara</a>, Mark Kulie"
2016,"Mount Siple Automatic Weather Station, 2016 Reader format three-hour observational data.","Antarctic Meteorological Research and Data Center, 2016: Mount Siple Automatic Weather Station, 2016 unmodified ten-minute observational data. AMRDC Data Repository, accessed DD-MM-YYYY, https://doi.org/10.48567/y1cf-c042.",https://doi.org/10.48567/y1cf-c042,"<a href=""https://www.nsf.gov/awardsearch/showAward?AWD_ID=1245663"">1245663</a>, <a href=""https://www.nsf.gov/awardsearch/showAward?AWD_ID=1543305"">1543305</a>","<a href=""https://orcid.org/0000-0002-4343-498X"">Matthew Lazzara</a>, Mark Kulie"
2016,"Nico Automatic Weather Station, 2016 Reader format three-hour observational data.","Antarctic Meteorological Research and Data Center, 2016: Nico Automatic Weather Station, 2016 unmodified ten-minute observational data. AMRDC Data Repository, accessed DD-MM-YYYY, https://doi.org/10.48567/ggy5-t645.",https://doi.org/10.48567/ggy5-t645,"<a href=""https://www.nsf.gov/awardsearch/showAward?AWD_ID=1245663"">1245663</a>, <a href=""https://www.nsf.gov/awardsearch/showAward?AWD_ID=1543305"">1543305</a>","<a href=""https://orcid.org/0000-0002-4343-498X"">Matthew Lazzara</a>, Mark Kulie"
2016,"PANDA-South Automatic Weather Station, 2016 Reader format three-hour observational data.","Antarctic Meteorological Research and Data Center, 2016: PANDA-South Automatic Weather Station, 2016 unmodified ten-minute observational data. AMRDC Data Repository, accessed DD-MM-YYYY, https://doi.org/10.48567/6q3p-s708.",https://doi.org/10.48567/6q3p-s708,"<a href=""https://www.nsf.gov/awardsearch/showAward?AWD_ID=1245663"">1245663</a>, <a href=""https://www.nsf.gov/awardsearch/showAward?AWD_ID=1543305"">1543305</a>","<a href=""https://orcid.org/0000-0002-4343-498X"">Matthew Lazzara</a>, Mark Kulie"
2016,"Pegasus North Automatic Weather Station, 2016 Reader format three-hour observational data.","Antarctic Meteorological Research and Data Center, 2016: Pegasus North Automatic Weather Station, 2016 unmodified ten-minute observational data. AMRDC Data Repository, accessed DD-MM-YYYY, https://doi.org/10.48567/3aq9-eg74.",https://doi.org/10.48567/3aq9-eg74,"<a href=""https://www.nsf.gov/awardsearch/showAward?AWD_ID=1245663"">1245663</a>, <a href=""https://www.nsf.gov/awardsearch/showAward?AWD_ID=1543305"">1543305</a>","<a href=""https://orcid.org/0000-0002-4343-498X"">Matthew Lazzara</a>, Mark Kulie"
2016,"Port Martin Automatic Weather Station, 2016 Reader format three-hour observational data.","Antarctic Meteorological Research and Data Center, 2016: Port Martin Automatic Weather Station, 2016 unmodified ten-minute observational data. AMRDC Data Repository, accessed DD-MM-YYYY, https://doi.org/10.48567/5vqw-0h80.",https://doi.org/10.48567/5vqw-0h80,"<a href=""https://www.nsf.gov/awardsearch/showAward?AWD_ID=1245663"">1245663</a>, <a href=""https://www.nsf.gov/awardsearch/showAward?AWD_ID=1543305"">1543305</a>","<a href=""https://orcid.org/0000-0002-4343-498X"">Matthew Lazzara</a>, Mark Kulie"
2016,"Possession Island Automatic Weather Station, 2016 Reader format three-hour observational data.","Antarctic Meteorological Research and Data Center, 2016: Possession Island Automatic Weather Station, 2016 unmodified ten-minute observational data. AMRDC Data Repository, accessed DD-MM-YYYY, https://doi.org/10.48567/05dr-6514.",https://doi.org/10.48567/05dr-6514,"<a href=""https://www.nsf.gov/awardsearch/showAward?AWD_ID=1245663"">1245663</a>, <a href=""https://www.nsf.gov/awardsearch/showAward?AWD_ID=1543305"">1543305</a>","<a href=""https://orcid.org/0000-0002-4343-498X"">Matthew Lazzara</a>, Mark Kulie"
2016,"Relay Station Automatic Weather Station, 2016 Reader format three-hour observational data.","Antarctic Meteorological Research and Data Center, 2016: Relay Station Automatic Weather Station, 2016 unmodified ten-minute observational data. AMRDC Data Repository, accessed DD-MM-YYYY, https://doi.org/10.48567/znv0-mq54.",https://doi.org/10.48567/znv0-mq54,"<a href=""https://www.nsf.gov/awardsearch/showAward?AWD_ID=1245663"">1245663</a>, <a href=""https://www.nsf.gov/awardsearch/showAward?AWD_ID=1543305"">1543305</a>","<a href=""https://orcid.org/0000-0002-4343-498X"">Matthew Lazzara</a>, Mark Kulie"
2016,"Sabrina Automatic Weather Station, 2016 Reader format three-hour observational data.","Antarctic Meteorological Research and Data Center, 2016: Sabrina Automatic Weather Station, 2016 unmodified ten-minute observational data. AMRDC Data Repository, accessed DD-MM-YYYY, https://doi.org/10.48567/sfk3-qd17.",https://doi.org/10.48567/sfk3-qd17,"<a href=""https://www.nsf.gov/awardsearch/showAward?AWD_ID=1245663"">1245663</a>, <a href=""https://www.nsf.gov/awardsearch/showAward?AWD_ID=1543305"">1543305</a>","<a href=""https://orcid.org/0000-0002-4343-498X"">Matthew Lazzara</a>, Mark Kulie"
2016,"Schwerdtfeger Automatic Weather Station, 2016 Reader format three-hour observational data.","Antarctic Meteorological Research and Data Center, 2016: Schwerdtfeger Automatic Weather Station, 2016 unmodified ten-minute observational data. AMRDC Data Repository, accessed DD-MM-YYYY, https://doi.org/10.48567/tpze-vv83.",https://doi.org/10.48567/tpze-vv83,"<a href=""https://www.nsf.gov/awardsearch/showAward?AWD_ID=1245663"">1245663</a>, <a href=""https://www.nsf.gov/awardsearch/showAward?AWD_ID=1543305"">1543305</a>","<a href=""https://orcid.org/0000-0002-4343-498X"">Matthew Lazzara</a>, Mark Kulie"
2016,"Siple Dome Automatic Weather Station, 2016 Reader format three-hour observational data.","Antarctic Meteorological Research and Data Center, 2016: Siple Dome Automatic Weather Station, 2016 unmodified ten-minute observational data. AMRDC Data Repository, accessed DD-MM-YYYY, https://doi.org/10.48567/ejh5-q862.",https://doi.org/10.48567/ejh5-q862,"<a href=""https://www.nsf.gov/awardsearch/showAward?AWD_ID=1245663"">1245663</a>, <a href=""https://www.nsf.gov/awardsearch/showAward?AWD_ID=1543305"">1543305</a>","<a href=""https://orcid.org/0000-0002-4343-498X"">Matthew Lazzara</a>, Mark Kulie"
2016,"Theresa Automatic Weather Station, 2016 Reader format three-hour observational data.","Antarctic Meteorological Research and Data Center, 2016: Theresa Automatic Weather Station, 2016 unmodified ten-minute observational data. AMRDC Data Repository, accessed DD-MM-YYYY, https://doi.org/10.48567/tm0m-wc41.",https://doi.org/10.48567/tm0m-wc41,"<a href=""https://www.nsf.gov/awardsearch/showAward?AWD_ID=1245663"">1245663</a>, <a href=""https://www.nsf.gov/awardsearch/showAward?AWD_ID=1543305"">1543305</a>","<a href=""https://orcid.org/0000-0002-4343-498X"">Matthew Lazzara</a>, Mark Kulie"
2016,"Thurston Island Automatic Weather Station, 2016 Reader format three-hour observational data.","Antarctic Meteorological Research and Data Center, 2016: Thurston Island Automatic Weather Station, 2016 unmodified ten-minute observational data. AMRDC Data Repository, accessed DD-MM-YYYY, https://doi.org/10.48567/mbqp-yh05.",https://doi.org/10.48567/mbqp-yh05,"<a href=""https://www.nsf.gov/awardsearch/showAward?AWD_ID=1245663"">1245663</a>, <a href=""https://www.nsf.gov/awardsearch/showAward?AWD_ID=1543305"">1543305</a>","<a href=""https://orcid.org/0000-0002-4343-498X"">Matthew Lazzara</a>, Mark Kulie"
2016,"Vito Automatic Weather Station, 2016 Reader format three-hour observational data.","Antarctic Meteorological Research and Data Center, 2016: Vito Automatic Weather Station, 2016 unmodified ten-minute observational data. AMRDC Data Repository, accessed DD-MM-YYYY, https://doi.org/10.48567/tep3-yy62.",https://doi.org/10.48567/tep3-yy62,"<a href=""https://www.nsf.gov/awardsearch/showAward?AWD_ID=1245663"">1245663</a>, <a href=""https://www.nsf.gov/awardsearch/showAward?AWD_ID=1543305"">1543305</a>","<a href=""https://orcid.org/0000-0002-4343-498X"">Matthew Lazzara</a>, Mark Kulie"
2016,"White Island Automatic Weather Station, 2016 Reader format three-hour observational data.","Antarctic Meteorological Research and Data Center, 2016: White Island Automatic Weather Station, 2016 unmodified ten-minute observational data. AMRDC Data Repository, accessed DD-MM-YYYY, https://doi.org/10.48567/vv67-pg05.",https://doi.org/10.48567/vv67-pg05,"<a href=""https://www.nsf.gov/awardsearch/showAward?AWD_ID=1245663"">1245663</a>, <a href=""https://www.nsf.gov/awardsearch/showAward?AWD_ID=1543305"">1543305</a>","<a href=""https://orcid.org/0000-0002-4343-498X"">Matthew Lazzara</a>, Mark Kulie"
2016,"Whitlock Automatic Weather Station, 2016 Reader format three-hour observational data.","Antarctic Meteorological Research and Data Center, 2016: Whitlock Automatic Weather Station, 2016 unmodified ten-minute observational data. AMRDC Data Repository, accessed DD-MM-YYYY, https://doi.org/10.48567/pvdb-t727.",https://doi.org/10.48567/pvdb-t727,"<a href=""https://www.nsf.gov/awardsearch/showAward?AWD_ID=1245663"">1245663</a>, <a href=""https://www.nsf.gov/awardsearch/showAward?AWD_ID=1543305"">1543305</a>","<a href=""https://orcid.org/0000-0002-4343-498X"">Matthew Lazzara</a>, Mark Kulie"
2016,"Willie Field Automatic Weather Station, 2016 Reader format three-hour observational data.","Antarctic Meteorological Research and Data Center, 2016: Willie Field Automatic Weather Station, 2016 unmodified ten-minute observational data. AMRDC Data Repository, accessed DD-MM-YYYY, https://doi.org/10.48567/cya7-pw41.",https://doi.org/10.48567/cya7-pw41,"<a href=""https://www.nsf.gov/awardsearch/showAward?AWD_ID=1245663"">1245663</a>, <a href=""https://www.nsf.gov/awardsearch/showAward?AWD_ID=1543305"">1543305</a>","<a href=""https://orcid.org/0000-0002-4343-498X"">Matthew Lazzara</a>, Mark Kulie"
2016,"Windless Bight Automatic Weather Station, 2016 Reader format three-hour observational data.","Antarctic Meteorological Research and Data Center, 2016: Windless Bight Automatic Weather Station, 2016 unmodified ten-minute observational data. AMRDC Data Repository, accessed DD-MM-YYYY, https://doi.org/10.48567/nsbe-ya40.",https://doi.org/10.48567/nsbe-ya40,"<a href=""https://www.nsf.gov/awardsearch/showAward?AWD_ID=1245663"">1245663</a>, <a href=""https://www.nsf.gov/awardsearch/showAward?AWD_ID=1543305"">1543305</a>","<a href=""https://orcid.org/0000-0002-4343-498X"">Matthew Lazzara</a>, Mark Kulie"