1993,"GISP2 Automatic Weather Station, Greenland, 1993 Reader format three-hour observational data.","Antarctic Meteorological Research and Data Center, 1993: GISP2 Automatic Weather Station, Greenland, 1993 Reader format three-hour observational data. AMRDC Data Repository, accessed DD-MM-YYYY, https://doi.org/10.48567/c8rm-3c86.",https://doi.org/10.48567/c8rm-3c86,"<a href=""https://www.nsf.gov/awardsearch/showAward?AWD_ID=9303569"">9303569</a>, <a href=""https://www.nsf.gov/awardsearch/showAward?AWD_ID=9015586"">9015586</a>",Charles Stearns
1993,"Julie Automatic Weather Station, Greenland, 1993 Reader format three-hour observational data.","Antarctic Meteorological Research and Data Center, 1993: Julie Automatic Weather Station, Greenland, 1993 Reader format three-hour observational data. AMRDC Data Repository, accessed DD-MM-YYYY, https://doi.org/10.48567/x6w2-zz29.",https://doi.org/10.48567/x6w2-zz29,"<a href=""https://www.nsf.gov/awardsearch/showAward?AWD_ID=9303569"">9303569</a>, <a href=""https://www.nsf.gov/awardsearch/showAward?AWD_ID=9015586"">9015586</a>",Charles Stearns
1993,"Klinck Automatic Weather Station, Greenland, 1993 Reader format three-hour observational data.","Antarctic Meteorological Research and Data Center, 1993: Klinck Automatic Weather Station, Greenland, 1993 Reader format three-hour observational data. AMRDC Data Repository, accessed DD-MM-YYYY, https://doi.org/10.48567/6zbm-ry65.",https://doi.org/10.48567/6zbm-ry65,"<a href=""https://www.nsf.gov/awardsearch/showAward?AWD_ID=9303569"">9303569</a>, <a href=""https://www.nsf.gov/awardsearch/showAward?AWD_ID=9015586"">9015586</a>",Charles Stearns
1993,"Matt Automatic Weather Station, Greenland, 1993 Reader format three-hour observational data.","Antarctic Meteorological Research and Data Center, 1993: Matt Automatic Weather Station, Greenland, 1993 Reader format three-hour observational data. AMRDC Data Repository, accessed DD-MM-YYYY, https://doi.org/10.48567/58xv-6c56.",https://doi.org/10.48567/58xv-6c56,"<a href=""https://www.nsf.gov/awardsearch/showAward?AWD_ID=9303569"">9303569</a>, <a href=""https://www.nsf.gov/awardsearch/showAward?AWD_ID=9015586"">9015586</a>",Charles Stearns
1993,"Barber Automatic Weather Station, Greenland, 1993 Reader format three-hour observational data.","Antarctic Meteorological Research and Data Center, 1993: Barber Automatic Weather Station, Greenland, 1993 Reader format three-hour observational data. AMRDC Data Repository, accessed DD-MM-YYYY, https://doi.org/10.48567/hqrv-kk65.",https://doi.org/10.48567/hqrv-kk65,"<a href=""https://www.nsf.gov/awardsearch/showAward?AWD_ID=9303569"">9303569</a>, <a href=""https://www.nsf.gov/awardsearch/showAward?AWD_ID=9015586"">9015586</a>",Charles Stearns
1993,"Kenton Automatic Weather Station, Greenland, 1993 Reader format three-hour observational data.","Antarctic Meteorological Research and Data Center, 1993: Kenton Automatic Weather Station, Greenland, 1993 Reader format three-hour observational data. AMRDC Data Repository, accessed DD-MM-YYYY, https://doi.org/10.48567/skpm-tg63.",https://doi.org/10.48567/skpm-tg63,"<a href=""https://www.nsf.gov/awardsearch/showAward?AWD_ID=9303569"">9303569</a>, <a href=""https://www.nsf.gov/awardsearch/showAward?AWD_ID=9015586"">9015586</a>",Charles Stearns
