2020,"AGO-4 Automatic Weather Station, 2020 Reader format three-hour observational data.","Antarctic Meteorological Research and Data Center, 2020: AGO-4 Automatic Weather Station, 2020 unmodified ten-minute observational data. AMRDC Data Repository, accessed DD-MM-YYYY, https://doi.org/10.48567/pt8n-dr31.",https://doi.org/10.48567/pt8n-dr31,https://www.nsf.gov/awardsearch/showAward?AWD_ID=1924730,"<a href=""https://orcid.org/0000-0002-4343-498X"">Matthew Lazzara</a>, <a href=""https://orcid.org/0000-0002-7466-5836"">Lee Welhouse</a>"
2020,"AGO-5 Automatic Weather Station, 2020 Reader format three-hour observational data.","Antarctic Meteorological Research and Data Center, 2020: AGO-5 Automatic Weather Station, 2020 unmodified ten-minute observational data. AMRDC Data Repository, accessed DD-MM-YYYY, https://doi.org/10.48567/0695-qn14.",https://doi.org/10.48567/0695-qn14,https://www.nsf.gov/awardsearch/showAward?AWD_ID=1924730,"<a href=""https://orcid.org/0000-0002-4343-498X"">Matthew Lazzara</a>, <a href=""https://orcid.org/0000-0002-7466-5836"">Lee Welhouse</a>"
2020,"Austin Automatic Weather Station, 2020 Reader format three-hour observational data.","Antarctic Meteorological Research and Data Center, 2020: Austin Automatic Weather Station, 2020 unmodified ten-minute observational data. AMRDC Data Repository, accessed DD-MM-YYYY, https://doi.org/10.48567/xqk5-cw02.",https://doi.org/10.48567/xqk5-cw02,https://www.nsf.gov/awardsearch/showAward?AWD_ID=1924730,"<a href=""https://orcid.org/0000-0002-4343-498X"">Matthew Lazzara</a>, <a href=""https://orcid.org/0000-0002-7466-5836"">Lee Welhouse</a>"
2020,"Baldrick Automatic Weather Station, 2020 Reader format three-hour observational data.","Antarctic Meteorological Research and Data Center, 2020: Baldrick Automatic Weather Station, 2020 unmodified ten-minute observational data. AMRDC Data Repository, accessed DD-MM-YYYY, https://doi.org/10.48567/bmnt-v536.",https://doi.org/10.48567/bmnt-v536,https://www.nsf.gov/awardsearch/showAward?AWD_ID=1924730,"<a href=""https://orcid.org/0000-0002-4343-498X"">Matthew Lazzara</a>, <a href=""https://orcid.org/0000-0002-7466-5836"">Lee Welhouse</a>"
2020,"Bear Peninsula Automatic Weather Station, 2020 Reader format three-hour observational data.","Antarctic Meteorological Research and Data Center, 2020: Bear Peninsula Automatic Weather Station, 2020 unmodified ten-minute observational data. AMRDC Data Repository, accessed DD-MM-YYYY, https://doi.org/10.48567/c10s-ve64.",https://doi.org/10.48567/c10s-ve64,https://www.nsf.gov/awardsearch/showAward?AWD_ID=1924730,"<a href=""https://orcid.org/0000-0002-4343-498X"">Matthew Lazzara</a>, <a href=""https://orcid.org/0000-0002-7466-5836"">Lee Welhouse</a>"
2020,"Byrd Automatic Weather Station, 2020 Reader format three-hour observational data.","Antarctic Meteorological Research and Data Center, 2020: Byrd Automatic Weather Station, 2020 unmodified ten-minute observational data. AMRDC Data Repository, accessed DD-MM-YYYY, https://doi.org/10.48567/wwg7-3077.",https://doi.org/10.48567/wwg7-3077,https://www.nsf.gov/awardsearch/showAward?AWD_ID=1924730,"<a href=""https://orcid.org/0000-0002-4343-498X"">Matthew Lazzara</a>, <a href=""https://orcid.org/0000-0002-7466-5836"">Lee Welhouse</a>"
2020,"Cape Bird Automatic Weather Station, 2020 Reader format three-hour observational data.","Antarctic Meteorological Research and Data Center, 2020: Cape Bird Automatic Weather Station, 2020 unmodified ten-minute observational data. AMRDC Data Repository, accessed DD-MM-YYYY, https://doi.org/10.48567/14v9-h437.",https://doi.org/10.48567/14v9-h437,https://www.nsf.gov/awardsearch/showAward?AWD_ID=1924730,"<a href=""https://orcid.org/0000-0002-4343-498X"">Matthew Lazzara</a>, <a href=""https://orcid.org/0000-0002-7466-5836"">Lee Welhouse</a>"
2020,"Cape Hallett Automatic Weather Station, 2020 Reader format three-hour observational data.","Antarctic Meteorological Research and Data Center, 2020: Cape Hallett Automatic Weather Station, 2020 unmodified ten-minute observational data. AMRDC Data Repository, accessed DD-MM-YYYY, https://doi.org/10.48567/yb48-kj32.",https://doi.org/10.48567/yb48-kj32,https://www.nsf.gov/awardsearch/showAward?AWD_ID=1924730,"<a href=""https://orcid.org/0000-0002-4343-498X"">Matthew Lazzara</a>, <a href=""https://orcid.org/0000-0002-7466-5836"">Lee Welhouse</a>"
2020,"D-10 Automatic Weather Station, 2020 Reader format three-hour observational data.","Antarctic Meteorological Research and Data Center, 2020: D-10 Automatic Weather Station, 2020 unmodified ten-minute observational data. AMRDC Data Repository, accessed DD-MM-YYYY, https://doi.org/10.48567/3jd9-e408.",https://doi.org/10.48567/3jd9-e408,https://www.nsf.gov/awardsearch/showAward?AWD_ID=1924730,"<a href=""https://orcid.org/0000-0002-4343-498X"">Matthew Lazzara</a>, <a href=""https://orcid.org/0000-0002-7466-5836"">Lee Welhouse</a>"
2020,"D-47 Automatic Weather Station, 2020 Reader format three-hour observational data.","Antarctic Meteorological Research and Data Center, 2020: D-47 Automatic Weather Station, 2020 unmodified ten-minute observational data. AMRDC Data Repository, accessed DD-MM-YYYY, https://doi.org/10.48567/sv0f-ha35.",https://doi.org/10.48567/sv0f-ha35,https://www.nsf.gov/awardsearch/showAward?AWD_ID=1924730,"<a href=""https://orcid.org/0000-0002-4343-498X"">Matthew Lazzara</a>, <a href=""https://orcid.org/0000-0002-7466-5836"">Lee Welhouse</a>"
2020,"D-85 Automatic Weather Station, 2020 Reader format three-hour observational data.","Antarctic Meteorological Research and Data Center, 2020: D-85 Automatic Weather Station, 2020 unmodified ten-minute observational data. AMRDC Data Repository, accessed DD-MM-YYYY, https://doi.org/10.48567/frzm-w255.",https://doi.org/10.48567/frzm-w255,https://www.nsf.gov/awardsearch/showAward?AWD_ID=1924730,"<a href=""https://orcid.org/0000-0002-4343-498X"">Matthew Lazzara</a>, <a href=""https://orcid.org/0000-0002-7466-5836"">Lee Welhouse</a>"
2020,"Dismal Island Automatic Weather Station, 2020 Reader format three-hour observational data.","Antarctic Meteorological Research and Data Center, 2020: Dismal Island Automatic Weather Station, 2020 unmodified ten-minute observational data. AMRDC Data Repository, accessed DD-MM-YYYY, https://doi.org/10.48567/yw35-ns42.",https://doi.org/10.48567/yw35-ns42,https://www.nsf.gov/awardsearch/showAward?AWD_ID=1924730,"<a href=""https://orcid.org/0000-0002-4343-498X"">Matthew Lazzara</a>, <a href=""https://orcid.org/0000-0002-7466-5836"">Lee Welhouse</a>"
2020,"Dome C II Automatic Weather Station, 2020 Reader format three-hour observational data.","Antarctic Meteorological Research and Data Center, 2020: Dome C II Automatic Weather Station, 2020 unmodified ten-minute observational data. AMRDC Data Repository, accessed DD-MM-YYYY, https://doi.org/10.48567/vxhx-rx66.",https://doi.org/10.48567/vxhx-rx66,https://www.nsf.gov/awardsearch/showAward?AWD_ID=1924730,"<a href=""https://orcid.org/0000-0002-4343-498X"">Matthew Lazzara</a>, <a href=""https://orcid.org/0000-0002-7466-5836"">Lee Welhouse</a>"
2020,"Dome Fuji Automatic Weather Station, 2020 Reader format three-hour observational data.","Antarctic Meteorological Research and Data Center, 2020: Dome Fuji Automatic Weather Station, 2020 unmodified ten-minute observational data. AMRDC Data Repository, accessed DD-MM-YYYY, https://doi.org/10.48567/y1fw-qz53.",https://doi.org/10.48567/y1fw-qz53,https://www.nsf.gov/awardsearch/showAward?AWD_ID=1924730,"<a href=""https://orcid.org/0000-0002-4343-498X"">Matthew Lazzara</a>, <a href=""https://orcid.org/0000-0002-7466-5836"">Lee Welhouse</a>"
2020,"Elaine Automatic Weather Station, 2020 Reader format three-hour observational data.","Antarctic Meteorological Research and Data Center, 2020: Elaine Automatic Weather Station, 2020 unmodified ten-minute observational data. AMRDC Data Repository, accessed DD-MM-YYYY, https://doi.org/10.48567/31tc-n840.",https://doi.org/10.48567/31tc-n840,https://www.nsf.gov/awardsearch/showAward?AWD_ID=1924730,"<a href=""https://orcid.org/0000-0002-4343-498X"">Matthew Lazzara</a>, <a href=""https://orcid.org/0000-0002-7466-5836"">Lee Welhouse</a>"
2020,"Elizabeth Automatic Weather Station, 2020 Reader format three-hour observational data.","Antarctic Meteorological Research and Data Center, 2020: Elizabeth Automatic Weather Station, 2020 unmodified ten-minute observational data. AMRDC Data Repository, accessed DD-MM-YYYY, https://doi.org/10.48567/x0ke-zm68.",https://doi.org/10.48567/x0ke-zm68,https://www.nsf.gov/awardsearch/showAward?AWD_ID=1924730,"<a href=""https://orcid.org/0000-0002-4343-498X"">Matthew Lazzara</a>, <a href=""https://orcid.org/0000-0002-7466-5836"">Lee Welhouse</a>"
2020,"Emilia Automatic Weather Station, 2020 Reader format three-hour observational data.","Antarctic Meteorological Research and Data Center, 2020: Emilia Automatic Weather Station, 2020 unmodified ten-minute observational data. AMRDC Data Repository, accessed DD-MM-YYYY, https://doi.org/10.48567/3jdt-dq09.",https://doi.org/10.48567/3jdt-dq09,https://www.nsf.gov/awardsearch/showAward?AWD_ID=1924730,"<a href=""https://orcid.org/0000-0002-4343-498X"">Matthew Lazzara</a>, <a href=""https://orcid.org/0000-0002-7466-5836"">Lee Welhouse</a>"
2020,"Emma Automatic Weather Station, 2020 Reader format three-hour observational data.","Antarctic Meteorological Research and Data Center, 2020: Emma Automatic Weather Station, 2020 unmodified ten-minute observational data. AMRDC Data Repository, accessed DD-MM-YYYY, https://doi.org/10.48567/h4p8-wg97.",https://doi.org/10.48567/h4p8-wg97,https://www.nsf.gov/awardsearch/showAward?AWD_ID=1924730,"<a href=""https://orcid.org/0000-0002-4343-498X"">Matthew Lazzara</a>, <a href=""https://orcid.org/0000-0002-7466-5836"">Lee Welhouse</a>"
2020,"Erin Automatic Weather Station, 2020 Reader format three-hour observational data.","Antarctic Meteorological Research and Data Center, 2020: Erin Automatic Weather Station, 2020 unmodified ten-minute observational data. AMRDC Data Repository, accessed DD-MM-YYYY, https://doi.org/10.48567/trpp-th40.",https://doi.org/10.48567/trpp-th40,https://www.nsf.gov/awardsearch/showAward?AWD_ID=1924730,"<a href=""https://orcid.org/0000-0002-4343-498X"">Matthew Lazzara</a>, <a href=""https://orcid.org/0000-0002-7466-5836"">Lee Welhouse</a>"
2020,"Ferrell Automatic Weather Station, 2020 Reader format three-hour observational data.","Antarctic Meteorological Research and Data Center, 2020: Ferrell Automatic Weather Station, 2020 unmodified ten-minute observational data. AMRDC Data Repository, accessed DD-MM-YYYY, https://doi.org/10.48567/xk2d-k376.",https://doi.org/10.48567/xk2d-k376,https://www.nsf.gov/awardsearch/showAward?AWD_ID=1924730,"<a href=""https://orcid.org/0000-0002-4343-498X"">Matthew Lazzara</a>, <a href=""https://orcid.org/0000-0002-7466-5836"">Lee Welhouse</a>"
2020,"Gill Automatic Weather Station, 2020 Reader format three-hour observational data.","Antarctic Meteorological Research and Data Center, 2020: Gill Automatic Weather Station, 2020 unmodified ten-minute observational data. AMRDC Data Repository, accessed DD-MM-YYYY, https://doi.org/10.48567/w7wa-rp87.",https://doi.org/10.48567/w7wa-rp87,https://www.nsf.gov/awardsearch/showAward?AWD_ID=1924730,"<a href=""https://orcid.org/0000-0002-4343-498X"">Matthew Lazzara</a>, <a href=""https://orcid.org/0000-0002-7466-5836"">Lee Welhouse</a>"
2020,"Harry Automatic Weather Station, 2020 Reader format three-hour observational data.","Antarctic Meteorological Research and Data Center, 2020: Harry Automatic Weather Station, 2020 unmodified ten-minute observational data. AMRDC Data Repository, accessed DD-MM-YYYY, https://doi.org/10.48567/cxqj-1m49.",https://doi.org/10.48567/cxqj-1m49,https://www.nsf.gov/awardsearch/showAward?AWD_ID=1924730,"<a href=""https://orcid.org/0000-0002-4343-498X"">Matthew Lazzara</a>, <a href=""https://orcid.org/0000-0002-7466-5836"">Lee Welhouse</a>"
2020,"Henry Automatic Weather Station, 2020 Reader format three-hour observational data.","Antarctic Meteorological Research and Data Center, 2020: Henry Automatic Weather Station, 2020 unmodified ten-minute observational data. AMRDC Data Repository, accessed DD-MM-YYYY, https://doi.org/10.48567/j7xz-n719.",https://doi.org/10.48567/j7xz-n719,https://www.nsf.gov/awardsearch/showAward?AWD_ID=1924730,"<a href=""https://orcid.org/0000-0002-4343-498X"">Matthew Lazzara</a>, <a href=""https://orcid.org/0000-0002-7466-5836"">Lee Welhouse</a>"
2020,"JASE2007 Automatic Weather Station, 2020 Reader format three-hour observational data.","Antarctic Meteorological Research and Data Center, 2020: JASE2007 Automatic Weather Station, 2020 unmodified ten-minute observational data. AMRDC Data Repository, accessed DD-MM-YYYY, https://doi.org/10.48567/twb6-n654.",https://doi.org/10.48567/twb6-n654,https://www.nsf.gov/awardsearch/showAward?AWD_ID=1924730,"<a href=""https://orcid.org/0000-0002-4343-498X"">Matthew Lazzara</a>, <a href=""https://orcid.org/0000-0002-7466-5836"">Lee Welhouse</a>"
2020,"Janet Automatic Weather Station, 2020 Reader format three-hour observational data.","Antarctic Meteorological Research and Data Center, 2020: Janet Automatic Weather Station, 2020 unmodified ten-minute observational data. AMRDC Data Repository, accessed DD-MM-YYYY, https://doi.org/10.48567/m8ye-eb86.",https://doi.org/10.48567/m8ye-eb86,https://www.nsf.gov/awardsearch/showAward?AWD_ID=1924730,"<a href=""https://orcid.org/0000-0002-4343-498X"">Matthew Lazzara</a>, <a href=""https://orcid.org/0000-0002-7466-5836"">Lee Welhouse</a>"
2020,"Kathie Automatic Weather Station, 2020 Reader format three-hour observational data.","Antarctic Meteorological Research and Data Center, 2020: Kathie Automatic Weather Station, 2020 unmodified ten-minute observational data. AMRDC Data Repository, accessed DD-MM-YYYY, https://doi.org/10.48567/bzqw-mk58.",https://doi.org/10.48567/bzqw-mk58,https://www.nsf.gov/awardsearch/showAward?AWD_ID=1924730,"<a href=""https://orcid.org/0000-0002-4343-498X"">Matthew Lazzara</a>, <a href=""https://orcid.org/0000-0002-7466-5836"">Lee Welhouse</a>"
2020,"Laurie II Automatic Weather Station, 2020 Reader format three-hour observational data.","Antarctic Meteorological Research and Data Center, 2020: Laurie II Automatic Weather Station, 2020 unmodified ten-minute observational data. AMRDC Data Repository, accessed DD-MM-YYYY, https://doi.org/10.48567/0t2w-v273.",https://doi.org/10.48567/0t2w-v273,https://www.nsf.gov/awardsearch/showAward?AWD_ID=1924730,"<a href=""https://orcid.org/0000-0002-4343-498X"">Matthew Lazzara</a>, <a href=""https://orcid.org/0000-0002-7466-5836"">Lee Welhouse</a>"
2020,"Lettau Automatic Weather Station, 2020 Reader format three-hour observational data.","Antarctic Meteorological Research and Data Center, 2020: Lettau Automatic Weather Station, 2020 unmodified ten-minute observational data. AMRDC Data Repository, accessed DD-MM-YYYY, https://doi.org/10.48567/ra6h-zh37.",https://doi.org/10.48567/ra6h-zh37,https://www.nsf.gov/awardsearch/showAward?AWD_ID=1924730,"<a href=""https://orcid.org/0000-0002-4343-498X"">Matthew Lazzara</a>, <a href=""https://orcid.org/0000-0002-7466-5836"">Lee Welhouse</a>"
2020,"Linda Automatic Weather Station, 2020 Reader format three-hour observational data.","Antarctic Meteorological Research and Data Center, 2020: Linda Automatic Weather Station, 2020 unmodified ten-minute observational data. AMRDC Data Repository, accessed DD-MM-YYYY, https://doi.org/10.48567/q666-9b38.",https://doi.org/10.48567/q666-9b38,https://www.nsf.gov/awardsearch/showAward?AWD_ID=1924730,"<a href=""https://orcid.org/0000-0002-4343-498X"">Matthew Lazzara</a>, <a href=""https://orcid.org/0000-0002-7466-5836"">Lee Welhouse</a>"
2020,"Lorne Automatic Weather Station, 2020 Reader format three-hour observational data.","Antarctic Meteorological Research and Data Center, 2020: Lorne Automatic Weather Station, 2020 unmodified ten-minute observational data. AMRDC Data Repository, accessed DD-MM-YYYY, https://doi.org/10.48567/x6ys-v283.",https://doi.org/10.48567/x6ys-v283,https://www.nsf.gov/awardsearch/showAward?AWD_ID=1924730,"<a href=""https://orcid.org/0000-0002-4343-498X"">Matthew Lazzara</a>, <a href=""https://orcid.org/0000-0002-7466-5836"">Lee Welhouse</a>"
2020,"Manuela Automatic Weather Station, 2020 Reader format three-hour observational data.","Antarctic Meteorological Research and Data Center, 2020: Manuela Automatic Weather Station, 2020 unmodified ten-minute observational data. AMRDC Data Repository, accessed DD-MM-YYYY, https://doi.org/10.48567/exhy-3377.",https://doi.org/10.48567/exhy-3377,https://www.nsf.gov/awardsearch/showAward?AWD_ID=1924730,"<a href=""https://orcid.org/0000-0002-4343-498X"">Matthew Lazzara</a>, <a href=""https://orcid.org/0000-0002-7466-5836"">Lee Welhouse</a>"
2020,"Marble Point Automatic Weather Station, 2020 Reader format three-hour observational data.","Antarctic Meteorological Research and Data Center, 2020: Marble Point Automatic Weather Station, 2020 unmodified ten-minute observational data. AMRDC Data Repository, accessed DD-MM-YYYY, https://doi.org/10.48567/v5kj-sp82.",https://doi.org/10.48567/v5kj-sp82,https://www.nsf.gov/awardsearch/showAward?AWD_ID=1924730,"<a href=""https://orcid.org/0000-0002-4343-498X"">Matthew Lazzara</a>, <a href=""https://orcid.org/0000-0002-7466-5836"">Lee Welhouse</a>"
2020,"Marble Point II Automatic Weather Station, 2020 Reader format three-hour observational data.","Antarctic Meteorological Research and Data Center, 2020: Marble Point II Automatic Weather Station, 2020 unmodified ten-minute observational data. AMRDC Data Repository, accessed DD-MM-YYYY, https://doi.org/10.48567/awyj-da87.",https://doi.org/10.48567/awyj-da87,https://www.nsf.gov/awardsearch/showAward?AWD_ID=1924730,"<a href=""https://orcid.org/0000-0002-4343-498X"">Matthew Lazzara</a>, <a href=""https://orcid.org/0000-0002-7466-5836"">Lee Welhouse</a>"
2020,"Margaret Automatic Weather Station, 2020 Reader format three-hour observational data.","Antarctic Meteorological Research and Data Center, 2020: Margaret Automatic Weather Station, 2020 unmodified ten-minute observational data. AMRDC Data Repository, accessed DD-MM-YYYY, https://doi.org/10.48567/6q8w-1952.",https://doi.org/10.48567/6q8w-1952,https://www.nsf.gov/awardsearch/showAward?AWD_ID=1924730,"<a href=""https://orcid.org/0000-0002-4343-498X"">Matthew Lazzara</a>, <a href=""https://orcid.org/0000-0002-7466-5836"">Lee Welhouse</a>"
2020,"Marilyn Automatic Weather Station, 2020 Reader format three-hour observational data.","Antarctic Meteorological Research and Data Center, 2020: Marilyn Automatic Weather Station, 2020 unmodified ten-minute observational data. AMRDC Data Repository, accessed DD-MM-YYYY, https://doi.org/10.48567/zvaa-9m25.",https://doi.org/10.48567/zvaa-9m25,https://www.nsf.gov/awardsearch/showAward?AWD_ID=1924730,"<a href=""https://orcid.org/0000-0002-4343-498X"">Matthew Lazzara</a>, <a href=""https://orcid.org/0000-0002-7466-5836"">Lee Welhouse</a>"
2020,"Minna Bluff Automatic Weather Station, 2020 Reader format three-hour observational data.","Antarctic Meteorological Research and Data Center, 2020: Minna Bluff Automatic Weather Station, 2020 unmodified ten-minute observational data. AMRDC Data Repository, accessed DD-MM-YYYY, https://doi.org/10.48567/bcjp-d570.",https://doi.org/10.48567/bcjp-d570,https://www.nsf.gov/awardsearch/showAward?AWD_ID=1924730,"<a href=""https://orcid.org/0000-0002-4343-498X"">Matthew Lazzara</a>, <a href=""https://orcid.org/0000-0002-7466-5836"">Lee Welhouse</a>"
2020,"Mizuho Automatic Weather Station, 2020 Reader format three-hour observational data.","Antarctic Meteorological Research and Data Center, 2020: Mizuho Automatic Weather Station, 2020 unmodified ten-minute observational data. AMRDC Data Repository, accessed DD-MM-YYYY, https://doi.org/10.48567/6w3g-df78.",https://doi.org/10.48567/6w3g-df78,https://www.nsf.gov/awardsearch/showAward?AWD_ID=1924730,"<a href=""https://orcid.org/0000-0002-4343-498X"">Matthew Lazzara</a>, <a href=""https://orcid.org/0000-0002-7466-5836"">Lee Welhouse</a>"
2020,"Nico Automatic Weather Station, 2020 Reader format three-hour observational data.","Antarctic Meteorological Research and Data Center, 2020: Nico Automatic Weather Station, 2020 unmodified ten-minute observational data. AMRDC Data Repository, accessed DD-MM-YYYY, https://doi.org/10.48567/ybaq-dz15.",https://doi.org/10.48567/ybaq-dz15,https://www.nsf.gov/awardsearch/showAward?AWD_ID=1924730,"<a href=""https://orcid.org/0000-0002-4343-498X"">Matthew Lazzara</a>, <a href=""https://orcid.org/0000-0002-7466-5836"">Lee Welhouse</a>"
2020,"PANDA-South Automatic Weather Station, 2020 Reader format three-hour observational data.","Antarctic Meteorological Research and Data Center, 2020: PANDA-South Automatic Weather Station, 2020 unmodified ten-minute observational data. AMRDC Data Repository, accessed DD-MM-YYYY, https://doi.org/10.48567/w3dg-sa63.",https://doi.org/10.48567/w3dg-sa63,https://www.nsf.gov/awardsearch/showAward?AWD_ID=1924730,"<a href=""https://orcid.org/0000-0002-4343-498X"">Matthew Lazzara</a>, <a href=""https://orcid.org/0000-0002-7466-5836"">Lee Welhouse</a>"
2020,"Phoenix Automatic Weather Station, 2020 Reader format three-hour observational data.","Antarctic Meteorological Research and Data Center, 2020: Phoenix Automatic Weather Station, 2020 unmodified ten-minute observational data. AMRDC Data Repository, accessed DD-MM-YYYY, https://doi.org/10.48567/z8m6-r272.",https://doi.org/10.48567/z8m6-r272,https://www.nsf.gov/awardsearch/showAward?AWD_ID=1924730,"<a href=""https://orcid.org/0000-0002-4343-498X"">Matthew Lazzara</a>, <a href=""https://orcid.org/0000-0002-7466-5836"">Lee Welhouse</a>"
2020,"Possession Island Automatic Weather Station, 2020 Reader format three-hour observational data.","Antarctic Meteorological Research and Data Center, 2020: Possession Island Automatic Weather Station, 2020 unmodified ten-minute observational data. AMRDC Data Repository, accessed DD-MM-YYYY, https://doi.org/10.48567/weda-xw11.",https://doi.org/10.48567/weda-xw11,https://www.nsf.gov/awardsearch/showAward?AWD_ID=1924730,"<a href=""https://orcid.org/0000-0002-4343-498X"">Matthew Lazzara</a>, <a href=""https://orcid.org/0000-0002-7466-5836"">Lee Welhouse</a>"
2020,"Relay Station Automatic Weather Station, 2020 Reader format three-hour observational data.","Antarctic Meteorological Research and Data Center, 2020: Relay Station Automatic Weather Station, 2020 unmodified ten-minute observational data. AMRDC Data Repository, accessed DD-MM-YYYY, https://doi.org/10.48567/cry4-8h85.",https://doi.org/10.48567/cry4-8h85,https://www.nsf.gov/awardsearch/showAward?AWD_ID=1924730,"<a href=""https://orcid.org/0000-0002-4343-498X"">Matthew Lazzara</a>, <a href=""https://orcid.org/0000-0002-7466-5836"">Lee Welhouse</a>"
2020,"Sabrina Automatic Weather Station, 2020 Reader format three-hour observational data.","Antarctic Meteorological Research and Data Center, 2020: Sabrina Automatic Weather Station, 2020 unmodified ten-minute observational data. AMRDC Data Repository, accessed DD-MM-YYYY, https://doi.org/10.48567/4kev-8s72.",https://doi.org/10.48567/4kev-8s72,https://www.nsf.gov/awardsearch/showAward?AWD_ID=1924730,"<a href=""https://orcid.org/0000-0002-4343-498X"">Matthew Lazzara</a>, <a href=""https://orcid.org/0000-0002-7466-5836"">Lee Welhouse</a>"
2020,"Schwerdtfeger Automatic Weather Station, 2020 Reader format three-hour observational data.","Antarctic Meteorological Research and Data Center, 2020: Schwerdtfeger Automatic Weather Station, 2020 unmodified ten-minute observational data. AMRDC Data Repository, accessed DD-MM-YYYY, https://doi.org/10.48567/n27r-ac47.",https://doi.org/10.48567/n27r-ac47,https://www.nsf.gov/awardsearch/showAward?AWD_ID=1924730,"<a href=""https://orcid.org/0000-0002-4343-498X"">Matthew Lazzara</a>, <a href=""https://orcid.org/0000-0002-7466-5836"">Lee Welhouse</a>"
2020,"Siple Dome Automatic Weather Station, 2020 Reader format three-hour observational data.","Antarctic Meteorological Research and Data Center, 2020: Siple Dome Automatic Weather Station, 2020 unmodified ten-minute observational data. AMRDC Data Repository, accessed DD-MM-YYYY, https://doi.org/10.48567/eema-f569.",https://doi.org/10.48567/eema-f569,https://www.nsf.gov/awardsearch/showAward?AWD_ID=1924730,"<a href=""https://orcid.org/0000-0002-4343-498X"">Matthew Lazzara</a>, <a href=""https://orcid.org/0000-0002-7466-5836"">Lee Welhouse</a>"
2020,"Theresa Automatic Weather Station, 2020 Reader format three-hour observational data.","Antarctic Meteorological Research and Data Center, 2020: Theresa Automatic Weather Station, 2020 unmodified ten-minute observational data. AMRDC Data Repository, accessed DD-MM-YYYY, https://doi.org/10.48567/z365-tz65.",https://doi.org/10.48567/z365-tz65,https://www.nsf.gov/awardsearch/showAward?AWD_ID=1924730,"<a href=""https://orcid.org/0000-0002-4343-498X"">Matthew Lazzara</a>, <a href=""https://orcid.org/0000-0002-7466-5836"">Lee Welhouse</a>"
2020,"Thurston Island Automatic Weather Station, 2020 Reader format three-hour observational data.","Antarctic Meteorological Research and Data Center, 2020: Thurston Island Automatic Weather Station, 2020 unmodified ten-minute observational data. AMRDC Data Repository, accessed DD-MM-YYYY, https://doi.org/10.48567/n95p-8559.",https://doi.org/10.48567/n95p-8559,https://www.nsf.gov/awardsearch/showAward?AWD_ID=1924730,"<a href=""https://orcid.org/0000-0002-4343-498X"">Matthew Lazzara</a>, <a href=""https://orcid.org/0000-0002-7466-5836"">Lee Welhouse</a>"
2020,"Vito Automatic Weather Station, 2020 Reader format three-hour observational data.","Antarctic Meteorological Research and Data Center, 2020: Vito Automatic Weather Station, 2020 unmodified ten-minute observational data. AMRDC Data Repository, accessed DD-MM-YYYY, https://doi.org/10.48567/htb7-y386.",https://doi.org/10.48567/htb7-y386,https://www.nsf.gov/awardsearch/showAward?AWD_ID=1924730,"<a href=""https://orcid.org/0000-0002-4343-498X"">Matthew Lazzara</a>, <a href=""https://orcid.org/0000-0002-7466-5836"">Lee Welhouse</a>"
2020,"White Island Automatic Weather Station, 2020 Reader format three-hour observational data.","Antarctic Meteorological Research and Data Center, 2020: White Island Automatic Weather Station, 2020 unmodified ten-minute observational data. AMRDC Data Repository, accessed DD-MM-YYYY, https://doi.org/10.48567/9r1s-t794.",https://doi.org/10.48567/9r1s-t794,https://www.nsf.gov/awardsearch/showAward?AWD_ID=1924730,"<a href=""https://orcid.org/0000-0002-4343-498X"">Matthew Lazzara</a>, <a href=""https://orcid.org/0000-0002-7466-5836"">Lee Welhouse</a>"
2020,"Whitlock Automatic Weather Station, 2020 Reader format three-hour observational data.","Antarctic Meteorological Research and Data Center, 2020: Whitlock Automatic Weather Station, 2020 unmodified ten-minute observational data. AMRDC Data Repository, accessed DD-MM-YYYY, https://doi.org/10.48567/srky-ts07.",https://doi.org/10.48567/srky-ts07,https://www.nsf.gov/awardsearch/showAward?AWD_ID=1924730,"<a href=""https://orcid.org/0000-0002-4343-498X"">Matthew Lazzara</a>, <a href=""https://orcid.org/0000-0002-7466-5836"">Lee Welhouse</a>"
2020,"Willie Field Automatic Weather Station, 2020 Reader format three-hour observational data.","Antarctic Meteorological Research and Data Center, 2020: Willie Field Automatic Weather Station, 2020 unmodified ten-minute observational data. AMRDC Data Repository, accessed DD-MM-YYYY, https://doi.org/10.48567/y7n0-5h76.",https://doi.org/10.48567/y7n0-5h76,https://www.nsf.gov/awardsearch/showAward?AWD_ID=1924730,"<a href=""https://orcid.org/0000-0002-4343-498X"">Matthew Lazzara</a>, <a href=""https://orcid.org/0000-0002-7466-5836"">Lee Welhouse</a>"
2020,"Windless Bight Automatic Weather Station, 2020 Reader format three-hour observational data.","Antarctic Meteorological Research and Data Center, 2020: Windless Bight Automatic Weather Station, 2020 unmodified ten-minute observational data. AMRDC Data Repository, accessed DD-MM-YYYY, https://doi.org/10.48567/24ky-yt36.",https://doi.org/10.48567/24ky-yt36,https://www.nsf.gov/awardsearch/showAward?AWD_ID=1924730,"<a href=""https://orcid.org/0000-0002-4343-498X"">Matthew Lazzara</a>, <a href=""https://orcid.org/0000-0002-7466-5836"">Lee Welhouse</a>"
