2019,"AGO-4 Automatic Weather Station, 2019 Reader format three-hour observational data.","Antarctic Meteorological Research and Data Center, 2019: AGO-4 Automatic Weather Station, 2019 unmodified ten-minute observational data. AMRDC Data Repository, accessed DD-MM-YYYY, https://doi.org/10.48567/9pen-r917.",https://doi.org/10.48567/9pen-r917,https://www.nsf.gov/awardsearch/showAward?AWD_ID=1924730,"<a href=""https://orcid.org/0000-0002-4343-498X"">Matthew Lazzara</a>, <a href=""https://orcid.org/0000-0002-7466-5836"">Lee Welhouse</a>, Mark Kulie"
2019,"Austin Automatic Weather Station, 2019 Reader format three-hour observational data.","Antarctic Meteorological Research and Data Center, 2019: Austin Automatic Weather Station, 2019 unmodified ten-minute observational data. AMRDC Data Repository, accessed DD-MM-YYYY, https://doi.org/10.48567/7111-1q43.",https://doi.org/10.48567/7111-1q43,https://www.nsf.gov/awardsearch/showAward?AWD_ID=1924730,"<a href=""https://orcid.org/0000-0002-4343-498X"">Matthew Lazzara</a>, <a href=""https://orcid.org/0000-0002-7466-5836"">Lee Welhouse</a>, Mark Kulie"
2019,"Baldrick Automatic Weather Station, 2019 Reader format three-hour observational data.","Antarctic Meteorological Research and Data Center, 2019: Baldrick Automatic Weather Station, 2019 unmodified ten-minute observational data. AMRDC Data Repository, accessed DD-MM-YYYY, https://doi.org/10.48567/79d6-4m40.",https://doi.org/10.48567/79d6-4m40,https://www.nsf.gov/awardsearch/showAward?AWD_ID=1924730,"<a href=""https://orcid.org/0000-0002-4343-498X"">Matthew Lazzara</a>, <a href=""https://orcid.org/0000-0002-7466-5836"">Lee Welhouse</a>, Mark Kulie"
2019,"Bear Peninsula Automatic Weather Station, 2019 Reader format three-hour observational data.","Antarctic Meteorological Research and Data Center, 2019: Bear Peninsula Automatic Weather Station, 2019 unmodified ten-minute observational data. AMRDC Data Repository, accessed DD-MM-YYYY, https://doi.org/10.48567/3q15-2y22.",https://doi.org/10.48567/3q15-2y22,https://www.nsf.gov/awardsearch/showAward?AWD_ID=1924730,"<a href=""https://orcid.org/0000-0002-4343-498X"">Matthew Lazzara</a>, <a href=""https://orcid.org/0000-0002-7466-5836"">Lee Welhouse</a>, Mark Kulie"
2019,"Byrd Automatic Weather Station, 2019 Reader format three-hour observational data.","Antarctic Meteorological Research and Data Center, 2019: Byrd Automatic Weather Station, 2019 unmodified ten-minute observational data. AMRDC Data Repository, accessed DD-MM-YYYY, https://doi.org/10.48567/0vct-jy50.",https://doi.org/10.48567/0vct-jy50,https://www.nsf.gov/awardsearch/showAward?AWD_ID=1924730,"<a href=""https://orcid.org/0000-0002-4343-498X"">Matthew Lazzara</a>, <a href=""https://orcid.org/0000-0002-7466-5836"">Lee Welhouse</a>, Mark Kulie"
2019,"Cape Bird Automatic Weather Station, 2019 Reader format three-hour observational data.","Antarctic Meteorological Research and Data Center, 2019: Cape Bird Automatic Weather Station, 2019 unmodified ten-minute observational data. AMRDC Data Repository, accessed DD-MM-YYYY, https://doi.org/10.48567/wqgg-rq19.",https://doi.org/10.48567/wqgg-rq19,https://www.nsf.gov/awardsearch/showAward?AWD_ID=1924730,"<a href=""https://orcid.org/0000-0002-4343-498X"">Matthew Lazzara</a>, <a href=""https://orcid.org/0000-0002-7466-5836"">Lee Welhouse</a>, Mark Kulie"
2019,"Cape Hallett Automatic Weather Station, 2019 Reader format three-hour observational data.","Antarctic Meteorological Research and Data Center, 2019: Cape Hallett Automatic Weather Station, 2019 unmodified ten-minute observational data. AMRDC Data Repository, accessed DD-MM-YYYY, https://doi.org/10.48567/1v4b-xt40.",https://doi.org/10.48567/1v4b-xt40,https://www.nsf.gov/awardsearch/showAward?AWD_ID=1924730,"<a href=""https://orcid.org/0000-0002-4343-498X"">Matthew Lazzara</a>, <a href=""https://orcid.org/0000-0002-7466-5836"">Lee Welhouse</a>, Mark Kulie"
2019,"D-10 Automatic Weather Station, 2019 Reader format three-hour observational data.","Antarctic Meteorological Research and Data Center, 2019: D-10 Automatic Weather Station, 2019 unmodified ten-minute observational data. AMRDC Data Repository, accessed DD-MM-YYYY, https://doi.org/10.48567/rp1t-0s75.",https://doi.org/10.48567/rp1t-0s75,https://www.nsf.gov/awardsearch/showAward?AWD_ID=1924730,"<a href=""https://orcid.org/0000-0002-4343-498X"">Matthew Lazzara</a>, <a href=""https://orcid.org/0000-0002-7466-5836"">Lee Welhouse</a>, Mark Kulie"
2019,"D-47 Automatic Weather Station, 2019 Reader format three-hour observational data.","Antarctic Meteorological Research and Data Center, 2019: D-47 Automatic Weather Station, 2019 unmodified ten-minute observational data. AMRDC Data Repository, accessed DD-MM-YYYY, https://doi.org/10.48567/kxs3-kc52.",https://doi.org/10.48567/kxs3-kc52,https://www.nsf.gov/awardsearch/showAward?AWD_ID=1924730,"<a href=""https://orcid.org/0000-0002-4343-498X"">Matthew Lazzara</a>, <a href=""https://orcid.org/0000-0002-7466-5836"">Lee Welhouse</a>, Mark Kulie"
2019,"D-85 Automatic Weather Station, 2019 Reader format three-hour observational data.","Antarctic Meteorological Research and Data Center, 2019: D-85 Automatic Weather Station, 2019 unmodified ten-minute observational data. AMRDC Data Repository, accessed DD-MM-YYYY, https://doi.org/10.48567/vvxf-nv14.",https://doi.org/10.48567/vvxf-nv14,https://www.nsf.gov/awardsearch/showAward?AWD_ID=1924730,"<a href=""https://orcid.org/0000-0002-4343-498X"">Matthew Lazzara</a>, <a href=""https://orcid.org/0000-0002-7466-5836"">Lee Welhouse</a>, Mark Kulie"
2019,"Dismal Island Automatic Weather Station, 2019 Reader format three-hour observational data.","Antarctic Meteorological Research and Data Center, 2019: Dismal Island Automatic Weather Station, 2019 unmodified ten-minute observational data. AMRDC Data Repository, accessed DD-MM-YYYY, https://doi.org/10.48567/dest-k476.",https://doi.org/10.48567/dest-k476,https://www.nsf.gov/awardsearch/showAward?AWD_ID=1924730,"<a href=""https://orcid.org/0000-0002-4343-498X"">Matthew Lazzara</a>, <a href=""https://orcid.org/0000-0002-7466-5836"">Lee Welhouse</a>, Mark Kulie"
2019,"Dome C II Automatic Weather Station, 2019 Reader format three-hour observational data.","Antarctic Meteorological Research and Data Center, 2019: Dome C II Automatic Weather Station, 2019 unmodified ten-minute observational data. AMRDC Data Repository, accessed DD-MM-YYYY, https://doi.org/10.48567/abe6-ra29.",https://doi.org/10.48567/abe6-ra29,https://www.nsf.gov/awardsearch/showAward?AWD_ID=1924730,"<a href=""https://orcid.org/0000-0002-4343-498X"">Matthew Lazzara</a>, <a href=""https://orcid.org/0000-0002-7466-5836"">Lee Welhouse</a>, Mark Kulie"
2019,"Dome Fuji Automatic Weather Station, 2019 Reader format three-hour observational data.","Antarctic Meteorological Research and Data Center, 2019: Dome Fuji Automatic Weather Station, 2019 unmodified ten-minute observational data. AMRDC Data Repository, accessed DD-MM-YYYY, https://doi.org/10.48567/dd79-gw55.",https://doi.org/10.48567/dd79-gw55,https://www.nsf.gov/awardsearch/showAward?AWD_ID=1924730,"<a href=""https://orcid.org/0000-0002-4343-498X"">Matthew Lazzara</a>, <a href=""https://orcid.org/0000-0002-7466-5836"">Lee Welhouse</a>, Mark Kulie"
2019,"Elaine Automatic Weather Station, 2019 Reader format three-hour observational data.","Antarctic Meteorological Research and Data Center, 2019: Elaine Automatic Weather Station, 2019 unmodified ten-minute observational data. AMRDC Data Repository, accessed DD-MM-YYYY, https://doi.org/10.48567/70er-ga98.",https://doi.org/10.48567/70er-ga98,https://www.nsf.gov/awardsearch/showAward?AWD_ID=1924730,"<a href=""https://orcid.org/0000-0002-4343-498X"">Matthew Lazzara</a>, <a href=""https://orcid.org/0000-0002-7466-5836"">Lee Welhouse</a>, Mark Kulie"
2019,"Elizabeth Automatic Weather Station, 2019 Reader format three-hour observational data.","Antarctic Meteorological Research and Data Center, 2019: Elizabeth Automatic Weather Station, 2019 unmodified ten-minute observational data. AMRDC Data Repository, accessed DD-MM-YYYY, https://doi.org/10.48567/097m-3084.",https://doi.org/10.48567/097m-3084,https://www.nsf.gov/awardsearch/showAward?AWD_ID=1924730,"<a href=""https://orcid.org/0000-0002-4343-498X"">Matthew Lazzara</a>, <a href=""https://orcid.org/0000-0002-7466-5836"">Lee Welhouse</a>, Mark Kulie"
2019,"Emilia Automatic Weather Station, 2019 Reader format three-hour observational data.","Antarctic Meteorological Research and Data Center, 2019: Emilia Automatic Weather Station, 2019 unmodified ten-minute observational data. AMRDC Data Repository, accessed DD-MM-YYYY, https://doi.org/10.48567/01nr-0915.",https://doi.org/10.48567/01nr-0915,https://www.nsf.gov/awardsearch/showAward?AWD_ID=1924730,"<a href=""https://orcid.org/0000-0002-4343-498X"">Matthew Lazzara</a>, <a href=""https://orcid.org/0000-0002-7466-5836"">Lee Welhouse</a>, Mark Kulie"
2019,"Emma Automatic Weather Station, 2019 Reader format three-hour observational data.","Antarctic Meteorological Research and Data Center, 2019: Emma Automatic Weather Station, 2019 unmodified ten-minute observational data. AMRDC Data Repository, accessed DD-MM-YYYY, https://doi.org/10.48567/vt6r-6x27.",https://doi.org/10.48567/vt6r-6x27,https://www.nsf.gov/awardsearch/showAward?AWD_ID=1924730,"<a href=""https://orcid.org/0000-0002-4343-498X"">Matthew Lazzara</a>, <a href=""https://orcid.org/0000-0002-7466-5836"">Lee Welhouse</a>, Mark Kulie"
2019,"Erin Automatic Weather Station, 2019 Reader format three-hour observational data.","Antarctic Meteorological Research and Data Center, 2019: Erin Automatic Weather Station, 2019 unmodified ten-minute observational data. AMRDC Data Repository, accessed DD-MM-YYYY, https://doi.org/10.48567/jcqr-7r92.",https://doi.org/10.48567/jcqr-7r92,https://www.nsf.gov/awardsearch/showAward?AWD_ID=1924730,"<a href=""https://orcid.org/0000-0002-4343-498X"">Matthew Lazzara</a>, <a href=""https://orcid.org/0000-0002-7466-5836"">Lee Welhouse</a>, Mark Kulie"
2019,"Evans Knoll Automatic Weather Station, 2019 Reader format three-hour observational data.","Antarctic Meteorological Research and Data Center, 2019: Evans Knoll Automatic Weather Station, 2019 unmodified ten-minute observational data. AMRDC Data Repository, accessed DD-MM-YYYY, https://doi.org/10.48567/mjjq-7251.",https://doi.org/10.48567/mjjq-7251,https://www.nsf.gov/awardsearch/showAward?AWD_ID=1924730,"<a href=""https://orcid.org/0000-0002-4343-498X"">Matthew Lazzara</a>, <a href=""https://orcid.org/0000-0002-7466-5836"">Lee Welhouse</a>, Mark Kulie"
2019,"Ferrell Automatic Weather Station, 2019 Reader format three-hour observational data.","Antarctic Meteorological Research and Data Center, 2019: Ferrell Automatic Weather Station, 2019 unmodified ten-minute observational data. AMRDC Data Repository, accessed DD-MM-YYYY, https://doi.org/10.48567/2pwa-ag53.",https://doi.org/10.48567/2pwa-ag53,https://www.nsf.gov/awardsearch/showAward?AWD_ID=1924730,"<a href=""https://orcid.org/0000-0002-4343-498X"">Matthew Lazzara</a>, <a href=""https://orcid.org/0000-0002-7466-5836"">Lee Welhouse</a>, Mark Kulie"
2019,"Gill Automatic Weather Station, 2019 Reader format three-hour observational data.","Antarctic Meteorological Research and Data Center, 2019: Gill Automatic Weather Station, 2019 unmodified ten-minute observational data. AMRDC Data Repository, accessed DD-MM-YYYY, https://doi.org/10.48567/fhtq-2h33.",https://doi.org/10.48567/fhtq-2h33,https://www.nsf.gov/awardsearch/showAward?AWD_ID=1924730,"<a href=""https://orcid.org/0000-0002-4343-498X"">Matthew Lazzara</a>, <a href=""https://orcid.org/0000-0002-7466-5836"">Lee Welhouse</a>, Mark Kulie"
2019,"Harry Automatic Weather Station, 2019 Reader format three-hour observational data.","Antarctic Meteorological Research and Data Center, 2019: Harry Automatic Weather Station, 2019 unmodified ten-minute observational data. AMRDC Data Repository, accessed DD-MM-YYYY, https://doi.org/10.48567/6sjx-3132.",https://doi.org/10.48567/6sjx-3132,https://www.nsf.gov/awardsearch/showAward?AWD_ID=1924730,"<a href=""https://orcid.org/0000-0002-4343-498X"">Matthew Lazzara</a>, <a href=""https://orcid.org/0000-0002-7466-5836"">Lee Welhouse</a>, Mark Kulie"
2019,"Henry Automatic Weather Station, 2019 Reader format three-hour observational data.","Antarctic Meteorological Research and Data Center, 2019: Henry Automatic Weather Station, 2019 unmodified ten-minute observational data. AMRDC Data Repository, accessed DD-MM-YYYY, https://doi.org/10.48567/6zq2-fp55.",https://doi.org/10.48567/6zq2-fp55,https://www.nsf.gov/awardsearch/showAward?AWD_ID=1924730,"<a href=""https://orcid.org/0000-0002-4343-498X"">Matthew Lazzara</a>, <a href=""https://orcid.org/0000-0002-7466-5836"">Lee Welhouse</a>, Mark Kulie"
2019,"JASE2007 Automatic Weather Station, 2019 Reader format three-hour observational data.","Antarctic Meteorological Research and Data Center, 2019: JASE2007 Automatic Weather Station, 2019 unmodified ten-minute observational data. AMRDC Data Repository, accessed DD-MM-YYYY, https://doi.org/10.48567/rr7c-j881.",https://doi.org/10.48567/rr7c-j881,https://www.nsf.gov/awardsearch/showAward?AWD_ID=1924730,"<a href=""https://orcid.org/0000-0002-4343-498X"">Matthew Lazzara</a>, <a href=""https://orcid.org/0000-0002-7466-5836"">Lee Welhouse</a>, Mark Kulie"
2019,"Janet Automatic Weather Station, 2019 Reader format three-hour observational data.","Antarctic Meteorological Research and Data Center, 2019: Janet Automatic Weather Station, 2019 unmodified ten-minute observational data. AMRDC Data Repository, accessed DD-MM-YYYY, https://doi.org/10.48567/c3z1-7h32.",https://doi.org/10.48567/c3z1-7h32,https://www.nsf.gov/awardsearch/showAward?AWD_ID=1924730,"<a href=""https://orcid.org/0000-0002-4343-498X"">Matthew Lazzara</a>, <a href=""https://orcid.org/0000-0002-7466-5836"">Lee Welhouse</a>, Mark Kulie"
2019,"Kathie Automatic Weather Station, 2019 Reader format three-hour observational data.","Antarctic Meteorological Research and Data Center, 2019: Kathie Automatic Weather Station, 2019 unmodified ten-minute observational data. AMRDC Data Repository, accessed DD-MM-YYYY, https://doi.org/10.48567/z3p2-qm87.",https://doi.org/10.48567/z3p2-qm87,https://www.nsf.gov/awardsearch/showAward?AWD_ID=1924730,"<a href=""https://orcid.org/0000-0002-4343-498X"">Matthew Lazzara</a>, <a href=""https://orcid.org/0000-0002-7466-5836"">Lee Welhouse</a>, Mark Kulie"
2019,"Kominko-Slade Automatic Weather Station, 2019 Reader format three-hour observational data.","Antarctic Meteorological Research and Data Center, 2019: Kominko-Slade Automatic Weather Station, 2019 unmodified ten-minute observational data. AMRDC Data Repository, accessed DD-MM-YYYY, https://doi.org/10.48567/k5gz-8337.",https://doi.org/10.48567/k5gz-8337,https://www.nsf.gov/awardsearch/showAward?AWD_ID=1924730,"<a href=""https://orcid.org/0000-0002-4343-498X"">Matthew Lazzara</a>, <a href=""https://orcid.org/0000-0002-7466-5836"">Lee Welhouse</a>, Mark Kulie"
2019,"Laurie II Automatic Weather Station, 2019 Reader format three-hour observational data.","Antarctic Meteorological Research and Data Center, 2019: Laurie II Automatic Weather Station, 2019 unmodified ten-minute observational data. AMRDC Data Repository, accessed DD-MM-YYYY, https://doi.org/10.48567/b197-vq38.",https://doi.org/10.48567/b197-vq38,https://www.nsf.gov/awardsearch/showAward?AWD_ID=1924730,"<a href=""https://orcid.org/0000-0002-4343-498X"">Matthew Lazzara</a>, <a href=""https://orcid.org/0000-0002-7466-5836"">Lee Welhouse</a>, Mark Kulie"
2019,"Lettau Automatic Weather Station, 2019 Reader format three-hour observational data.","Antarctic Meteorological Research and Data Center, 2019: Lettau Automatic Weather Station, 2019 unmodified ten-minute observational data. AMRDC Data Repository, accessed DD-MM-YYYY, https://doi.org/10.48567/fwma-ry48.",https://doi.org/10.48567/fwma-ry48,https://www.nsf.gov/awardsearch/showAward?AWD_ID=1924730,"<a href=""https://orcid.org/0000-0002-4343-498X"">Matthew Lazzara</a>, <a href=""https://orcid.org/0000-0002-7466-5836"">Lee Welhouse</a>, Mark Kulie"
2019,"Linda Automatic Weather Station, 2019 Reader format three-hour observational data.","Antarctic Meteorological Research and Data Center, 2019: Linda Automatic Weather Station, 2019 unmodified ten-minute observational data. AMRDC Data Repository, accessed DD-MM-YYYY, https://doi.org/10.48567/nrs1-8697.",https://doi.org/10.48567/nrs1-8697,https://www.nsf.gov/awardsearch/showAward?AWD_ID=1924730,"<a href=""https://orcid.org/0000-0002-4343-498X"">Matthew Lazzara</a>, <a href=""https://orcid.org/0000-0002-7466-5836"">Lee Welhouse</a>, Mark Kulie"
2019,"Lorne Automatic Weather Station, 2019 Reader format three-hour observational data.","Antarctic Meteorological Research and Data Center, 2019: Lorne Automatic Weather Station, 2019 unmodified ten-minute observational data. AMRDC Data Repository, accessed DD-MM-YYYY, https://doi.org/10.48567/9tke-pq44.",https://doi.org/10.48567/9tke-pq44,https://www.nsf.gov/awardsearch/showAward?AWD_ID=1924730,"<a href=""https://orcid.org/0000-0002-4343-498X"">Matthew Lazzara</a>, <a href=""https://orcid.org/0000-0002-7466-5836"">Lee Welhouse</a>, Mark Kulie"
2019,"Manuela Automatic Weather Station, 2019 Reader format three-hour observational data.","Antarctic Meteorological Research and Data Center, 2019: Manuela Automatic Weather Station, 2019 unmodified ten-minute observational data. AMRDC Data Repository, accessed DD-MM-YYYY, https://doi.org/10.48567/2dve-mf11.",https://doi.org/10.48567/2dve-mf11,https://www.nsf.gov/awardsearch/showAward?AWD_ID=1924730,"<a href=""https://orcid.org/0000-0002-4343-498X"">Matthew Lazzara</a>, <a href=""https://orcid.org/0000-0002-7466-5836"">Lee Welhouse</a>, Mark Kulie"
2019,"Marble Point Automatic Weather Station, 2019 Reader format three-hour observational data.","Antarctic Meteorological Research and Data Center, 2019: Marble Point Automatic Weather Station, 2019 unmodified ten-minute observational data. AMRDC Data Repository, accessed DD-MM-YYYY, https://doi.org/10.48567/zew2-z572.",https://doi.org/10.48567/zew2-z572,https://www.nsf.gov/awardsearch/showAward?AWD_ID=1924730,"<a href=""https://orcid.org/0000-0002-4343-498X"">Matthew Lazzara</a>, <a href=""https://orcid.org/0000-0002-7466-5836"">Lee Welhouse</a>, Mark Kulie"
2019,"Marble Point II Automatic Weather Station, 2019 Reader format three-hour observational data.","Antarctic Meteorological Research and Data Center, 2019: Marble Point II Automatic Weather Station, 2019 unmodified ten-minute observational data. AMRDC Data Repository, accessed DD-MM-YYYY, https://doi.org/10.48567/87h0-eg31.",https://doi.org/10.48567/87h0-eg31,https://www.nsf.gov/awardsearch/showAward?AWD_ID=1924730,"<a href=""https://orcid.org/0000-0002-4343-498X"">Matthew Lazzara</a>, <a href=""https://orcid.org/0000-0002-7466-5836"">Lee Welhouse</a>, Mark Kulie"
2019,"Margaret Automatic Weather Station, 2019 Reader format three-hour observational data.","Antarctic Meteorological Research and Data Center, 2019: Margaret Automatic Weather Station, 2019 unmodified ten-minute observational data. AMRDC Data Repository, accessed DD-MM-YYYY, https://doi.org/10.48567/rvdn-2p96.",https://doi.org/10.48567/rvdn-2p96,https://www.nsf.gov/awardsearch/showAward?AWD_ID=1924730,"<a href=""https://orcid.org/0000-0002-4343-498X"">Matthew Lazzara</a>, <a href=""https://orcid.org/0000-0002-7466-5836"">Lee Welhouse</a>, Mark Kulie"
2019,"Marilyn Automatic Weather Station, 2019 Reader format three-hour observational data.","Antarctic Meteorological Research and Data Center, 2019: Marilyn Automatic Weather Station, 2019 unmodified ten-minute observational data. AMRDC Data Repository, accessed DD-MM-YYYY, https://doi.org/10.48567/2nkz-d987.",https://doi.org/10.48567/2nkz-d987,https://www.nsf.gov/awardsearch/showAward?AWD_ID=1924730,"<a href=""https://orcid.org/0000-0002-4343-498X"">Matthew Lazzara</a>, <a href=""https://orcid.org/0000-0002-7466-5836"">Lee Welhouse</a>, Mark Kulie"
2019,"Minna Bluff Automatic Weather Station, 2019 Reader format three-hour observational data.","Antarctic Meteorological Research and Data Center, 2019: Minna Bluff Automatic Weather Station, 2019 unmodified ten-minute observational data. AMRDC Data Repository, accessed DD-MM-YYYY, https://doi.org/10.48567/1tpz-xv18.",https://doi.org/10.48567/1tpz-xv18,https://www.nsf.gov/awardsearch/showAward?AWD_ID=1924730,"<a href=""https://orcid.org/0000-0002-4343-498X"">Matthew Lazzara</a>, <a href=""https://orcid.org/0000-0002-7466-5836"">Lee Welhouse</a>, Mark Kulie"
2019,"Mizuho Automatic Weather Station, 2019 Reader format three-hour observational data.","Antarctic Meteorological Research and Data Center, 2019: Mizuho Automatic Weather Station, 2019 unmodified ten-minute observational data. AMRDC Data Repository, accessed DD-MM-YYYY, https://doi.org/10.48567/f67s-p698.",https://doi.org/10.48567/f67s-p698,https://www.nsf.gov/awardsearch/showAward?AWD_ID=1924730,"<a href=""https://orcid.org/0000-0002-4343-498X"">Matthew Lazzara</a>, <a href=""https://orcid.org/0000-0002-7466-5836"">Lee Welhouse</a>, Mark Kulie"
2019,"Mount Siple Automatic Weather Station, 2019 Reader format three-hour observational data.","Antarctic Meteorological Research and Data Center, 2019: Mount Siple Automatic Weather Station, 2019 unmodified ten-minute observational data. AMRDC Data Repository, accessed DD-MM-YYYY, https://doi.org/10.48567/jc6d-2k93.",https://doi.org/10.48567/jc6d-2k93,https://www.nsf.gov/awardsearch/showAward?AWD_ID=1924730,"<a href=""https://orcid.org/0000-0002-4343-498X"">Matthew Lazzara</a>, <a href=""https://orcid.org/0000-0002-7466-5836"">Lee Welhouse</a>, Mark Kulie"
2019,"Nico Automatic Weather Station, 2019 Reader format three-hour observational data.","Antarctic Meteorological Research and Data Center, 2019: Nico Automatic Weather Station, 2019 unmodified ten-minute observational data. AMRDC Data Repository, accessed DD-MM-YYYY, https://doi.org/10.48567/bfrd-5j05.",https://doi.org/10.48567/bfrd-5j05,https://www.nsf.gov/awardsearch/showAward?AWD_ID=1924730,"<a href=""https://orcid.org/0000-0002-4343-498X"">Matthew Lazzara</a>, <a href=""https://orcid.org/0000-0002-7466-5836"">Lee Welhouse</a>, Mark Kulie"
2019,"PANDA-South Automatic Weather Station, 2019 Reader format three-hour observational data.","Antarctic Meteorological Research and Data Center, 2019: PANDA-South Automatic Weather Station, 2019 unmodified ten-minute observational data. AMRDC Data Repository, accessed DD-MM-YYYY, https://doi.org/10.48567/zr6k-pd88.",https://doi.org/10.48567/zr6k-pd88,https://www.nsf.gov/awardsearch/showAward?AWD_ID=1924730,"<a href=""https://orcid.org/0000-0002-4343-498X"">Matthew Lazzara</a>, <a href=""https://orcid.org/0000-0002-7466-5836"">Lee Welhouse</a>, Mark Kulie"
2019,"Phoenix Automatic Weather Station, 2019 Reader format three-hour observational data.","Antarctic Meteorological Research and Data Center, 2019: Phoenix Automatic Weather Station, 2019 unmodified ten-minute observational data. AMRDC Data Repository, accessed DD-MM-YYYY, https://doi.org/10.48567/g638-2c82.",https://doi.org/10.48567/g638-2c82,https://www.nsf.gov/awardsearch/showAward?AWD_ID=1924730,"<a href=""https://orcid.org/0000-0002-4343-498X"">Matthew Lazzara</a>, <a href=""https://orcid.org/0000-0002-7466-5836"">Lee Welhouse</a>, Mark Kulie"
2019,"Possession Island Automatic Weather Station, 2019 Reader format three-hour observational data.","Antarctic Meteorological Research and Data Center, 2019: Possession Island Automatic Weather Station, 2019 unmodified ten-minute observational data. AMRDC Data Repository, accessed DD-MM-YYYY, https://doi.org/10.48567/dmh0-kk17.",https://doi.org/10.48567/dmh0-kk17,https://www.nsf.gov/awardsearch/showAward?AWD_ID=1924730,"<a href=""https://orcid.org/0000-0002-4343-498X"">Matthew Lazzara</a>, <a href=""https://orcid.org/0000-0002-7466-5836"">Lee Welhouse</a>, Mark Kulie"
2019,"Relay Station Automatic Weather Station, 2019 Reader format three-hour observational data.","Antarctic Meteorological Research and Data Center, 2019: Relay Station Automatic Weather Station, 2019 unmodified ten-minute observational data. AMRDC Data Repository, accessed DD-MM-YYYY, https://doi.org/10.48567/96mw-sg57.",https://doi.org/10.48567/96mw-sg57,https://www.nsf.gov/awardsearch/showAward?AWD_ID=1924730,"<a href=""https://orcid.org/0000-0002-4343-498X"">Matthew Lazzara</a>, <a href=""https://orcid.org/0000-0002-7466-5836"">Lee Welhouse</a>, Mark Kulie"
2019,"Sabrina Automatic Weather Station, 2019 Reader format three-hour observational data.","Antarctic Meteorological Research and Data Center, 2019: Sabrina Automatic Weather Station, 2019 unmodified ten-minute observational data. AMRDC Data Repository, accessed DD-MM-YYYY, https://doi.org/10.48567/h3w3-f993.",https://doi.org/10.48567/h3w3-f993,https://www.nsf.gov/awardsearch/showAward?AWD_ID=1924730,"<a href=""https://orcid.org/0000-0002-4343-498X"">Matthew Lazzara</a>, <a href=""https://orcid.org/0000-0002-7466-5836"">Lee Welhouse</a>, Mark Kulie"
2019,"Schwerdtfeger Automatic Weather Station, 2019 Reader format three-hour observational data.","Antarctic Meteorological Research and Data Center, 2019: Schwerdtfeger Automatic Weather Station, 2019 unmodified ten-minute observational data. AMRDC Data Repository, accessed DD-MM-YYYY, https://doi.org/10.48567/gcyq-n221.",https://doi.org/10.48567/gcyq-n221,https://www.nsf.gov/awardsearch/showAward?AWD_ID=1924730,"<a href=""https://orcid.org/0000-0002-4343-498X"">Matthew Lazzara</a>, <a href=""https://orcid.org/0000-0002-7466-5836"">Lee Welhouse</a>, Mark Kulie"
2019,"Siple Dome Automatic Weather Station, 2019 Reader format three-hour observational data.","Antarctic Meteorological Research and Data Center, 2019: Siple Dome Automatic Weather Station, 2019 unmodified ten-minute observational data. AMRDC Data Repository, accessed DD-MM-YYYY, https://doi.org/10.48567/pxc6-r766.",https://doi.org/10.48567/pxc6-r766,https://www.nsf.gov/awardsearch/showAward?AWD_ID=1924730,"<a href=""https://orcid.org/0000-0002-4343-498X"">Matthew Lazzara</a>, <a href=""https://orcid.org/0000-0002-7466-5836"">Lee Welhouse</a>, Mark Kulie"
2019,"Theresa Automatic Weather Station, 2019 Reader format three-hour observational data.","Antarctic Meteorological Research and Data Center, 2019: Theresa Automatic Weather Station, 2019 unmodified ten-minute observational data. AMRDC Data Repository, accessed DD-MM-YYYY, https://doi.org/10.48567/q4rc-r413.",https://doi.org/10.48567/q4rc-r413,https://www.nsf.gov/awardsearch/showAward?AWD_ID=1924730,"<a href=""https://orcid.org/0000-0002-4343-498X"">Matthew Lazzara</a>, <a href=""https://orcid.org/0000-0002-7466-5836"">Lee Welhouse</a>, Mark Kulie"
2019,"Thurston Island Automatic Weather Station, 2019 Reader format three-hour observational data.","Antarctic Meteorological Research and Data Center, 2019: Thurston Island Automatic Weather Station, 2019 unmodified ten-minute observational data. AMRDC Data Repository, accessed DD-MM-YYYY, https://doi.org/10.48567/xqts-jw56.",https://doi.org/10.48567/xqts-jw56,https://www.nsf.gov/awardsearch/showAward?AWD_ID=1924730,"<a href=""https://orcid.org/0000-0002-4343-498X"">Matthew Lazzara</a>, <a href=""https://orcid.org/0000-0002-7466-5836"">Lee Welhouse</a>, Mark Kulie"
2019,"Vito Automatic Weather Station, 2019 Reader format three-hour observational data.","Antarctic Meteorological Research and Data Center, 2019: Vito Automatic Weather Station, 2019 unmodified ten-minute observational data. AMRDC Data Repository, accessed DD-MM-YYYY, https://doi.org/10.48567/2fnf-0581.",https://doi.org/10.48567/2fnf-0581,https://www.nsf.gov/awardsearch/showAward?AWD_ID=1924730,"<a href=""https://orcid.org/0000-0002-4343-498X"">Matthew Lazzara</a>, <a href=""https://orcid.org/0000-0002-7466-5836"">Lee Welhouse</a>, Mark Kulie"
2019,"White Island Automatic Weather Station, 2019 Reader format three-hour observational data.","Antarctic Meteorological Research and Data Center, 2019: White Island Automatic Weather Station, 2019 unmodified ten-minute observational data. AMRDC Data Repository, accessed DD-MM-YYYY, https://doi.org/10.48567/1222-8345.",https://doi.org/10.48567/1222-8345,https://www.nsf.gov/awardsearch/showAward?AWD_ID=1924730,"<a href=""https://orcid.org/0000-0002-4343-498X"">Matthew Lazzara</a>, <a href=""https://orcid.org/0000-0002-7466-5836"">Lee Welhouse</a>, Mark Kulie"
2019,"Whitlock Automatic Weather Station, 2019 Reader format three-hour observational data.","Antarctic Meteorological Research and Data Center, 2019: Whitlock Automatic Weather Station, 2019 unmodified ten-minute observational data. AMRDC Data Repository, accessed DD-MM-YYYY, https://doi.org/10.48567/fc41-5225.",https://doi.org/10.48567/fc41-5225,https://www.nsf.gov/awardsearch/showAward?AWD_ID=1924730,"<a href=""https://orcid.org/0000-0002-4343-498X"">Matthew Lazzara</a>, <a href=""https://orcid.org/0000-0002-7466-5836"">Lee Welhouse</a>, Mark Kulie"
2019,"Willie Field Automatic Weather Station, 2019 Reader format three-hour observational data.","Antarctic Meteorological Research and Data Center, 2019: Willie Field Automatic Weather Station, 2019 unmodified ten-minute observational data. AMRDC Data Repository, accessed DD-MM-YYYY, https://doi.org/10.48567/d8j2-7y15.",https://doi.org/10.48567/d8j2-7y15,https://www.nsf.gov/awardsearch/showAward?AWD_ID=1924730,"<a href=""https://orcid.org/0000-0002-4343-498X"">Matthew Lazzara</a>, <a href=""https://orcid.org/0000-0002-7466-5836"">Lee Welhouse</a>, Mark Kulie"
2019,"Windless Bight Automatic Weather Station, 2019 Reader format three-hour observational data.","Antarctic Meteorological Research and Data Center, 2019: Windless Bight Automatic Weather Station, 2019 unmodified ten-minute observational data. AMRDC Data Repository, accessed DD-MM-YYYY, https://doi.org/10.48567/04bn-q539.",https://doi.org/10.48567/04bn-q539,https://www.nsf.gov/awardsearch/showAward?AWD_ID=1924730,"<a href=""https://orcid.org/0000-0002-4343-498X"">Matthew Lazzara</a>, <a href=""https://orcid.org/0000-0002-7466-5836"">Lee Welhouse</a>, Mark Kulie"
