2013,"AGO-4 Automatic Weather Station, 2013 Reader format three-hour observational data.","Antarctic Meteorological Research and Data Center, 2013: AGO-4 Automatic Weather Station, 2013 unmodified ten-minute observational data. AMRDC Data Repository, accessed DD-MM-YYYY, https://doi.org/10.48567/83s8-9t77.",https://doi.org/10.48567/83s8-9t77,"<a href=""https://www.nsf.gov/awardsearch/showAward?AWD_ID=0944018"">0944018</a>, <a href=""https://www.nsf.gov/awardsearch/showAward?AWD_ID=1245663"">1245663</a>","<a href=""https://orcid.org/0000-0002-4343-498X"">Matthew Lazzara</a>"
2013,"Baldrick Automatic Weather Station, 2013 Reader format three-hour observational data.","Antarctic Meteorological Research and Data Center, 2013: Baldrick Automatic Weather Station, 2013 unmodified ten-minute observational data. AMRDC Data Repository, accessed DD-MM-YYYY, https://doi.org/10.48567/twav-ct21.",https://doi.org/10.48567/twav-ct21,"<a href=""https://www.nsf.gov/awardsearch/showAward?AWD_ID=0944018"">0944018</a>, <a href=""https://www.nsf.gov/awardsearch/showAward?AWD_ID=1245663"">1245663</a>","<a href=""https://orcid.org/0000-0002-4343-498X"">Matthew Lazzara</a>"
2013,"Bear Peninsula Automatic Weather Station, 2013 Reader format three-hour observational data.","Antarctic Meteorological Research and Data Center, 2013: Bear Peninsula Automatic Weather Station, 2013 unmodified ten-minute observational data. AMRDC Data Repository, accessed DD-MM-YYYY, https://doi.org/10.48567/yne3-4174.",https://doi.org/10.48567/yne3-4174,"<a href=""https://www.nsf.gov/awardsearch/showAward?AWD_ID=0944018"">0944018</a>, <a href=""https://www.nsf.gov/awardsearch/showAward?AWD_ID=1245663"">1245663</a>","<a href=""https://orcid.org/0000-0002-4343-498X"">Matthew Lazzara</a>"
2013,"Bonaparte Point Automatic Weather Station, 2013 Reader format three-hour observational data.","Antarctic Meteorological Research and Data Center, 2013: Bonaparte Point Automatic Weather Station, 2013 unmodified ten-minute observational data. AMRDC Data Repository, accessed DD-MM-YYYY, https://doi.org/10.48567/sgya-pk22.",https://doi.org/10.48567/sgya-pk22,"<a href=""https://www.nsf.gov/awardsearch/showAward?AWD_ID=0944018"">0944018</a>, <a href=""https://www.nsf.gov/awardsearch/showAward?AWD_ID=1245663"">1245663</a>","<a href=""https://orcid.org/0000-0002-4343-498X"">Matthew Lazzara</a>"
2013,"Brianna Automatic Weather Station, 2013 Reader format three-hour observational data.","Antarctic Meteorological Research and Data Center, 2013: Brianna Automatic Weather Station, 2013 unmodified ten-minute observational data. AMRDC Data Repository, accessed DD-MM-YYYY, https://doi.org/10.48567/5bkk-8r45.",https://doi.org/10.48567/5bkk-8r45,"<a href=""https://www.nsf.gov/awardsearch/showAward?AWD_ID=0944018"">0944018</a>, <a href=""https://www.nsf.gov/awardsearch/showAward?AWD_ID=1245663"">1245663</a>","<a href=""https://orcid.org/0000-0002-4343-498X"">Matthew Lazzara</a>"
2013,"Byrd Automatic Weather Station, 2013 Reader format three-hour observational data.","Antarctic Meteorological Research and Data Center, 2013: Byrd Automatic Weather Station, 2013 unmodified ten-minute observational data. AMRDC Data Repository, accessed DD-MM-YYYY, https://doi.org/10.48567/6r4g-ds77.",https://doi.org/10.48567/6r4g-ds77,"<a href=""https://www.nsf.gov/awardsearch/showAward?AWD_ID=0944018"">0944018</a>, <a href=""https://www.nsf.gov/awardsearch/showAward?AWD_ID=1245663"">1245663</a>","<a href=""https://orcid.org/0000-0002-4343-498X"">Matthew Lazzara</a>"
2013,"Cape Hallett Automatic Weather Station, 2013 Reader format three-hour observational data.","Antarctic Meteorological Research and Data Center, 2013: Cape Hallett Automatic Weather Station, 2013 unmodified ten-minute observational data. AMRDC Data Repository, accessed DD-MM-YYYY, https://doi.org/10.48567/fy0q-2871.",https://doi.org/10.48567/fy0q-2871,"<a href=""https://www.nsf.gov/awardsearch/showAward?AWD_ID=0944018"">0944018</a>, <a href=""https://www.nsf.gov/awardsearch/showAward?AWD_ID=1245663"">1245663</a>","<a href=""https://orcid.org/0000-0002-4343-498X"">Matthew Lazzara</a>"
2013,"Carolyn Automatic Weather Station, 2013 Reader format three-hour observational data.","Antarctic Meteorological Research and Data Center, 2013: Carolyn Automatic Weather Station, 2013 unmodified ten-minute observational data. AMRDC Data Repository, accessed DD-MM-YYYY, https://doi.org/10.48567/x4p5-y026.",https://doi.org/10.48567/x4p5-y026,"<a href=""https://www.nsf.gov/awardsearch/showAward?AWD_ID=0944018"">0944018</a>, <a href=""https://www.nsf.gov/awardsearch/showAward?AWD_ID=1245663"">1245663</a>","<a href=""https://orcid.org/0000-0002-4343-498X"">Matthew Lazzara</a>"
2013,"D-10 Automatic Weather Station, 2013 Reader format three-hour observational data.","Antarctic Meteorological Research and Data Center, 2013: D-10 Automatic Weather Station, 2013 unmodified ten-minute observational data. AMRDC Data Repository, accessed DD-MM-YYYY, https://doi.org/10.48567/a88y-py77.",https://doi.org/10.48567/a88y-py77,"<a href=""https://www.nsf.gov/awardsearch/showAward?AWD_ID=0944018"">0944018</a>, <a href=""https://www.nsf.gov/awardsearch/showAward?AWD_ID=1245663"">1245663</a>","<a href=""https://orcid.org/0000-0002-4343-498X"">Matthew Lazzara</a>"
2013,"D-47 Automatic Weather Station, 2013 Reader format three-hour observational data.","Antarctic Meteorological Research and Data Center, 2013: D-47 Automatic Weather Station, 2013 unmodified ten-minute observational data. AMRDC Data Repository, accessed DD-MM-YYYY, https://doi.org/10.48567/qr2p-kv69.",https://doi.org/10.48567/qr2p-kv69,"<a href=""https://www.nsf.gov/awardsearch/showAward?AWD_ID=0944018"">0944018</a>, <a href=""https://www.nsf.gov/awardsearch/showAward?AWD_ID=1245663"">1245663</a>","<a href=""https://orcid.org/0000-0002-4343-498X"">Matthew Lazzara</a>"
2013,"D-85 Automatic Weather Station, 2013 Reader format three-hour observational data.","Antarctic Meteorological Research and Data Center, 2013: D-85 Automatic Weather Station, 2013 unmodified ten-minute observational data. AMRDC Data Repository, accessed DD-MM-YYYY, https://doi.org/10.48567/fv44-a638.",https://doi.org/10.48567/fv44-a638,"<a href=""https://www.nsf.gov/awardsearch/showAward?AWD_ID=0944018"">0944018</a>, <a href=""https://www.nsf.gov/awardsearch/showAward?AWD_ID=1245663"">1245663</a>","<a href=""https://orcid.org/0000-0002-4343-498X"">Matthew Lazzara</a>"
2013,"Dismal Island Automatic Weather Station, 2013 Reader format three-hour observational data.","Antarctic Meteorological Research and Data Center, 2013: Dismal Island Automatic Weather Station, 2013 unmodified ten-minute observational data. AMRDC Data Repository, accessed DD-MM-YYYY, https://doi.org/10.48567/q92k-8507.",https://doi.org/10.48567/q92k-8507,"<a href=""https://www.nsf.gov/awardsearch/showAward?AWD_ID=0944018"">0944018</a>, <a href=""https://www.nsf.gov/awardsearch/showAward?AWD_ID=1245663"">1245663</a>","<a href=""https://orcid.org/0000-0002-4343-498X"">Matthew Lazzara</a>"
2013,"Dome C II Automatic Weather Station, 2013 Reader format three-hour observational data.","Antarctic Meteorological Research and Data Center, 2013: Dome C II Automatic Weather Station, 2013 unmodified ten-minute observational data. AMRDC Data Repository, accessed DD-MM-YYYY, https://doi.org/10.48567/drvz-8x78.",https://doi.org/10.48567/drvz-8x78,"<a href=""https://www.nsf.gov/awardsearch/showAward?AWD_ID=0944018"">0944018</a>, <a href=""https://www.nsf.gov/awardsearch/showAward?AWD_ID=1245663"">1245663</a>","<a href=""https://orcid.org/0000-0002-4343-498X"">Matthew Lazzara</a>"
2013,"Dome Fuji Automatic Weather Station, 2013 Reader format three-hour observational data.","Antarctic Meteorological Research and Data Center, 2013: Dome Fuji Automatic Weather Station, 2013 unmodified ten-minute observational data. AMRDC Data Repository, accessed DD-MM-YYYY, https://doi.org/10.48567/9cfp-mr40.",https://doi.org/10.48567/9cfp-mr40,"<a href=""https://www.nsf.gov/awardsearch/showAward?AWD_ID=0944018"">0944018</a>, <a href=""https://www.nsf.gov/awardsearch/showAward?AWD_ID=1245663"">1245663</a>","<a href=""https://orcid.org/0000-0002-4343-498X"">Matthew Lazzara</a>"
2013,"Elaine Automatic Weather Station, 2013 Reader format three-hour observational data.","Antarctic Meteorological Research and Data Center, 2013: Elaine Automatic Weather Station, 2013 unmodified ten-minute observational data. AMRDC Data Repository, accessed DD-MM-YYYY, https://doi.org/10.48567/nakv-6p31.",https://doi.org/10.48567/nakv-6p31,"<a href=""https://www.nsf.gov/awardsearch/showAward?AWD_ID=0944018"">0944018</a>, <a href=""https://www.nsf.gov/awardsearch/showAward?AWD_ID=1245663"">1245663</a>","<a href=""https://orcid.org/0000-0002-4343-498X"">Matthew Lazzara</a>"
2013,"Elizabeth Automatic Weather Station, 2013 Reader format three-hour observational data.","Antarctic Meteorological Research and Data Center, 2013: Elizabeth Automatic Weather Station, 2013 unmodified ten-minute observational data. AMRDC Data Repository, accessed DD-MM-YYYY, https://doi.org/10.48567/g5he-m908.",https://doi.org/10.48567/g5he-m908,"<a href=""https://www.nsf.gov/awardsearch/showAward?AWD_ID=0944018"">0944018</a>, <a href=""https://www.nsf.gov/awardsearch/showAward?AWD_ID=1245663"">1245663</a>","<a href=""https://orcid.org/0000-0002-4343-498X"">Matthew Lazzara</a>"
2013,"Emilia Automatic Weather Station, 2013 Reader format three-hour observational data.","Antarctic Meteorological Research and Data Center, 2013: Emilia Automatic Weather Station, 2013 unmodified ten-minute observational data. AMRDC Data Repository, accessed DD-MM-YYYY, https://doi.org/10.48567/m4n6-4f73.",https://doi.org/10.48567/m4n6-4f73,"<a href=""https://www.nsf.gov/awardsearch/showAward?AWD_ID=0944018"">0944018</a>, <a href=""https://www.nsf.gov/awardsearch/showAward?AWD_ID=1245663"">1245663</a>","<a href=""https://orcid.org/0000-0002-4343-498X"">Matthew Lazzara</a>"
2013,"Eric Automatic Weather Station, 2013 Reader format three-hour observational data.","Antarctic Meteorological Research and Data Center, 2013: Eric Automatic Weather Station, 2013 unmodified ten-minute observational data. AMRDC Data Repository, accessed DD-MM-YYYY, https://doi.org/10.48567/rxe0-dr29.",https://doi.org/10.48567/rxe0-dr29,"<a href=""https://www.nsf.gov/awardsearch/showAward?AWD_ID=0944018"">0944018</a>, <a href=""https://www.nsf.gov/awardsearch/showAward?AWD_ID=1245663"">1245663</a>","<a href=""https://orcid.org/0000-0002-4343-498X"">Matthew Lazzara</a>"
2013,"Erin Automatic Weather Station, 2013 Reader format three-hour observational data.","Antarctic Meteorological Research and Data Center, 2013: Erin Automatic Weather Station, 2013 unmodified ten-minute observational data. AMRDC Data Repository, accessed DD-MM-YYYY, https://doi.org/10.48567/8a5z-gt02.",https://doi.org/10.48567/8a5z-gt02,"<a href=""https://www.nsf.gov/awardsearch/showAward?AWD_ID=0944018"">0944018</a>, <a href=""https://www.nsf.gov/awardsearch/showAward?AWD_ID=1245663"">1245663</a>","<a href=""https://orcid.org/0000-0002-4343-498X"">Matthew Lazzara</a>"
2013,"Evans Knoll Automatic Weather Station, 2013 Reader format three-hour observational data.","Antarctic Meteorological Research and Data Center, 2013: Evans Knoll Automatic Weather Station, 2013 unmodified ten-minute observational data. AMRDC Data Repository, accessed DD-MM-YYYY, https://doi.org/10.48567/1pdk-fy70.",https://doi.org/10.48567/1pdk-fy70,"<a href=""https://www.nsf.gov/awardsearch/showAward?AWD_ID=0944018"">0944018</a>, <a href=""https://www.nsf.gov/awardsearch/showAward?AWD_ID=1245663"">1245663</a>","<a href=""https://orcid.org/0000-0002-4343-498X"">Matthew Lazzara</a>"
2013,"Ferrell II Automatic Weather Station, 2013 Reader format three-hour observational data.","Antarctic Meteorological Research and Data Center, 2013: Ferrell II Automatic Weather Station, 2013 unmodified ten-minute observational data. AMRDC Data Repository, accessed DD-MM-YYYY, https://doi.org/10.48567/fzw3-ae42.",https://doi.org/10.48567/fzw3-ae42,"<a href=""https://www.nsf.gov/awardsearch/showAward?AWD_ID=0944018"">0944018</a>, <a href=""https://www.nsf.gov/awardsearch/showAward?AWD_ID=1245663"">1245663</a>","<a href=""https://orcid.org/0000-0002-4343-498X"">Matthew Lazzara</a>"
2013,"Gill Automatic Weather Station, 2013 Reader format three-hour observational data.","Antarctic Meteorological Research and Data Center, 2013: Gill Automatic Weather Station, 2013 unmodified ten-minute observational data. AMRDC Data Repository, accessed DD-MM-YYYY, https://doi.org/10.48567/3j7k-8k50.",https://doi.org/10.48567/3j7k-8k50,"<a href=""https://www.nsf.gov/awardsearch/showAward?AWD_ID=0944018"">0944018</a>, <a href=""https://www.nsf.gov/awardsearch/showAward?AWD_ID=1245663"">1245663</a>","<a href=""https://orcid.org/0000-0002-4343-498X"">Matthew Lazzara</a>"
2013,"Harry Automatic Weather Station, 2013 Reader format three-hour observational data.","Antarctic Meteorological Research and Data Center, 2013: Harry Automatic Weather Station, 2013 unmodified ten-minute observational data. AMRDC Data Repository, accessed DD-MM-YYYY, https://doi.org/10.48567/7mwx-r886.",https://doi.org/10.48567/7mwx-r886,"<a href=""https://www.nsf.gov/awardsearch/showAward?AWD_ID=0944018"">0944018</a>, <a href=""https://www.nsf.gov/awardsearch/showAward?AWD_ID=1245663"">1245663</a>","<a href=""https://orcid.org/0000-0002-4343-498X"">Matthew Lazzara</a>"
2013,"Henry Automatic Weather Station, 2013 Reader format three-hour observational data.","Antarctic Meteorological Research and Data Center, 2013: Henry Automatic Weather Station, 2013 unmodified ten-minute observational data. AMRDC Data Repository, accessed DD-MM-YYYY, https://doi.org/10.48567/rz4h-hp07.",https://doi.org/10.48567/rz4h-hp07,"<a href=""https://www.nsf.gov/awardsearch/showAward?AWD_ID=0944018"">0944018</a>, <a href=""https://www.nsf.gov/awardsearch/showAward?AWD_ID=1245663"">1245663</a>","<a href=""https://orcid.org/0000-0002-4343-498X"">Matthew Lazzara</a>"
2013,"Hugo Island Automatic Weather Station, 2013 Reader format three-hour observational data.","Antarctic Meteorological Research and Data Center, 2013: Hugo Island Automatic Weather Station, 2013 unmodified ten-minute observational data. AMRDC Data Repository, accessed DD-MM-YYYY, https://doi.org/10.48567/t5xj-mx08.",https://doi.org/10.48567/t5xj-mx08,"<a href=""https://www.nsf.gov/awardsearch/showAward?AWD_ID=0944018"">0944018</a>, <a href=""https://www.nsf.gov/awardsearch/showAward?AWD_ID=1245663"">1245663</a>","<a href=""https://orcid.org/0000-0002-4343-498X"">Matthew Lazzara</a>"
2013,"JASE2007 Automatic Weather Station, 2013 Reader format three-hour observational data.","Antarctic Meteorological Research and Data Center, 2013: JASE2007 Automatic Weather Station, 2013 unmodified ten-minute observational data. AMRDC Data Repository, accessed DD-MM-YYYY, https://doi.org/10.48567/erev-9409.",https://doi.org/10.48567/erev-9409,"<a href=""https://www.nsf.gov/awardsearch/showAward?AWD_ID=0944018"">0944018</a>, <a href=""https://www.nsf.gov/awardsearch/showAward?AWD_ID=1245663"">1245663</a>","<a href=""https://orcid.org/0000-0002-4343-498X"">Matthew Lazzara</a>"
2013,"Janet Automatic Weather Station, 2013 Reader format three-hour observational data.","Antarctic Meteorological Research and Data Center, 2013: Janet Automatic Weather Station, 2013 unmodified ten-minute observational data. AMRDC Data Repository, accessed DD-MM-YYYY, https://doi.org/10.48567/z65n-k361.",https://doi.org/10.48567/z65n-k361,"<a href=""https://www.nsf.gov/awardsearch/showAward?AWD_ID=0944018"">0944018</a>, <a href=""https://www.nsf.gov/awardsearch/showAward?AWD_ID=1245663"">1245663</a>","<a href=""https://orcid.org/0000-0002-4343-498X"">Matthew Lazzara</a>"
2013,"Kominko-Slade Automatic Weather Station, 2013 Reader format three-hour observational data.","Antarctic Meteorological Research and Data Center, 2013: Kominko-Slade Automatic Weather Station, 2013 unmodified ten-minute observational data. AMRDC Data Repository, accessed DD-MM-YYYY, https://doi.org/10.48567/590t-h233.",https://doi.org/10.48567/590t-h233,"<a href=""https://www.nsf.gov/awardsearch/showAward?AWD_ID=0944018"">0944018</a>, <a href=""https://www.nsf.gov/awardsearch/showAward?AWD_ID=1245663"">1245663</a>","<a href=""https://orcid.org/0000-0002-4343-498X"">Matthew Lazzara</a>"
2013,"Laurie II Automatic Weather Station, 2013 Reader format three-hour observational data.","Antarctic Meteorological Research and Data Center, 2013: Laurie II Automatic Weather Station, 2013 unmodified ten-minute observational data. AMRDC Data Repository, accessed DD-MM-YYYY, https://doi.org/10.48567/y5sd-4f70.",https://doi.org/10.48567/y5sd-4f70,"<a href=""https://www.nsf.gov/awardsearch/showAward?AWD_ID=0944018"">0944018</a>, <a href=""https://www.nsf.gov/awardsearch/showAward?AWD_ID=1245663"">1245663</a>","<a href=""https://orcid.org/0000-0002-4343-498X"">Matthew Lazzara</a>"
2013,"Manuela Automatic Weather Station, 2013 Reader format three-hour observational data.","Antarctic Meteorological Research and Data Center, 2013: Manuela Automatic Weather Station, 2013 unmodified ten-minute observational data. AMRDC Data Repository, accessed DD-MM-YYYY, https://doi.org/10.48567/q7ma-dm08.",https://doi.org/10.48567/q7ma-dm08,"<a href=""https://www.nsf.gov/awardsearch/showAward?AWD_ID=0944018"">0944018</a>, <a href=""https://www.nsf.gov/awardsearch/showAward?AWD_ID=1245663"">1245663</a>","<a href=""https://orcid.org/0000-0002-4343-498X"">Matthew Lazzara</a>"
2013,"Marble Point Automatic Weather Station, 2013 Reader format three-hour observational data.","Antarctic Meteorological Research and Data Center, 2013: Marble Point Automatic Weather Station, 2013 unmodified ten-minute observational data. AMRDC Data Repository, accessed DD-MM-YYYY, https://doi.org/10.48567/2jc6-bh04.",https://doi.org/10.48567/2jc6-bh04,"<a href=""https://www.nsf.gov/awardsearch/showAward?AWD_ID=0944018"">0944018</a>, <a href=""https://www.nsf.gov/awardsearch/showAward?AWD_ID=1245663"">1245663</a>","<a href=""https://orcid.org/0000-0002-4343-498X"">Matthew Lazzara</a>"
2013,"Margaret Automatic Weather Station, 2013 Reader format three-hour observational data.","Antarctic Meteorological Research and Data Center, 2013: Margaret Automatic Weather Station, 2013 unmodified ten-minute observational data. AMRDC Data Repository, accessed DD-MM-YYYY, https://doi.org/10.48567/63n1-sa77.",https://doi.org/10.48567/63n1-sa77,"<a href=""https://www.nsf.gov/awardsearch/showAward?AWD_ID=0944018"">0944018</a>, <a href=""https://www.nsf.gov/awardsearch/showAward?AWD_ID=1245663"">1245663</a>","<a href=""https://orcid.org/0000-0002-4343-498X"">Matthew Lazzara</a>"
2013,"Marilyn Automatic Weather Station, 2013 Reader format three-hour observational data.","Antarctic Meteorological Research and Data Center, 2013: Marilyn Automatic Weather Station, 2013 unmodified ten-minute observational data. AMRDC Data Repository, accessed DD-MM-YYYY, https://doi.org/10.48567/e1ya-1p02.",https://doi.org/10.48567/e1ya-1p02,"<a href=""https://www.nsf.gov/awardsearch/showAward?AWD_ID=0944018"">0944018</a>, <a href=""https://www.nsf.gov/awardsearch/showAward?AWD_ID=1245663"">1245663</a>","<a href=""https://orcid.org/0000-0002-4343-498X"">Matthew Lazzara</a>"
2013,"Marlene Automatic Weather Station, 2013 Reader format three-hour observational data.","Antarctic Meteorological Research and Data Center, 2013: Marlene Automatic Weather Station, 2013 unmodified ten-minute observational data. AMRDC Data Repository, accessed DD-MM-YYYY, https://doi.org/10.48567/pdaz-m578.",https://doi.org/10.48567/pdaz-m578,"<a href=""https://www.nsf.gov/awardsearch/showAward?AWD_ID=0944018"">0944018</a>, <a href=""https://www.nsf.gov/awardsearch/showAward?AWD_ID=1245663"">1245663</a>","<a href=""https://orcid.org/0000-0002-4343-498X"">Matthew Lazzara</a>"
2013,"Mizuho Automatic Weather Station, 2013 Reader format three-hour observational data.","Antarctic Meteorological Research and Data Center, 2013: Mizuho Automatic Weather Station, 2013 unmodified ten-minute observational data. AMRDC Data Repository, accessed DD-MM-YYYY, https://doi.org/10.48567/79cy-vf16.",https://doi.org/10.48567/79cy-vf16,"<a href=""https://www.nsf.gov/awardsearch/showAward?AWD_ID=0944018"">0944018</a>, <a href=""https://www.nsf.gov/awardsearch/showAward?AWD_ID=1245663"">1245663</a>","<a href=""https://orcid.org/0000-0002-4343-498X"">Matthew Lazzara</a>"
2013,"Mount Siple Automatic Weather Station, 2013 Reader format three-hour observational data.","Antarctic Meteorological Research and Data Center, 2013: Mount Siple Automatic Weather Station, 2013 unmodified ten-minute observational data. AMRDC Data Repository, accessed DD-MM-YYYY, https://doi.org/10.48567/epf9-m128.",https://doi.org/10.48567/epf9-m128,"<a href=""https://www.nsf.gov/awardsearch/showAward?AWD_ID=0944018"">0944018</a>, <a href=""https://www.nsf.gov/awardsearch/showAward?AWD_ID=1245663"">1245663</a>","<a href=""https://orcid.org/0000-0002-4343-498X"">Matthew Lazzara</a>"
2013,"Nico Automatic Weather Station, 2013 Reader format three-hour observational data.","Antarctic Meteorological Research and Data Center, 2013: Nico Automatic Weather Station, 2013 unmodified ten-minute observational data. AMRDC Data Repository, accessed DD-MM-YYYY, https://doi.org/10.48567/dfhg-s682.",https://doi.org/10.48567/dfhg-s682,"<a href=""https://www.nsf.gov/awardsearch/showAward?AWD_ID=0944018"">0944018</a>, <a href=""https://www.nsf.gov/awardsearch/showAward?AWD_ID=1245663"">1245663</a>","<a href=""https://orcid.org/0000-0002-4343-498X"">Matthew Lazzara</a>"
2013,"PANDA-South Automatic Weather Station, 2013 Reader format three-hour observational data.","Antarctic Meteorological Research and Data Center, 2013: PANDA-South Automatic Weather Station, 2013 unmodified ten-minute observational data. AMRDC Data Repository, accessed DD-MM-YYYY, https://doi.org/10.48567/jmg6-b234.",https://doi.org/10.48567/jmg6-b234,"<a href=""https://www.nsf.gov/awardsearch/showAward?AWD_ID=0944018"">0944018</a>, <a href=""https://www.nsf.gov/awardsearch/showAward?AWD_ID=1245663"">1245663</a>","<a href=""https://orcid.org/0000-0002-4343-498X"">Matthew Lazzara</a>"
2013,"Pegasus North Automatic Weather Station, 2013 Reader format three-hour observational data.","Antarctic Meteorological Research and Data Center, 2013: Pegasus North Automatic Weather Station, 2013 unmodified ten-minute observational data. AMRDC Data Repository, accessed DD-MM-YYYY, https://doi.org/10.48567/k31t-my04.",https://doi.org/10.48567/k31t-my04,"<a href=""https://www.nsf.gov/awardsearch/showAward?AWD_ID=0944018"">0944018</a>, <a href=""https://www.nsf.gov/awardsearch/showAward?AWD_ID=1245663"">1245663</a>","<a href=""https://orcid.org/0000-0002-4343-498X"">Matthew Lazzara</a>"
2013,"Possession Island Automatic Weather Station, 2013 Reader format three-hour observational data.","Antarctic Meteorological Research and Data Center, 2013: Possession Island Automatic Weather Station, 2013 unmodified ten-minute observational data. AMRDC Data Repository, accessed DD-MM-YYYY, https://doi.org/10.48567/3nfe-5031.",https://doi.org/10.48567/3nfe-5031,"<a href=""https://www.nsf.gov/awardsearch/showAward?AWD_ID=0944018"">0944018</a>, <a href=""https://www.nsf.gov/awardsearch/showAward?AWD_ID=1245663"">1245663</a>","<a href=""https://orcid.org/0000-0002-4343-498X"">Matthew Lazzara</a>"
2013,"Relay Station Automatic Weather Station, 2013 Reader format three-hour observational data.","Antarctic Meteorological Research and Data Center, 2013: Relay Station Automatic Weather Station, 2013 unmodified ten-minute observational data. AMRDC Data Repository, accessed DD-MM-YYYY, https://doi.org/10.48567/b44j-s521.",https://doi.org/10.48567/b44j-s521,"<a href=""https://www.nsf.gov/awardsearch/showAward?AWD_ID=0944018"">0944018</a>, <a href=""https://www.nsf.gov/awardsearch/showAward?AWD_ID=1245663"">1245663</a>","<a href=""https://orcid.org/0000-0002-4343-498X"">Matthew Lazzara</a>"
2013,"Sabrina Automatic Weather Station, 2013 Reader format three-hour observational data.","Antarctic Meteorological Research and Data Center, 2013: Sabrina Automatic Weather Station, 2013 unmodified ten-minute observational data. AMRDC Data Repository, accessed DD-MM-YYYY, https://doi.org/10.48567/bt8b-jd71.",https://doi.org/10.48567/bt8b-jd71,"<a href=""https://www.nsf.gov/awardsearch/showAward?AWD_ID=0944018"">0944018</a>, <a href=""https://www.nsf.gov/awardsearch/showAward?AWD_ID=1245663"">1245663</a>","<a href=""https://orcid.org/0000-0002-4343-498X"">Matthew Lazzara</a>"
2013,"Schwerdtfeger Automatic Weather Station, 2013 Reader format three-hour observational data.","Antarctic Meteorological Research and Data Center, 2013: Schwerdtfeger Automatic Weather Station, 2013 unmodified ten-minute observational data. AMRDC Data Repository, accessed DD-MM-YYYY, https://doi.org/10.48567/d8y4-fa19.",https://doi.org/10.48567/d8y4-fa19,"<a href=""https://www.nsf.gov/awardsearch/showAward?AWD_ID=0944018"">0944018</a>, <a href=""https://www.nsf.gov/awardsearch/showAward?AWD_ID=1245663"">1245663</a>","<a href=""https://orcid.org/0000-0002-4343-498X"">Matthew Lazzara</a>"
2013,"Siple Dome Automatic Weather Station, 2013 Reader format three-hour observational data.","Antarctic Meteorological Research and Data Center, 2013: Siple Dome Automatic Weather Station, 2013 unmodified ten-minute observational data. AMRDC Data Repository, accessed DD-MM-YYYY, https://doi.org/10.48567/y70b-y728.",https://doi.org/10.48567/y70b-y728,"<a href=""https://www.nsf.gov/awardsearch/showAward?AWD_ID=0944018"">0944018</a>, <a href=""https://www.nsf.gov/awardsearch/showAward?AWD_ID=1245663"">1245663</a>","<a href=""https://orcid.org/0000-0002-4343-498X"">Matthew Lazzara</a>"
2013,"Theresa Automatic Weather Station, 2013 Reader format three-hour observational data.","Antarctic Meteorological Research and Data Center, 2013: Theresa Automatic Weather Station, 2013 unmodified ten-minute observational data. AMRDC Data Repository, accessed DD-MM-YYYY, https://doi.org/10.48567/qrw8-1991.",https://doi.org/10.48567/qrw8-1991,"<a href=""https://www.nsf.gov/awardsearch/showAward?AWD_ID=0944018"">0944018</a>, <a href=""https://www.nsf.gov/awardsearch/showAward?AWD_ID=1245663"">1245663</a>","<a href=""https://orcid.org/0000-0002-4343-498X"">Matthew Lazzara</a>"
2013,"Thurston Island Automatic Weather Station, 2013 Reader format three-hour observational data.","Antarctic Meteorological Research and Data Center, 2013: Thurston Island Automatic Weather Station, 2013 unmodified ten-minute observational data. AMRDC Data Repository, accessed DD-MM-YYYY, https://doi.org/10.48567/rbnn-z426.",https://doi.org/10.48567/rbnn-z426,"<a href=""https://www.nsf.gov/awardsearch/showAward?AWD_ID=0944018"">0944018</a>, <a href=""https://www.nsf.gov/awardsearch/showAward?AWD_ID=1245663"">1245663</a>","<a href=""https://orcid.org/0000-0002-4343-498X"">Matthew Lazzara</a>"
2013,"Tom Automatic Weather Station, 2013 Reader format three-hour observational data.","Antarctic Meteorological Research and Data Center, 2013: Tom Automatic Weather Station, 2013 unmodified ten-minute observational data. AMRDC Data Repository, accessed DD-MM-YYYY, https://doi.org/10.48567/xj2r-j842.",https://doi.org/10.48567/xj2r-j842,"<a href=""https://www.nsf.gov/awardsearch/showAward?AWD_ID=0944018"">0944018</a>, <a href=""https://www.nsf.gov/awardsearch/showAward?AWD_ID=1245663"">1245663</a>","<a href=""https://orcid.org/0000-0002-4343-498X"">Matthew Lazzara</a>"
2013,"Vito Automatic Weather Station, 2013 Reader format three-hour observational data.","Antarctic Meteorological Research and Data Center, 2013: Vito Automatic Weather Station, 2013 unmodified ten-minute observational data. AMRDC Data Repository, accessed DD-MM-YYYY, https://doi.org/10.48567/6p37-kq74.",https://doi.org/10.48567/6p37-kq74,"<a href=""https://www.nsf.gov/awardsearch/showAward?AWD_ID=0944018"">0944018</a>, <a href=""https://www.nsf.gov/awardsearch/showAward?AWD_ID=1245663"">1245663</a>","<a href=""https://orcid.org/0000-0002-4343-498X"">Matthew Lazzara</a>"
2013,"Whitlock Automatic Weather Station, 2013 Reader format three-hour observational data.","Antarctic Meteorological Research and Data Center, 2013: Whitlock Automatic Weather Station, 2013 unmodified ten-minute observational data. AMRDC Data Repository, accessed DD-MM-YYYY, https://doi.org/10.48567/1d3h-3v13.",https://doi.org/10.48567/1d3h-3v13,"<a href=""https://www.nsf.gov/awardsearch/showAward?AWD_ID=0944018"">0944018</a>, <a href=""https://www.nsf.gov/awardsearch/showAward?AWD_ID=1245663"">1245663</a>","<a href=""https://orcid.org/0000-0002-4343-498X"">Matthew Lazzara</a>"