2011,"Baldrick Automatic Weather Station, 2011 Reader format three-hour observational data.","Antarctic Meteorological Research and Data Center, 2011: Baldrick Automatic Weather Station, 2011 unmodified ten-minute observational data. AMRDC Data Repository, accessed DD-MM-YYYY, https://doi.org/10.48567/4jce-ry52.",https://doi.org/10.48567/4jce-ry52,"<a href=""https://www.nsf.gov/awardsearch/showAward?AWD_ID=0636873"">0636873</a>, <a href=""https://www.nsf.gov/awardsearch/showAward?AWD_ID=0944018"">0944018</a>","<a href=""https://orcid.org/0000-0002-4343-498X"">Matthew Lazzara</a>, Gregory Tripoli, George Weidner"
2011,"Bear Peninsula Automatic Weather Station, 2011 Reader format three-hour observational data.","Antarctic Meteorological Research and Data Center, 2011: Bear Peninsula Automatic Weather Station, 2011 unmodified ten-minute observational data. AMRDC Data Repository, accessed DD-MM-YYYY, https://doi.org/10.48567/rhkc-bj42.",https://doi.org/10.48567/rhkc-bj42,"<a href=""https://www.nsf.gov/awardsearch/showAward?AWD_ID=0636873"">0636873</a>, <a href=""https://www.nsf.gov/awardsearch/showAward?AWD_ID=0944018"">0944018</a>","<a href=""https://orcid.org/0000-0002-4343-498X"">Matthew Lazzara</a>, Gregory Tripoli, George Weidner"
2011,"Bonaparte Point Automatic Weather Station, 2011 Reader format three-hour observational data.","Antarctic Meteorological Research and Data Center, 2011: Bonaparte Point Automatic Weather Station, 2011 unmodified ten-minute observational data. AMRDC Data Repository, accessed DD-MM-YYYY, https://doi.org/10.48567/zbn0-1r82.",https://doi.org/10.48567/zbn0-1r82,"<a href=""https://www.nsf.gov/awardsearch/showAward?AWD_ID=0636873"">0636873</a>, <a href=""https://www.nsf.gov/awardsearch/showAward?AWD_ID=0944018"">0944018</a>","<a href=""https://orcid.org/0000-0002-4343-498X"">Matthew Lazzara</a>, Gregory Tripoli, George Weidner"
2011,"Brianna Automatic Weather Station, 2011 Reader format three-hour observational data.","Antarctic Meteorological Research and Data Center, 2011: Brianna Automatic Weather Station, 2011 unmodified ten-minute observational data. AMRDC Data Repository, accessed DD-MM-YYYY, https://doi.org/10.48567/5py0-a295.",https://doi.org/10.48567/5py0-a295,"<a href=""https://www.nsf.gov/awardsearch/showAward?AWD_ID=0636873"">0636873</a>, <a href=""https://www.nsf.gov/awardsearch/showAward?AWD_ID=0944018"">0944018</a>","<a href=""https://orcid.org/0000-0002-4343-498X"">Matthew Lazzara</a>, Gregory Tripoli, George Weidner"
2011,"Butler Island Automatic Weather Station, 2011 Reader format three-hour observational data.","Antarctic Meteorological Research and Data Center, 2011: Butler Island Automatic Weather Station, 2011 unmodified ten-minute observational data. AMRDC Data Repository, accessed DD-MM-YYYY, https://doi.org/10.48567/0ev5-6c76.",https://doi.org/10.48567/0ev5-6c76,"<a href=""https://www.nsf.gov/awardsearch/showAward?AWD_ID=0636873"">0636873</a>, <a href=""https://www.nsf.gov/awardsearch/showAward?AWD_ID=0944018"">0944018</a>","<a href=""https://orcid.org/0000-0002-4343-498X"">Matthew Lazzara</a>, Gregory Tripoli, George Weidner"
2011,"Byrd Automatic Weather Station, 2011 Reader format three-hour observational data.","Antarctic Meteorological Research and Data Center, 2011: Byrd Automatic Weather Station, 2011 unmodified ten-minute observational data. AMRDC Data Repository, accessed DD-MM-YYYY, https://doi.org/10.48567/w5qs-hf56.",https://doi.org/10.48567/w5qs-hf56,"<a href=""https://www.nsf.gov/awardsearch/showAward?AWD_ID=0636873"">0636873</a>, <a href=""https://www.nsf.gov/awardsearch/showAward?AWD_ID=0944018"">0944018</a>","<a href=""https://orcid.org/0000-0002-4343-498X"">Matthew Lazzara</a>, Gregory Tripoli, George Weidner"
2011,"Cape Bird Automatic Weather Station, 2011 Reader format three-hour observational data.","Antarctic Meteorological Research and Data Center, 2011: Cape Bird Automatic Weather Station, 2011 unmodified ten-minute observational data. AMRDC Data Repository, accessed DD-MM-YYYY, https://doi.org/10.48567/99g2-bf11.",https://doi.org/10.48567/99g2-bf11,"<a href=""https://www.nsf.gov/awardsearch/showAward?AWD_ID=0636873"">0636873</a>, <a href=""https://www.nsf.gov/awardsearch/showAward?AWD_ID=0944018"">0944018</a>","<a href=""https://orcid.org/0000-0002-4343-498X"">Matthew Lazzara</a>, Gregory Tripoli, George Weidner"
2011,"Cape Denison Automatic Weather Station, 2011 Reader format three-hour observational data.","Antarctic Meteorological Research and Data Center, 2011: Cape Denison Automatic Weather Station, 2011 unmodified ten-minute observational data. AMRDC Data Repository, accessed DD-MM-YYYY, https://doi.org/10.48567/def3-aj10.",https://doi.org/10.48567/def3-aj10,"<a href=""https://www.nsf.gov/awardsearch/showAward?AWD_ID=0636873"">0636873</a>, <a href=""https://www.nsf.gov/awardsearch/showAward?AWD_ID=0944018"">0944018</a>","<a href=""https://orcid.org/0000-0002-4343-498X"">Matthew Lazzara</a>, Gregory Tripoli, George Weidner"
2011,"Cape Hallett Automatic Weather Station, 2011 Reader format three-hour observational data.","Antarctic Meteorological Research and Data Center, 2011: Cape Hallett Automatic Weather Station, 2011 unmodified ten-minute observational data. AMRDC Data Repository, accessed DD-MM-YYYY, https://doi.org/10.48567/1py6-qj34.",https://doi.org/10.48567/1py6-qj34,"<a href=""https://www.nsf.gov/awardsearch/showAward?AWD_ID=0636873"">0636873</a>, <a href=""https://www.nsf.gov/awardsearch/showAward?AWD_ID=0944018"">0944018</a>","<a href=""https://orcid.org/0000-0002-4343-498X"">Matthew Lazzara</a>, Gregory Tripoli, George Weidner"
2011,"Carolyn Automatic Weather Station, 2011 Reader format three-hour observational data.","Antarctic Meteorological Research and Data Center, 2011: Carolyn Automatic Weather Station, 2011 unmodified ten-minute observational data. AMRDC Data Repository, accessed DD-MM-YYYY, https://doi.org/10.48567/hw4w-4715.",https://doi.org/10.48567/hw4w-4715,"<a href=""https://www.nsf.gov/awardsearch/showAward?AWD_ID=0636873"">0636873</a>, <a href=""https://www.nsf.gov/awardsearch/showAward?AWD_ID=0944018"">0944018</a>","<a href=""https://orcid.org/0000-0002-4343-498X"">Matthew Lazzara</a>, Gregory Tripoli, George Weidner"
2011,"D-10 Automatic Weather Station, 2011 Reader format three-hour observational data.","Antarctic Meteorological Research and Data Center, 2011: D-10 Automatic Weather Station, 2011 unmodified ten-minute observational data. AMRDC Data Repository, accessed DD-MM-YYYY, https://doi.org/10.48567/1xga-fp36.",https://doi.org/10.48567/1xga-fp36,"<a href=""https://www.nsf.gov/awardsearch/showAward?AWD_ID=0636873"">0636873</a>, <a href=""https://www.nsf.gov/awardsearch/showAward?AWD_ID=0944018"">0944018</a>","<a href=""https://orcid.org/0000-0002-4343-498X"">Matthew Lazzara</a>, Gregory Tripoli, George Weidner"
2011,"D-47 Automatic Weather Station, 2011 Reader format three-hour observational data.","Antarctic Meteorological Research and Data Center, 2011: D-47 Automatic Weather Station, 2011 unmodified ten-minute observational data. AMRDC Data Repository, accessed DD-MM-YYYY, https://doi.org/10.48567/vppj-kh44.",https://doi.org/10.48567/vppj-kh44,"<a href=""https://www.nsf.gov/awardsearch/showAward?AWD_ID=0636873"">0636873</a>, <a href=""https://www.nsf.gov/awardsearch/showAward?AWD_ID=0944018"">0944018</a>","<a href=""https://orcid.org/0000-0002-4343-498X"">Matthew Lazzara</a>, Gregory Tripoli, George Weidner"
2011,"D-85 Automatic Weather Station, 2011 Reader format three-hour observational data.","Antarctic Meteorological Research and Data Center, 2011: D-85 Automatic Weather Station, 2011 unmodified ten-minute observational data. AMRDC Data Repository, accessed DD-MM-YYYY, https://doi.org/10.48567/aa5f-kw81.",https://doi.org/10.48567/aa5f-kw81,"<a href=""https://www.nsf.gov/awardsearch/showAward?AWD_ID=0636873"">0636873</a>, <a href=""https://www.nsf.gov/awardsearch/showAward?AWD_ID=0944018"">0944018</a>","<a href=""https://orcid.org/0000-0002-4343-498X"">Matthew Lazzara</a>, Gregory Tripoli, George Weidner"
2011,"Dismal Island Automatic Weather Station, 2011 Reader format three-hour observational data.","Antarctic Meteorological Research and Data Center, 2011: Dismal Island Automatic Weather Station, 2011 unmodified ten-minute observational data. AMRDC Data Repository, accessed DD-MM-YYYY, https://doi.org/10.48567/frjg-xr33.",https://doi.org/10.48567/frjg-xr33,"<a href=""https://www.nsf.gov/awardsearch/showAward?AWD_ID=0636873"">0636873</a>, <a href=""https://www.nsf.gov/awardsearch/showAward?AWD_ID=0944018"">0944018</a>","<a href=""https://orcid.org/0000-0002-4343-498X"">Matthew Lazzara</a>, Gregory Tripoli, George Weidner"
2011,"Dome C II Automatic Weather Station, 2011 Reader format three-hour observational data.","Antarctic Meteorological Research and Data Center, 2011: Dome C II Automatic Weather Station, 2011 unmodified ten-minute observational data. AMRDC Data Repository, accessed DD-MM-YYYY, https://doi.org/10.48567/mrr4-0046.",https://doi.org/10.48567/mrr4-0046,"<a href=""https://www.nsf.gov/awardsearch/showAward?AWD_ID=0636873"">0636873</a>, <a href=""https://www.nsf.gov/awardsearch/showAward?AWD_ID=0944018"">0944018</a>","<a href=""https://orcid.org/0000-0002-4343-498X"">Matthew Lazzara</a>, Gregory Tripoli, George Weidner"
2011,"Dome Fuji Automatic Weather Station, 2011 Reader format three-hour observational data.","Antarctic Meteorological Research and Data Center, 2011: Dome Fuji Automatic Weather Station, 2011 unmodified ten-minute observational data. AMRDC Data Repository, accessed DD-MM-YYYY, https://doi.org/10.48567/6p18-ta44.",https://doi.org/10.48567/6p18-ta44,"<a href=""https://www.nsf.gov/awardsearch/showAward?AWD_ID=0636873"">0636873</a>, <a href=""https://www.nsf.gov/awardsearch/showAward?AWD_ID=0944018"">0944018</a>","<a href=""https://orcid.org/0000-0002-4343-498X"">Matthew Lazzara</a>, Gregory Tripoli, George Weidner"
2011,"E-66 Automatic Weather Station, 2011 Reader format three-hour observational data.","Antarctic Meteorological Research and Data Center, 2011: E-66 Automatic Weather Station, 2011 unmodified ten-minute observational data. AMRDC Data Repository, accessed DD-MM-YYYY, https://doi.org/10.48567/7zrr-kh62.",https://doi.org/10.48567/7zrr-kh62,"<a href=""https://www.nsf.gov/awardsearch/showAward?AWD_ID=0636873"">0636873</a>, <a href=""https://www.nsf.gov/awardsearch/showAward?AWD_ID=0944018"">0944018</a>","<a href=""https://orcid.org/0000-0002-4343-498X"">Matthew Lazzara</a>, Gregory Tripoli, George Weidner"
2011,"Elaine Automatic Weather Station, 2011 Reader format three-hour observational data.","Antarctic Meteorological Research and Data Center, 2011: Elaine Automatic Weather Station, 2011 unmodified ten-minute observational data. AMRDC Data Repository, accessed DD-MM-YYYY, https://doi.org/10.48567/jmf7-6w26.",https://doi.org/10.48567/jmf7-6w26,"<a href=""https://www.nsf.gov/awardsearch/showAward?AWD_ID=0636873"">0636873</a>, <a href=""https://www.nsf.gov/awardsearch/showAward?AWD_ID=0944018"">0944018</a>","<a href=""https://orcid.org/0000-0002-4343-498X"">Matthew Lazzara</a>, Gregory Tripoli, George Weidner"
2011,"Elizabeth Automatic Weather Station, 2011 Reader format three-hour observational data.","Antarctic Meteorological Research and Data Center, 2011: Elizabeth Automatic Weather Station, 2011 unmodified ten-minute observational data. AMRDC Data Repository, accessed DD-MM-YYYY, https://doi.org/10.48567/t8qe-th29.",https://doi.org/10.48567/t8qe-th29,"<a href=""https://www.nsf.gov/awardsearch/showAward?AWD_ID=0636873"">0636873</a>, <a href=""https://www.nsf.gov/awardsearch/showAward?AWD_ID=0944018"">0944018</a>","<a href=""https://orcid.org/0000-0002-4343-498X"">Matthew Lazzara</a>, Gregory Tripoli, George Weidner"
2011,"Emilia Automatic Weather Station, 2011 Reader format three-hour observational data.","Antarctic Meteorological Research and Data Center, 2011: Emilia Automatic Weather Station, 2011 unmodified ten-minute observational data. AMRDC Data Repository, accessed DD-MM-YYYY, https://doi.org/10.48567/7f9y-7838.",https://doi.org/10.48567/7f9y-7838,"<a href=""https://www.nsf.gov/awardsearch/showAward?AWD_ID=0636873"">0636873</a>, <a href=""https://www.nsf.gov/awardsearch/showAward?AWD_ID=0944018"">0944018</a>","<a href=""https://orcid.org/0000-0002-4343-498X"">Matthew Lazzara</a>, Gregory Tripoli, George Weidner"
2011,"Eric Automatic Weather Station, 2011 Reader format three-hour observational data.","Antarctic Meteorological Research and Data Center, 2011: Eric Automatic Weather Station, 2011 unmodified ten-minute observational data. AMRDC Data Repository, accessed DD-MM-YYYY, https://doi.org/10.48567/am9k-q818.",https://doi.org/10.48567/am9k-q818,"<a href=""https://www.nsf.gov/awardsearch/showAward?AWD_ID=0636873"">0636873</a>, <a href=""https://www.nsf.gov/awardsearch/showAward?AWD_ID=0944018"">0944018</a>","<a href=""https://orcid.org/0000-0002-4343-498X"">Matthew Lazzara</a>, Gregory Tripoli, George Weidner"
2011,"Erin Automatic Weather Station, 2011 Reader format three-hour observational data.","Antarctic Meteorological Research and Data Center, 2011: Erin Automatic Weather Station, 2011 unmodified ten-minute observational data. AMRDC Data Repository, accessed DD-MM-YYYY, https://doi.org/10.48567/49mf-e079.",https://doi.org/10.48567/49mf-e079,"<a href=""https://www.nsf.gov/awardsearch/showAward?AWD_ID=0636873"">0636873</a>, <a href=""https://www.nsf.gov/awardsearch/showAward?AWD_ID=0944018"">0944018</a>","<a href=""https://orcid.org/0000-0002-4343-498X"">Matthew Lazzara</a>, Gregory Tripoli, George Weidner"
2011,"Evans Knoll Automatic Weather Station, 2011 Reader format three-hour observational data.","Antarctic Meteorological Research and Data Center, 2011: Evans Knoll Automatic Weather Station, 2011 unmodified ten-minute observational data. AMRDC Data Repository, accessed DD-MM-YYYY, https://doi.org/10.48567/gnk9-ft97.",https://doi.org/10.48567/gnk9-ft97,"<a href=""https://www.nsf.gov/awardsearch/showAward?AWD_ID=0636873"">0636873</a>, <a href=""https://www.nsf.gov/awardsearch/showAward?AWD_ID=0944018"">0944018</a>","<a href=""https://orcid.org/0000-0002-4343-498X"">Matthew Lazzara</a>, Gregory Tripoli, George Weidner"
2011,"Ferrell Automatic Weather Station, 2011 Reader format three-hour observational data.","Antarctic Meteorological Research and Data Center, 2011: Ferrell Automatic Weather Station, 2011 unmodified ten-minute observational data. AMRDC Data Repository, accessed DD-MM-YYYY, https://doi.org/10.48567/eq9x-b611.",https://doi.org/10.48567/eq9x-b611,"<a href=""https://www.nsf.gov/awardsearch/showAward?AWD_ID=0636873"">0636873</a>, <a href=""https://www.nsf.gov/awardsearch/showAward?AWD_ID=0944018"">0944018</a>","<a href=""https://orcid.org/0000-0002-4343-498X"">Matthew Lazzara</a>, Gregory Tripoli, George Weidner"
2011,"Ferrell II Automatic Weather Station, 2011 Reader format three-hour observational data.","Antarctic Meteorological Research and Data Center, 2011: Ferrell II Automatic Weather Station, 2011 unmodified ten-minute observational data. AMRDC Data Repository, accessed DD-MM-YYYY, https://doi.org/10.48567/gmzb-4x31.",https://doi.org/10.48567/gmzb-4x31,"<a href=""https://www.nsf.gov/awardsearch/showAward?AWD_ID=0636873"">0636873</a>, <a href=""https://www.nsf.gov/awardsearch/showAward?AWD_ID=0944018"">0944018</a>","<a href=""https://orcid.org/0000-0002-4343-498X"">Matthew Lazzara</a>, Gregory Tripoli, George Weidner"
2011,"Fossil Bluff Automatic Weather Station, 2011 Reader format three-hour observational data.","Antarctic Meteorological Research and Data Center, 2011: Fossil Bluff Automatic Weather Station, 2011 unmodified ten-minute observational data. AMRDC Data Repository, accessed DD-MM-YYYY, https://doi.org/10.48567/yhhz-e344.",https://doi.org/10.48567/yhhz-e344,"<a href=""https://www.nsf.gov/awardsearch/showAward?AWD_ID=0636873"">0636873</a>, <a href=""https://www.nsf.gov/awardsearch/showAward?AWD_ID=0944018"">0944018</a>","<a href=""https://orcid.org/0000-0002-4343-498X"">Matthew Lazzara</a>, Gregory Tripoli, George Weidner"
2011,"Gill Automatic Weather Station, 2011 Reader format three-hour observational data.","Antarctic Meteorological Research and Data Center, 2011: Gill Automatic Weather Station, 2011 unmodified ten-minute observational data. AMRDC Data Repository, accessed DD-MM-YYYY, https://doi.org/10.48567/hb5x-m347.",https://doi.org/10.48567/hb5x-m347,"<a href=""https://www.nsf.gov/awardsearch/showAward?AWD_ID=0636873"">0636873</a>, <a href=""https://www.nsf.gov/awardsearch/showAward?AWD_ID=0944018"">0944018</a>","<a href=""https://orcid.org/0000-0002-4343-498X"">Matthew Lazzara</a>, Gregory Tripoli, George Weidner"
2011,"Harry Automatic Weather Station, 2011 Reader format three-hour observational data.","Antarctic Meteorological Research and Data Center, 2011: Harry Automatic Weather Station, 2011 unmodified ten-minute observational data. AMRDC Data Repository, accessed DD-MM-YYYY, https://doi.org/10.48567/6v20-xc40.",https://doi.org/10.48567/6v20-xc40,"<a href=""https://www.nsf.gov/awardsearch/showAward?AWD_ID=0636873"">0636873</a>, <a href=""https://www.nsf.gov/awardsearch/showAward?AWD_ID=0944018"">0944018</a>","<a href=""https://orcid.org/0000-0002-4343-498X"">Matthew Lazzara</a>, Gregory Tripoli, George Weidner"
2011,"Henry Automatic Weather Station, 2011 Reader format three-hour observational data.","Antarctic Meteorological Research and Data Center, 2011: Henry Automatic Weather Station, 2011 unmodified ten-minute observational data. AMRDC Data Repository, accessed DD-MM-YYYY, https://doi.org/10.48567/mt09-xv83.",https://doi.org/10.48567/mt09-xv83,"<a href=""https://www.nsf.gov/awardsearch/showAward?AWD_ID=0636873"">0636873</a>, <a href=""https://www.nsf.gov/awardsearch/showAward?AWD_ID=0944018"">0944018</a>","<a href=""https://orcid.org/0000-0002-4343-498X"">Matthew Lazzara</a>, Gregory Tripoli, George Weidner"
2011,"Hugo Island Automatic Weather Station, 2011 Reader format three-hour observational data.","Antarctic Meteorological Research and Data Center, 2011: Hugo Island Automatic Weather Station, 2011 unmodified ten-minute observational data. AMRDC Data Repository, accessed DD-MM-YYYY, https://doi.org/10.48567/c7rc-pm37.",https://doi.org/10.48567/c7rc-pm37,"<a href=""https://www.nsf.gov/awardsearch/showAward?AWD_ID=0636873"">0636873</a>, <a href=""https://www.nsf.gov/awardsearch/showAward?AWD_ID=0944018"">0944018</a>","<a href=""https://orcid.org/0000-0002-4343-498X"">Matthew Lazzara</a>, Gregory Tripoli, George Weidner"
2011,"JASE2007 Automatic Weather Station, 2011 Reader format three-hour observational data.","Antarctic Meteorological Research and Data Center, 2011: JASE2007 Automatic Weather Station, 2011 unmodified ten-minute observational data. AMRDC Data Repository, accessed DD-MM-YYYY, https://doi.org/10.48567/f7j7-8684.",https://doi.org/10.48567/f7j7-8684,"<a href=""https://www.nsf.gov/awardsearch/showAward?AWD_ID=0636873"">0636873</a>, <a href=""https://www.nsf.gov/awardsearch/showAward?AWD_ID=0944018"">0944018</a>","<a href=""https://orcid.org/0000-0002-4343-498X"">Matthew Lazzara</a>, Gregory Tripoli, George Weidner"
2011,"Janet Automatic Weather Station, 2011 Reader format three-hour observational data.","Antarctic Meteorological Research and Data Center, 2011: Janet Automatic Weather Station, 2011 unmodified ten-minute observational data. AMRDC Data Repository, accessed DD-MM-YYYY, https://doi.org/10.48567/pv4a-tw28.",https://doi.org/10.48567/pv4a-tw28,"<a href=""https://www.nsf.gov/awardsearch/showAward?AWD_ID=0636873"">0636873</a>, <a href=""https://www.nsf.gov/awardsearch/showAward?AWD_ID=0944018"">0944018</a>","<a href=""https://orcid.org/0000-0002-4343-498X"">Matthew Lazzara</a>, Gregory Tripoli, George Weidner"
2011,"Kominko-Slade Automatic Weather Station, 2011 Reader format three-hour observational data.","Antarctic Meteorological Research and Data Center, 2011: Kominko-Slade Automatic Weather Station, 2011 unmodified ten-minute observational data. AMRDC Data Repository, accessed DD-MM-YYYY, https://doi.org/10.48567/k2xm-y472.",https://doi.org/10.48567/k2xm-y472,"<a href=""https://www.nsf.gov/awardsearch/showAward?AWD_ID=0636873"">0636873</a>, <a href=""https://www.nsf.gov/awardsearch/showAward?AWD_ID=0944018"">0944018</a>","<a href=""https://orcid.org/0000-0002-4343-498X"">Matthew Lazzara</a>, Gregory Tripoli, George Weidner"
2011,"Larsen Ice Shelf Automatic Weather Station, 2011 Reader format three-hour observational data.","Antarctic Meteorological Research and Data Center, 2011: Larsen Ice Shelf Automatic Weather Station, 2011 unmodified ten-minute observational data. AMRDC Data Repository, accessed DD-MM-YYYY, https://doi.org/10.48567/44a4-7g95.",https://doi.org/10.48567/44a4-7g95,"<a href=""https://www.nsf.gov/awardsearch/showAward?AWD_ID=0636873"">0636873</a>, <a href=""https://www.nsf.gov/awardsearch/showAward?AWD_ID=0944018"">0944018</a>","<a href=""https://orcid.org/0000-0002-4343-498X"">Matthew Lazzara</a>, Gregory Tripoli, George Weidner"
2011,"Laurie II Automatic Weather Station, 2011 Reader format three-hour observational data.","Antarctic Meteorological Research and Data Center, 2011: Laurie II Automatic Weather Station, 2011 unmodified ten-minute observational data. AMRDC Data Repository, accessed DD-MM-YYYY, https://doi.org/10.48567/aa14-km22.",https://doi.org/10.48567/aa14-km22,"<a href=""https://www.nsf.gov/awardsearch/showAward?AWD_ID=0636873"">0636873</a>, <a href=""https://www.nsf.gov/awardsearch/showAward?AWD_ID=0944018"">0944018</a>","<a href=""https://orcid.org/0000-0002-4343-498X"">Matthew Lazzara</a>, Gregory Tripoli, George Weidner"
2011,"Lettau Automatic Weather Station, 2011 Reader format three-hour observational data.","Antarctic Meteorological Research and Data Center, 2011: Lettau Automatic Weather Station, 2011 unmodified ten-minute observational data. AMRDC Data Repository, accessed DD-MM-YYYY, https://doi.org/10.48567/a0h4-af05.",https://doi.org/10.48567/a0h4-af05,"<a href=""https://www.nsf.gov/awardsearch/showAward?AWD_ID=0636873"">0636873</a>, <a href=""https://www.nsf.gov/awardsearch/showAward?AWD_ID=0944018"">0944018</a>","<a href=""https://orcid.org/0000-0002-4343-498X"">Matthew Lazzara</a>, Gregory Tripoli, George Weidner"
2011,"Limbert Automatic Weather Station, 2011 Reader format three-hour observational data.","Antarctic Meteorological Research and Data Center, 2011: Limbert Automatic Weather Station, 2011 unmodified ten-minute observational data. AMRDC Data Repository, accessed DD-MM-YYYY, https://doi.org/10.48567/xagd-np66.",https://doi.org/10.48567/xagd-np66,"<a href=""https://www.nsf.gov/awardsearch/showAward?AWD_ID=0636873"">0636873</a>, <a href=""https://www.nsf.gov/awardsearch/showAward?AWD_ID=0944018"">0944018</a>","<a href=""https://orcid.org/0000-0002-4343-498X"">Matthew Lazzara</a>, Gregory Tripoli, George Weidner"
2011,"Linda Automatic Weather Station, 2011 Reader format three-hour observational data.","Antarctic Meteorological Research and Data Center, 2011: Linda Automatic Weather Station, 2011 unmodified ten-minute observational data. AMRDC Data Repository, accessed DD-MM-YYYY, https://doi.org/10.48567/tsdm-e481.",https://doi.org/10.48567/tsdm-e481,"<a href=""https://www.nsf.gov/awardsearch/showAward?AWD_ID=0636873"">0636873</a>, <a href=""https://www.nsf.gov/awardsearch/showAward?AWD_ID=0944018"">0944018</a>","<a href=""https://orcid.org/0000-0002-4343-498X"">Matthew Lazzara</a>, Gregory Tripoli, George Weidner"
2011,"Lorne Automatic Weather Station, 2011 Reader format three-hour observational data.","Antarctic Meteorological Research and Data Center, 2011: Lorne Automatic Weather Station, 2011 unmodified ten-minute observational data. AMRDC Data Repository, accessed DD-MM-YYYY, https://doi.org/10.48567/zqth-8p14.",https://doi.org/10.48567/zqth-8p14,"<a href=""https://www.nsf.gov/awardsearch/showAward?AWD_ID=0636873"">0636873</a>, <a href=""https://www.nsf.gov/awardsearch/showAward?AWD_ID=0944018"">0944018</a>","<a href=""https://orcid.org/0000-0002-4343-498X"">Matthew Lazzara</a>, Gregory Tripoli, George Weidner"
2011,"Manuela Automatic Weather Station, 2011 Reader format three-hour observational data.","Antarctic Meteorological Research and Data Center, 2011: Manuela Automatic Weather Station, 2011 unmodified ten-minute observational data. AMRDC Data Repository, accessed DD-MM-YYYY, https://doi.org/10.48567/vpwa-3n84.",https://doi.org/10.48567/vpwa-3n84,"<a href=""https://www.nsf.gov/awardsearch/showAward?AWD_ID=0636873"">0636873</a>, <a href=""https://www.nsf.gov/awardsearch/showAward?AWD_ID=0944018"">0944018</a>","<a href=""https://orcid.org/0000-0002-4343-498X"">Matthew Lazzara</a>, Gregory Tripoli, George Weidner"
2011,"Marble Point Automatic Weather Station, 2011 Reader format three-hour observational data.","Antarctic Meteorological Research and Data Center, 2011: Marble Point Automatic Weather Station, 2011 unmodified ten-minute observational data. AMRDC Data Repository, accessed DD-MM-YYYY, https://doi.org/10.48567/f5vt-9c33.",https://doi.org/10.48567/f5vt-9c33,"<a href=""https://www.nsf.gov/awardsearch/showAward?AWD_ID=0636873"">0636873</a>, <a href=""https://www.nsf.gov/awardsearch/showAward?AWD_ID=0944018"">0944018</a>","<a href=""https://orcid.org/0000-0002-4343-498X"">Matthew Lazzara</a>, Gregory Tripoli, George Weidner"
2011,"Margaret Automatic Weather Station, 2011 Reader format three-hour observational data.","Antarctic Meteorological Research and Data Center, 2011: Margaret Automatic Weather Station, 2011 unmodified ten-minute observational data. AMRDC Data Repository, accessed DD-MM-YYYY, https://doi.org/10.48567/r4ng-cg34.",https://doi.org/10.48567/r4ng-cg34,"<a href=""https://www.nsf.gov/awardsearch/showAward?AWD_ID=0636873"">0636873</a>, <a href=""https://www.nsf.gov/awardsearch/showAward?AWD_ID=0944018"">0944018</a>","<a href=""https://orcid.org/0000-0002-4343-498X"">Matthew Lazzara</a>, Gregory Tripoli, George Weidner"
2011,"Marilyn Automatic Weather Station, 2011 Reader format three-hour observational data.","Antarctic Meteorological Research and Data Center, 2011: Marilyn Automatic Weather Station, 2011 unmodified ten-minute observational data. AMRDC Data Repository, accessed DD-MM-YYYY, https://doi.org/10.48567/m8er-5h97.",https://doi.org/10.48567/m8er-5h97,"<a href=""https://www.nsf.gov/awardsearch/showAward?AWD_ID=0636873"">0636873</a>, <a href=""https://www.nsf.gov/awardsearch/showAward?AWD_ID=0944018"">0944018</a>","<a href=""https://orcid.org/0000-0002-4343-498X"">Matthew Lazzara</a>, Gregory Tripoli, George Weidner"
2011,"Marlene Automatic Weather Station, 2011 Reader format three-hour observational data.","Antarctic Meteorological Research and Data Center, 2011: Marlene Automatic Weather Station, 2011 unmodified ten-minute observational data. AMRDC Data Repository, accessed DD-MM-YYYY, https://doi.org/10.48567/pypr-cp40.",https://doi.org/10.48567/pypr-cp40,"<a href=""https://www.nsf.gov/awardsearch/showAward?AWD_ID=0636873"">0636873</a>, <a href=""https://www.nsf.gov/awardsearch/showAward?AWD_ID=0944018"">0944018</a>","<a href=""https://orcid.org/0000-0002-4343-498X"">Matthew Lazzara</a>, Gregory Tripoli, George Weidner"
2011,"Mary Automatic Weather Station, 2011 Reader format three-hour observational data.","Antarctic Meteorological Research and Data Center, 2011: Mary Automatic Weather Station, 2011 unmodified ten-minute observational data. AMRDC Data Repository, accessed DD-MM-YYYY, https://doi.org/10.48567/yb0b-zv91.",https://doi.org/10.48567/yb0b-zv91,"<a href=""https://www.nsf.gov/awardsearch/showAward?AWD_ID=0636873"">0636873</a>, <a href=""https://www.nsf.gov/awardsearch/showAward?AWD_ID=0944018"">0944018</a>","<a href=""https://orcid.org/0000-0002-4343-498X"">Matthew Lazzara</a>, Gregory Tripoli, George Weidner"
2011,"Minna Bluff Automatic Weather Station, 2011 Reader format three-hour observational data.","Antarctic Meteorological Research and Data Center, 2011: Minna Bluff Automatic Weather Station, 2011 unmodified ten-minute observational data. AMRDC Data Repository, accessed DD-MM-YYYY, https://doi.org/10.48567/k2s0-fg38.",https://doi.org/10.48567/k2s0-fg38,"<a href=""https://www.nsf.gov/awardsearch/showAward?AWD_ID=0636873"">0636873</a>, <a href=""https://www.nsf.gov/awardsearch/showAward?AWD_ID=0944018"">0944018</a>","<a href=""https://orcid.org/0000-0002-4343-498X"">Matthew Lazzara</a>, Gregory Tripoli, George Weidner"
2011,"Mizuho Automatic Weather Station, 2011 Reader format three-hour observational data.","Antarctic Meteorological Research and Data Center, 2011: Mizuho Automatic Weather Station, 2011 unmodified ten-minute observational data. AMRDC Data Repository, accessed DD-MM-YYYY, https://doi.org/10.48567/7gh2-ya58.",https://doi.org/10.48567/7gh2-ya58,"<a href=""https://www.nsf.gov/awardsearch/showAward?AWD_ID=0636873"">0636873</a>, <a href=""https://www.nsf.gov/awardsearch/showAward?AWD_ID=0944018"">0944018</a>","<a href=""https://orcid.org/0000-0002-4343-498X"">Matthew Lazzara</a>, Gregory Tripoli, George Weidner"
2011,"Mount Fleming Automatic Weather Station, 2011 Reader format three-hour observational data.","Antarctic Meteorological Research and Data Center, 2011: Mount Fleming Automatic Weather Station, 2011 unmodified ten-minute observational data. AMRDC Data Repository, accessed DD-MM-YYYY, https://doi.org/10.48567/5paq-my65.",https://doi.org/10.48567/5paq-my65,"<a href=""https://www.nsf.gov/awardsearch/showAward?AWD_ID=0636873"">0636873</a>, <a href=""https://www.nsf.gov/awardsearch/showAward?AWD_ID=0944018"">0944018</a>","<a href=""https://orcid.org/0000-0002-4343-498X"">Matthew Lazzara</a>, Gregory Tripoli, George Weidner"
2011,"Mount Siple Automatic Weather Station, 2011 Reader format three-hour observational data.","Antarctic Meteorological Research and Data Center, 2011: Mount Siple Automatic Weather Station, 2011 unmodified ten-minute observational data. AMRDC Data Repository, accessed DD-MM-YYYY, https://doi.org/10.48567/chx1-1c69.",https://doi.org/10.48567/chx1-1c69,"<a href=""https://www.nsf.gov/awardsearch/showAward?AWD_ID=0636873"">0636873</a>, <a href=""https://www.nsf.gov/awardsearch/showAward?AWD_ID=0944018"">0944018</a>","<a href=""https://orcid.org/0000-0002-4343-498X"">Matthew Lazzara</a>, Gregory Tripoli, George Weidner"
2011,"Mulock Automatic Weather Station, 2011 Reader format three-hour observational data.","Antarctic Meteorological Research and Data Center, 2011: Mulock Automatic Weather Station, 2011 unmodified ten-minute observational data. AMRDC Data Repository, accessed DD-MM-YYYY, https://doi.org/10.48567/4qc9-a945.",https://doi.org/10.48567/4qc9-a945,"<a href=""https://www.nsf.gov/awardsearch/showAward?AWD_ID=0636873"">0636873</a>, <a href=""https://www.nsf.gov/awardsearch/showAward?AWD_ID=0944018"">0944018</a>","<a href=""https://orcid.org/0000-0002-4343-498X"">Matthew Lazzara</a>, Gregory Tripoli, George Weidner"
2011,"Nico Automatic Weather Station, 2011 Reader format three-hour observational data.","Antarctic Meteorological Research and Data Center, 2011: Nico Automatic Weather Station, 2011 unmodified ten-minute observational data. AMRDC Data Repository, accessed DD-MM-YYYY, https://doi.org/10.48567/1njj-f222.",https://doi.org/10.48567/1njj-f222,"<a href=""https://www.nsf.gov/awardsearch/showAward?AWD_ID=0636873"">0636873</a>, <a href=""https://www.nsf.gov/awardsearch/showAward?AWD_ID=0944018"">0944018</a>","<a href=""https://orcid.org/0000-0002-4343-498X"">Matthew Lazzara</a>, Gregory Tripoli, George Weidner"
2011,"PANDA-South Automatic Weather Station, 2011 Reader format three-hour observational data.","Antarctic Meteorological Research and Data Center, 2011: PANDA-South Automatic Weather Station, 2011 unmodified ten-minute observational data. AMRDC Data Repository, accessed DD-MM-YYYY, https://doi.org/10.48567/mxs6-4p12.",https://doi.org/10.48567/mxs6-4p12,"<a href=""https://www.nsf.gov/awardsearch/showAward?AWD_ID=0636873"">0636873</a>, <a href=""https://www.nsf.gov/awardsearch/showAward?AWD_ID=0944018"">0944018</a>","<a href=""https://orcid.org/0000-0002-4343-498X"">Matthew Lazzara</a>, Gregory Tripoli, George Weidner"
2011,"Pegasus North Automatic Weather Station, 2011 Reader format three-hour observational data.","Antarctic Meteorological Research and Data Center, 2011: Pegasus North Automatic Weather Station, 2011 unmodified ten-minute observational data. AMRDC Data Repository, accessed DD-MM-YYYY, https://doi.org/10.48567/akxw-x173.",https://doi.org/10.48567/akxw-x173,"<a href=""https://www.nsf.gov/awardsearch/showAward?AWD_ID=0636873"">0636873</a>, <a href=""https://www.nsf.gov/awardsearch/showAward?AWD_ID=0944018"">0944018</a>","<a href=""https://orcid.org/0000-0002-4343-498X"">Matthew Lazzara</a>, Gregory Tripoli, George Weidner"
2011,"Possession Island Automatic Weather Station, 2011 Reader format three-hour observational data.","Antarctic Meteorological Research and Data Center, 2011: Possession Island Automatic Weather Station, 2011 unmodified ten-minute observational data. AMRDC Data Repository, accessed DD-MM-YYYY, https://doi.org/10.48567/90yj-mj83.",https://doi.org/10.48567/90yj-mj83,"<a href=""https://www.nsf.gov/awardsearch/showAward?AWD_ID=0636873"">0636873</a>, <a href=""https://www.nsf.gov/awardsearch/showAward?AWD_ID=0944018"">0944018</a>","<a href=""https://orcid.org/0000-0002-4343-498X"">Matthew Lazzara</a>, Gregory Tripoli, George Weidner"
2011,"Relay Station Automatic Weather Station, 2011 Reader format three-hour observational data.","Antarctic Meteorological Research and Data Center, 2011: Relay Station Automatic Weather Station, 2011 unmodified ten-minute observational data. AMRDC Data Repository, accessed DD-MM-YYYY, https://doi.org/10.48567/djzm-p054.",https://doi.org/10.48567/djzm-p054,"<a href=""https://www.nsf.gov/awardsearch/showAward?AWD_ID=0636873"">0636873</a>, <a href=""https://www.nsf.gov/awardsearch/showAward?AWD_ID=0944018"">0944018</a>","<a href=""https://orcid.org/0000-0002-4343-498X"">Matthew Lazzara</a>, Gregory Tripoli, George Weidner"
2011,"Sabrina Automatic Weather Station, 2011 Reader format three-hour observational data.","Antarctic Meteorological Research and Data Center, 2011: Sabrina Automatic Weather Station, 2011 unmodified ten-minute observational data. AMRDC Data Repository, accessed DD-MM-YYYY, https://doi.org/10.48567/g2v5-xy66.",https://doi.org/10.48567/g2v5-xy66,"<a href=""https://www.nsf.gov/awardsearch/showAward?AWD_ID=0636873"">0636873</a>, <a href=""https://www.nsf.gov/awardsearch/showAward?AWD_ID=0944018"">0944018</a>","<a href=""https://orcid.org/0000-0002-4343-498X"">Matthew Lazzara</a>, Gregory Tripoli, George Weidner"
2011,"Schwerdtfeger Automatic Weather Station, 2011 Reader format three-hour observational data.","Antarctic Meteorological Research and Data Center, 2011: Schwerdtfeger Automatic Weather Station, 2011 unmodified ten-minute observational data. AMRDC Data Repository, accessed DD-MM-YYYY, https://doi.org/10.48567/mnhh-1c06.",https://doi.org/10.48567/mnhh-1c06,"<a href=""https://www.nsf.gov/awardsearch/showAward?AWD_ID=0636873"">0636873</a>, <a href=""https://www.nsf.gov/awardsearch/showAward?AWD_ID=0944018"">0944018</a>","<a href=""https://orcid.org/0000-0002-4343-498X"">Matthew Lazzara</a>, Gregory Tripoli, George Weidner"
2011,"Siple Dome Automatic Weather Station, 2011 Reader format three-hour observational data.","Antarctic Meteorological Research and Data Center, 2011: Siple Dome Automatic Weather Station, 2011 unmodified ten-minute observational data. AMRDC Data Repository, accessed DD-MM-YYYY, https://doi.org/10.48567/nata-dv51.",https://doi.org/10.48567/nata-dv51,"<a href=""https://www.nsf.gov/awardsearch/showAward?AWD_ID=0636873"">0636873</a>, <a href=""https://www.nsf.gov/awardsearch/showAward?AWD_ID=0944018"">0944018</a>","<a href=""https://orcid.org/0000-0002-4343-498X"">Matthew Lazzara</a>, Gregory Tripoli, George Weidner"
2011,"Sky Blu Automatic Weather Station, 2011 Reader format three-hour observational data.","Antarctic Meteorological Research and Data Center, 2011: Sky Blu Automatic Weather Station, 2011 unmodified ten-minute observational data. AMRDC Data Repository, accessed DD-MM-YYYY, https://doi.org/10.48567/n6hj-qc45.",https://doi.org/10.48567/n6hj-qc45,"<a href=""https://www.nsf.gov/awardsearch/showAward?AWD_ID=0636873"">0636873</a>, <a href=""https://www.nsf.gov/awardsearch/showAward?AWD_ID=0944018"">0944018</a>","<a href=""https://orcid.org/0000-0002-4343-498X"">Matthew Lazzara</a>, Gregory Tripoli, George Weidner"
2011,"Swithinbank Automatic Weather Station, 2011 Reader format three-hour observational data.","Antarctic Meteorological Research and Data Center, 2011: Swithinbank Automatic Weather Station, 2011 unmodified ten-minute observational data. AMRDC Data Repository, accessed DD-MM-YYYY, https://doi.org/10.48567/w6jk-4k36.",https://doi.org/10.48567/w6jk-4k36,"<a href=""https://www.nsf.gov/awardsearch/showAward?AWD_ID=0636873"">0636873</a>, <a href=""https://www.nsf.gov/awardsearch/showAward?AWD_ID=0944018"">0944018</a>","<a href=""https://orcid.org/0000-0002-4343-498X"">Matthew Lazzara</a>, Gregory Tripoli, George Weidner"
2011,"Theresa Automatic Weather Station, 2011 Reader format three-hour observational data.","Antarctic Meteorological Research and Data Center, 2011: Theresa Automatic Weather Station, 2011 unmodified ten-minute observational data. AMRDC Data Repository, accessed DD-MM-YYYY, https://doi.org/10.48567/pkb8-0t78.",https://doi.org/10.48567/pkb8-0t78,"<a href=""https://www.nsf.gov/awardsearch/showAward?AWD_ID=0636873"">0636873</a>, <a href=""https://www.nsf.gov/awardsearch/showAward?AWD_ID=0944018"">0944018</a>","<a href=""https://orcid.org/0000-0002-4343-498X"">Matthew Lazzara</a>, Gregory Tripoli, George Weidner"
2011,"Thurston Island Automatic Weather Station, 2011 Reader format three-hour observational data.","Antarctic Meteorological Research and Data Center, 2011: Thurston Island Automatic Weather Station, 2011 unmodified ten-minute observational data. AMRDC Data Repository, accessed DD-MM-YYYY, https://doi.org/10.48567/km8t-jw80.",https://doi.org/10.48567/km8t-jw80,"<a href=""https://www.nsf.gov/awardsearch/showAward?AWD_ID=0636873"">0636873</a>, <a href=""https://www.nsf.gov/awardsearch/showAward?AWD_ID=0944018"">0944018</a>","<a href=""https://orcid.org/0000-0002-4343-498X"">Matthew Lazzara</a>, Gregory Tripoli, George Weidner"
2011,"Tom Automatic Weather Station, 2011 Reader format three-hour observational data.","Antarctic Meteorological Research and Data Center, 2011: Tom Automatic Weather Station, 2011 unmodified ten-minute observational data. AMRDC Data Repository, accessed DD-MM-YYYY, https://doi.org/10.48567/a56x-pp15.",https://doi.org/10.48567/a56x-pp15,"<a href=""https://www.nsf.gov/awardsearch/showAward?AWD_ID=0636873"">0636873</a>, <a href=""https://www.nsf.gov/awardsearch/showAward?AWD_ID=0944018"">0944018</a>","<a href=""https://orcid.org/0000-0002-4343-498X"">Matthew Lazzara</a>, Gregory Tripoli, George Weidner"
2011,"Vito Automatic Weather Station, 2011 Reader format three-hour observational data.","Antarctic Meteorological Research and Data Center, 2011: Vito Automatic Weather Station, 2011 unmodified ten-minute observational data. AMRDC Data Repository, accessed DD-MM-YYYY, https://doi.org/10.48567/66ex-tx97.",https://doi.org/10.48567/66ex-tx97,"<a href=""https://www.nsf.gov/awardsearch/showAward?AWD_ID=0636873"">0636873</a>, <a href=""https://www.nsf.gov/awardsearch/showAward?AWD_ID=0944018"">0944018</a>","<a href=""https://orcid.org/0000-0002-4343-498X"">Matthew Lazzara</a>, Gregory Tripoli, George Weidner"
2011,"Whitlock Automatic Weather Station, 2011 Reader format three-hour observational data.","Antarctic Meteorological Research and Data Center, 2011: Whitlock Automatic Weather Station, 2011 unmodified ten-minute observational data. AMRDC Data Repository, accessed DD-MM-YYYY, https://doi.org/10.48567/anpf-g591.",https://doi.org/10.48567/anpf-g591,"<a href=""https://www.nsf.gov/awardsearch/showAward?AWD_ID=0636873"">0636873</a>, <a href=""https://www.nsf.gov/awardsearch/showAward?AWD_ID=0944018"">0944018</a>","<a href=""https://orcid.org/0000-0002-4343-498X"">Matthew Lazzara</a>, Gregory Tripoli, George Weidner"
2011,"Windless Bight Automatic Weather Station, 2011 Reader format three-hour observational data.","Antarctic Meteorological Research and Data Center, 2011: Windless Bight Automatic Weather Station, 2011 unmodified ten-minute observational data. AMRDC Data Repository, accessed DD-MM-YYYY, https://doi.org/10.48567/510v-f504.",https://doi.org/10.48567/510v-f504,"<a href=""https://www.nsf.gov/awardsearch/showAward?AWD_ID=0636873"">0636873</a>, <a href=""https://www.nsf.gov/awardsearch/showAward?AWD_ID=0944018"">0944018</a>","<a href=""https://orcid.org/0000-0002-4343-498X"">Matthew Lazzara</a>, Gregory Tripoli, George Weidner"