1994,"GISP2 Automatic Weather Station, Greenland, 1994 Reader format three-hour observational data.","Antarctic Meteorological Research and Data Center, 1994: GISP2 Automatic Weather Station, Greenland, 1994 Reader format three-hour observational data. AMRDC Data Repository, accessed DD-MM-YYYY, https://doi.org/10.48567/x6zg-9g80.",https://doi.org/10.48567/x6zg-9g80,"<a href=""https://www.nsf.gov/awardsearch/showAward?AWD_ID=9303569"">9303569</a>, <a href=""https://www.nsf.gov/awardsearch/showAward?AWD_ID=9015586"">9015586</a>",Charles Stearns
1994,"Julie Automatic Weather Station, Greenland, 1994 Reader format three-hour observational data.","Antarctic Meteorological Research and Data Center, 1994: Julie Automatic Weather Station, Greenland, 1994 Reader format three-hour observational data. AMRDC Data Repository, accessed DD-MM-YYYY, https://doi.org/10.48567/80wk-4n73.",https://doi.org/10.48567/80wk-4n73,"<a href=""https://www.nsf.gov/awardsearch/showAward?AWD_ID=9303569"">9303569</a>, <a href=""https://www.nsf.gov/awardsearch/showAward?AWD_ID=9015586"">9015586</a>",Charles Stearns
1994,"Klinck Automatic Weather Station, Greenland, 1994 Reader format three-hour observational data.","Antarctic Meteorological Research and Data Center, 1994: Klinck Automatic Weather Station, Greenland, 1994 Reader format three-hour observational data. AMRDC Data Repository, accessed DD-MM-YYYY, https://doi.org/10.48567/vk7n-fj56.",https://doi.org/10.48567/vk7n-fj56,"<a href=""https://www.nsf.gov/awardsearch/showAward?AWD_ID=9303569"">9303569</a>, <a href=""https://www.nsf.gov/awardsearch/showAward?AWD_ID=9015586"">9015586</a>",Charles Stearns
1994,"Matt Automatic Weather Station, Greenland, 1994 Reader format three-hour observational data.","Antarctic Meteorological Research and Data Center, 1994: Matt Automatic Weather Station, Greenland, 1994 Reader format three-hour observational data. AMRDC Data Repository, accessed DD-MM-YYYY, https://doi.org/10.48567/v3wg-wh73.",https://doi.org/10.48567/v3wg-wh73,"<a href=""https://www.nsf.gov/awardsearch/showAward?AWD_ID=9303569"">9303569</a>, <a href=""https://www.nsf.gov/awardsearch/showAward?AWD_ID=9015586"">9015586</a>",Charles Stearns
1994,"Barber Automatic Weather Station, Greenland, 1994 Reader format three-hour observational data.","Antarctic Meteorological Research and Data Center, 1994: Barber Automatic Weather Station, Greenland, 1994 Reader format three-hour observational data. AMRDC Data Repository, accessed DD-MM-YYYY, https://doi.org/10.48567/878v-m560.",https://doi.org/10.48567/878v-m560,"<a href=""https://www.nsf.gov/awardsearch/showAward?AWD_ID=9303569"">9303569</a>, <a href=""https://www.nsf.gov/awardsearch/showAward?AWD_ID=9015586"">9015586</a>",Charles Stearns
1994,"Kenton Automatic Weather Station, Greenland, 1994 Reader format three-hour observational data.","Antarctic Meteorological Research and Data Center, 1994: Kenton Automatic Weather Station, Greenland, 1994 Reader format three-hour observational data. AMRDC Data Repository, accessed DD-MM-YYYY, https://doi.org/10.48567/e34j-1t67.",https://doi.org/10.48567/e34j-1t67,"<a href=""https://www.nsf.gov/awardsearch/showAward?AWD_ID=9303569"">9303569</a>, <a href=""https://www.nsf.gov/awardsearch/showAward?AWD_ID=9015586"">9015586</a>",Charles Stearns
