1990,"GISP2 Automatic Weather Station, Greenland, 1990 unmodified ten-minute observational data.","Antarctic Meteorological Research and Data Center, 1990: GISP2 Automatic Weather Station, Greenland, 1990 unmodified ten-minute observational data. AMRDC Data Repository, accessed DD-MM-YYYY, https://doi.org/10.48567/g6kg-kq22.",https://doi.org/10.48567/g6kg-kq22,"<a href=""https://www.nsf.gov/awardsearch/showAward?AWD_ID=9015586"">9015586</a>, <a href=""https://www.nsf.gov/awardsearch/showAward?AWD_ID=8818171"">8818171</a>",Charles Stearns
1990,"Klinck Automatic Weather Station, Greenland, 1990 unmodified ten-minute observational data.","Antarctic Meteorological Research and Data Center, 1990: Klinck Automatic Weather Station, Greenland, 1990 unmodified ten-minute observational data. AMRDC Data Repository, accessed DD-MM-YYYY, https://doi.org/10.48567/vv94-m893.",https://doi.org/10.48567/vv94-m893,"<a href=""https://www.nsf.gov/awardsearch/showAward?AWD_ID=9015586"">9015586</a>, <a href=""https://www.nsf.gov/awardsearch/showAward?AWD_ID=8818171"">8818171</a>",Charles Stearns
1990,"Barber Automatic Weather Station, Greenland, 1990 unmodified ten-minute observational data.","Antarctic Meteorological Research and Data Center, 1990: Barber Automatic Weather Station, Greenland, 1990 unmodified ten-minute observational data. AMRDC Data Repository, accessed DD-MM-YYYY, https://doi.org/10.48567/y9ry-aq82.",https://doi.org/10.48567/y9ry-aq82,"<a href=""https://www.nsf.gov/awardsearch/showAward?AWD_ID=9015586"">9015586</a>, <a href=""https://www.nsf.gov/awardsearch/showAward?AWD_ID=8818171"">8818171</a>",Charles Stearns
1990,"Kenton Automatic Weather Station, Greenland, 1990 unmodified ten-minute observational data.","Antarctic Meteorological Research and Data Center, 1990: Kenton Automatic Weather Station, Greenland, 1990 unmodified ten-minute observational data. AMRDC Data Repository, accessed DD-MM-YYYY, https://doi.org/10.48567/114f-yk76.",https://doi.org/10.48567/114f-yk76,"<a href=""https://www.nsf.gov/awardsearch/showAward?AWD_ID=9015586"">9015586</a>, <a href=""https://www.nsf.gov/awardsearch/showAward?AWD_ID=8818171"">8818171</a>",Charles Stearns
1990,"GRIP Automatic Weather Station, Greenland, 1990 unmodified ten-minute observational data.","Antarctic Meteorological Research and Data Center, 1990: GRIP Automatic Weather Station, Greenland, 1990 unmodified ten-minute observational data. AMRDC Data Repository, accessed DD-MM-YYYY, https://doi.org/10.48567/aps0-5h96.",https://doi.org/10.48567/aps0-5h96,"<a href=""https://www.nsf.gov/awardsearch/showAward?AWD_ID=9015586"">9015586</a>, <a href=""https://www.nsf.gov/awardsearch/showAward?AWD_ID=8818171"">8818171</a>",Charles Stearns
